ISO-10303-21;
HEADER;
FILE_DESCRIPTION(('FreeCAD Model'),'2;1');
FILE_NAME('Open CASCADE Shape Model','2026-09-27T12:58:47',('FreeCAD'),(
    'FreeCAD'),'Open CASCADE STEP processor 7.8','FreeCAD','Unknown');
FILE_SCHEMA(('AUTOMOTIVE_DESIGN { 1 0 10303 214 1 1 1 1 }'));
ENDSEC;
DATA;
#1 = APPLICATION_PROTOCOL_DEFINITION('international standard',
  'automotive_design',2000,#2);
#2 = APPLICATION_CONTEXT(
  'core data for automotive mechanical design processes');
#3 = SHAPE_DEFINITION_REPRESENTATION(#4,#10);
#4 = PRODUCT_DEFINITION_SHAPE('','',#5);
#5 = PRODUCT_DEFINITION('design','',#6,#9);
#6 = PRODUCT_DEFINITION_FORMATION('','',#7);
#7 = PRODUCT('Open CASCADE STEP translator 7.8 1',
  'Open CASCADE STEP translator 7.8 1','',(#8));
#8 = PRODUCT_CONTEXT('',#2,'mechanical');
#9 = PRODUCT_DEFINITION_CONTEXT('part definition',#2,'design');
#10 = SHAPE_REPRESENTATION('',(#11,#15,#5997,#7502,#7736),#11117);
#11 = AXIS2_PLACEMENT_3D('',#12,#13,#14);
#12 = CARTESIAN_POINT('',(0.,0.,0.));
#13 = DIRECTION('',(0.,0.,1.));
#14 = DIRECTION('',(1.,0.,-0.));
#15 = MANIFOLD_SOLID_BREP('',#16);
#16 = CLOSED_SHELL('',(#17,#57,#88,#144,#216,#249,#280,#313,#344,#376,
    #400,#432,#456,#487,#586,#611,#832,#849,#948,#1047,#1064,#1106,#1118
    ,#1151,#1175,#1192,#1217,#1258,#1276,#1318,#1335,#1360,#1377,#1407,
    #1430,#1453,#1477,#1501,#1524,#1547,#1565,#1595,#1618,#1641,#1665,
    #1689,#1712,#1735,#1753,#1778,#1803,#1828,#1869,#1894,#1911,#1944,
    #1968,#1993,#2017,#2042,#2066,#2092,#2153,#2380,#2463,#2488,#2505,
    #2537,#2561,#2585,#2610,#2635,#2659,#2683,#2701,#2733,#2757,#2781,
    #2806,#2831,#2855,#2879,#2897,#3064,#3109,#3198,#3235,#3321,#3352,
    #3368,#3385,#3396,#3420,#3499,#3797,#3830,#3861,#3885,#3910,#4004,
    #4021,#4043,#4060,#4077,#4094,#4111,#4128,#4145,#4157,#4179,#4196,
    #4213,#4230,#4247,#4264,#4281,#4293,#4315,#4332,#4349,#4366,#4383,
    #4400,#4417,#4429,#4441,#4465,#4489,#4536,#4560,#4591,#4608,#4690,
    #4714,#4731,#4748,#4773,#4798,#4839,#4863,#4880,#4902,#4919,#4936,
    #4953,#4970,#4987,#5004,#5016,#5054,#5078,#5109,#5133,#5157,#5174,
    #5198,#5210,#5227,#5243,#5254,#5263,#5272,#5283,#5300,#5368,#5396,
    #5416,#5441,#5450,#5586,#5617,#5653,#5678,#5687,#5718,#5754,#5779,
    #5788,#5819,#5855,#5880,#5889,#5908,#5927,#5941,#5955,#5969,#5983));
#17 = ADVANCED_FACE('',(#18),#52,.F.);
#18 = FACE_BOUND('',#19,.F.);
#19 = EDGE_LOOP('',(#20,#30,#38,#46));
#20 = ORIENTED_EDGE('',*,*,#21,.F.);
#21 = EDGE_CURVE('',#22,#24,#26,.T.);
#22 = VERTEX_POINT('',#23);
#23 = CARTESIAN_POINT('',(89.4,1.8,27.45));
#24 = VERTEX_POINT('',#25);
#25 = CARTESIAN_POINT('',(89.4,3.6,27.45));
#26 = LINE('',#27,#28);
#27 = CARTESIAN_POINT('',(89.4,1.79,27.45));
#28 = VECTOR('',#29,1.);
#29 = DIRECTION('',(0.,1.,0.));
#30 = ORIENTED_EDGE('',*,*,#31,.F.);
#31 = EDGE_CURVE('',#32,#22,#34,.T.);
#32 = VERTEX_POINT('',#33);
#33 = CARTESIAN_POINT('',(89.4,1.8,25.85));
#34 = LINE('',#35,#36);
#35 = CARTESIAN_POINT('',(89.4,1.8,29.3));
#36 = VECTOR('',#37,1.);
#37 = DIRECTION('',(0.,0.,1.));
#38 = ORIENTED_EDGE('',*,*,#39,.T.);
#39 = EDGE_CURVE('',#32,#40,#42,.T.);
#40 = VERTEX_POINT('',#41);
#41 = CARTESIAN_POINT('',(89.4,3.6,25.85));
#42 = LINE('',#43,#44);
#43 = CARTESIAN_POINT('',(89.4,1.79,25.85));
#44 = VECTOR('',#45,1.);
#45 = DIRECTION('',(0.,1.,0.));
#46 = ORIENTED_EDGE('',*,*,#47,.T.);
#47 = EDGE_CURVE('',#40,#24,#48,.T.);
#48 = LINE('',#49,#50);
#49 = CARTESIAN_POINT('',(89.4,3.6,25.85));
#50 = VECTOR('',#51,1.);
#51 = DIRECTION('',(0.,0.,1.));
#52 = PLANE('',#53);
#53 = AXIS2_PLACEMENT_3D('',#54,#55,#56);
#54 = CARTESIAN_POINT('',(89.4,1.79,25.85));
#55 = DIRECTION('',(1.,0.,0.));
#56 = DIRECTION('',(0.,0.,1.));
#57 = ADVANCED_FACE('',(#58),#83,.F.);
#58 = FACE_BOUND('',#59,.F.);
#59 = EDGE_LOOP('',(#60,#61,#69,#77));
#60 = ORIENTED_EDGE('',*,*,#39,.F.);
#61 = ORIENTED_EDGE('',*,*,#62,.F.);
#62 = EDGE_CURVE('',#63,#32,#65,.T.);
#63 = VERTEX_POINT('',#64);
#64 = CARTESIAN_POINT('',(95.25,1.8,25.85));
#65 = LINE('',#66,#67);
#66 = CARTESIAN_POINT('',(75.325,1.8,25.85));
#67 = VECTOR('',#68,1.);
#68 = DIRECTION('',(-1.,0.,0.));
#69 = ORIENTED_EDGE('',*,*,#70,.F.);
#70 = EDGE_CURVE('',#71,#63,#73,.T.);
#71 = VERTEX_POINT('',#72);
#72 = CARTESIAN_POINT('',(95.25,3.6,25.85));
#73 = LINE('',#74,#75);
#74 = CARTESIAN_POINT('',(95.25,1.795,25.85));
#75 = VECTOR('',#76,1.);
#76 = DIRECTION('',(0.,-1.,0.));
#77 = ORIENTED_EDGE('',*,*,#78,.F.);
#78 = EDGE_CURVE('',#40,#71,#79,.T.);
#79 = LINE('',#80,#81);
#80 = CARTESIAN_POINT('',(89.4,3.6,25.85));
#81 = VECTOR('',#82,1.);
#82 = DIRECTION('',(1.,0.,0.));
#83 = PLANE('',#84);
#84 = AXIS2_PLACEMENT_3D('',#85,#86,#87);
#85 = CARTESIAN_POINT('',(89.4,1.79,25.85));
#86 = DIRECTION('',(0.,0.,1.));
#87 = DIRECTION('',(1.,0.,0.));
#88 = ADVANCED_FACE('',(#89),#139,.T.);
#89 = FACE_BOUND('',#90,.T.);
#90 = EDGE_LOOP('',(#91,#92,#93,#101,#109,#117,#125,#133));
#91 = ORIENTED_EDGE('',*,*,#78,.F.);
#92 = ORIENTED_EDGE('',*,*,#47,.T.);
#93 = ORIENTED_EDGE('',*,*,#94,.T.);
#94 = EDGE_CURVE('',#24,#95,#97,.T.);
#95 = VERTEX_POINT('',#96);
#96 = CARTESIAN_POINT('',(113.45,3.6,27.45));
#97 = LINE('',#98,#99);
#98 = CARTESIAN_POINT('',(89.4,3.6,27.45));
#99 = VECTOR('',#100,1.);
#100 = DIRECTION('',(1.,0.,0.));
#101 = ORIENTED_EDGE('',*,*,#102,.F.);
#102 = EDGE_CURVE('',#103,#95,#105,.T.);
#103 = VERTEX_POINT('',#104);
#104 = CARTESIAN_POINT('',(113.45,3.6,25.85));
#105 = LINE('',#106,#107);
#106 = CARTESIAN_POINT('',(113.45,3.6,25.85));
#107 = VECTOR('',#108,1.);
#108 = DIRECTION('',(0.,0.,1.));
#109 = ORIENTED_EDGE('',*,*,#110,.F.);
#110 = EDGE_CURVE('',#111,#103,#113,.T.);
#111 = VERTEX_POINT('',#112);
#112 = CARTESIAN_POINT('',(101.5,3.6,25.85));
#113 = LINE('',#114,#115);
#114 = CARTESIAN_POINT('',(89.4,3.6,25.85));
#115 = VECTOR('',#116,1.);
#116 = DIRECTION('',(1.,0.,0.));
#117 = ORIENTED_EDGE('',*,*,#118,.T.);
#118 = EDGE_CURVE('',#111,#119,#121,.T.);
#119 = VERTEX_POINT('',#120);
#120 = CARTESIAN_POINT('',(101.5,3.6,25.95));
#121 = LINE('',#122,#123);
#122 = CARTESIAN_POINT('',(101.5,3.6,25.3));
#123 = VECTOR('',#124,1.);
#124 = DIRECTION('',(0.,0.,1.));
#125 = ORIENTED_EDGE('',*,*,#126,.T.);
#126 = EDGE_CURVE('',#119,#127,#129,.T.);
#127 = VERTEX_POINT('',#128);
#128 = CARTESIAN_POINT('',(95.25,3.6,25.95));
#129 = LINE('',#130,#131);
#130 = CARTESIAN_POINT('',(92.325,3.6,25.95));
#131 = VECTOR('',#132,1.);
#132 = DIRECTION('',(-1.,0.,0.));
#133 = ORIENTED_EDGE('',*,*,#134,.F.);
#134 = EDGE_CURVE('',#71,#127,#135,.T.);
#135 = LINE('',#136,#137);
#136 = CARTESIAN_POINT('',(95.25,3.6,14.12));
#137 = VECTOR('',#138,1.);
#138 = DIRECTION('',(0.,0.,1.));
#139 = PLANE('',#140);
#140 = AXIS2_PLACEMENT_3D('',#141,#142,#143);
#141 = CARTESIAN_POINT('',(89.4,3.6,25.85));
#142 = DIRECTION('',(0.,1.,0.));
#143 = DIRECTION('',(0.,0.,1.));
#144 = ADVANCED_FACE('',(#145),#211,.T.);
#145 = FACE_BOUND('',#146,.T.);
#146 = EDGE_LOOP('',(#147,#157,#165,#173,#181,#189,#197,#205));
#147 = ORIENTED_EDGE('',*,*,#148,.T.);
#148 = EDGE_CURVE('',#149,#151,#153,.T.);
#149 = VERTEX_POINT('',#150);
#150 = CARTESIAN_POINT('',(7.,1.6,-1.110223024625E-16));
#151 = VERTEX_POINT('',#152);
#152 = CARTESIAN_POINT('',(7.,14.2,9.992007221626E-16));
#153 = LINE('',#154,#155);
#154 = CARTESIAN_POINT('',(7.,0.,0.));
#155 = VECTOR('',#156,1.);
#156 = DIRECTION('',(0.,1.,0.));
#157 = ORIENTED_EDGE('',*,*,#158,.T.);
#158 = EDGE_CURVE('',#151,#159,#161,.T.);
#159 = VERTEX_POINT('',#160);
#160 = CARTESIAN_POINT('',(36.,14.2,0.));
#161 = LINE('',#162,#163);
#162 = CARTESIAN_POINT('',(7.,14.2,0.));
#163 = VECTOR('',#164,1.);
#164 = DIRECTION('',(1.,0.,0.));
#165 = ORIENTED_EDGE('',*,*,#166,.T.);
#166 = EDGE_CURVE('',#159,#167,#169,.T.);
#167 = VERTEX_POINT('',#168);
#168 = CARTESIAN_POINT('',(36.,13.8,0.));
#169 = LINE('',#170,#171);
#170 = CARTESIAN_POINT('',(36.,6.9,0.));
#171 = VECTOR('',#172,1.);
#172 = DIRECTION('',(0.,-1.,0.));
#173 = ORIENTED_EDGE('',*,*,#174,.T.);
#174 = EDGE_CURVE('',#167,#175,#177,.T.);
#175 = VERTEX_POINT('',#176);
#176 = CARTESIAN_POINT('',(44.,13.8,0.));
#177 = LINE('',#178,#179);
#178 = CARTESIAN_POINT('',(21.5,13.8,0.));
#179 = VECTOR('',#180,1.);
#180 = DIRECTION('',(1.,0.,0.));
#181 = ORIENTED_EDGE('',*,*,#182,.F.);
#182 = EDGE_CURVE('',#183,#175,#185,.T.);
#183 = VERTEX_POINT('',#184);
#184 = CARTESIAN_POINT('',(44.,14.2,0.));
#185 = LINE('',#186,#187);
#186 = CARTESIAN_POINT('',(44.,6.9,0.));
#187 = VECTOR('',#188,1.);
#188 = DIRECTION('',(0.,-1.,0.));
#189 = ORIENTED_EDGE('',*,*,#190,.T.);
#190 = EDGE_CURVE('',#183,#191,#193,.T.);
#191 = VERTEX_POINT('',#192);
#192 = CARTESIAN_POINT('',(115.5,14.2,4.440892098501E-16));
#193 = LINE('',#194,#195);
#194 = CARTESIAN_POINT('',(7.,14.2,0.));
#195 = VECTOR('',#196,1.);
#196 = DIRECTION('',(1.,0.,0.));
#197 = ORIENTED_EDGE('',*,*,#198,.F.);
#198 = EDGE_CURVE('',#199,#191,#201,.T.);
#199 = VERTEX_POINT('',#200);
#200 = CARTESIAN_POINT('',(115.5,1.6,-1.110223024625E-16));
#201 = LINE('',#202,#203);
#202 = CARTESIAN_POINT('',(115.5,0.,-3.10862446895E-15));
#203 = VECTOR('',#204,1.);
#204 = DIRECTION('',(0.,1.,0.));
#205 = ORIENTED_EDGE('',*,*,#206,.F.);
#206 = EDGE_CURVE('',#149,#199,#207,.T.);
#207 = LINE('',#208,#209);
#208 = CARTESIAN_POINT('',(7.,1.6,0.));
#209 = VECTOR('',#210,1.);
#210 = DIRECTION('',(1.,0.,0.));
#211 = PLANE('',#212);
#212 = AXIS2_PLACEMENT_3D('',#213,#214,#215);
#213 = CARTESIAN_POINT('',(7.,0.,0.));
#214 = DIRECTION('',(0.,0.,-1.));
#215 = DIRECTION('',(1.,0.,0.));
#216 = ADVANCED_FACE('',(#217),#244,.T.);
#217 = FACE_BOUND('',#218,.T.);
#218 = EDGE_LOOP('',(#219,#229,#236,#237));
#219 = ORIENTED_EDGE('',*,*,#220,.T.);
#220 = EDGE_CURVE('',#221,#223,#225,.T.);
#221 = VERTEX_POINT('',#222);
#222 = CARTESIAN_POINT('',(-1.110223024625E-16,1.6,7.));
#223 = VERTEX_POINT('',#224);
#224 = CARTESIAN_POINT('',(7.216449660064E-16,14.2,7.));
#225 = LINE('',#226,#227);
#226 = CARTESIAN_POINT('',(0.,0.,7.));
#227 = VECTOR('',#228,1.);
#228 = DIRECTION('',(0.,1.,0.));
#229 = ORIENTED_EDGE('',*,*,#230,.T.);
#230 = EDGE_CURVE('',#223,#151,#231,.T.);
#231 = CIRCLE('',#232,7.);
#232 = AXIS2_PLACEMENT_3D('',#233,#234,#235);
#233 = CARTESIAN_POINT('',(7.,14.2,7.));
#234 = DIRECTION('',(-0.,-1.,-0.));
#235 = DIRECTION('',(-1.,0.,0.));
#236 = ORIENTED_EDGE('',*,*,#148,.F.);
#237 = ORIENTED_EDGE('',*,*,#238,.F.);
#238 = EDGE_CURVE('',#221,#149,#239,.T.);
#239 = CIRCLE('',#240,7.);
#240 = AXIS2_PLACEMENT_3D('',#241,#242,#243);
#241 = CARTESIAN_POINT('',(7.,1.6,7.));
#242 = DIRECTION('',(-0.,-1.,-0.));
#243 = DIRECTION('',(-1.,0.,0.));
#244 = CYLINDRICAL_SURFACE('',#245,7.);
#245 = AXIS2_PLACEMENT_3D('',#246,#247,#248);
#246 = CARTESIAN_POINT('',(7.,0.,7.));
#247 = DIRECTION('',(0.,-1.,0.));
#248 = DIRECTION('',(-1.,0.,0.));
#249 = ADVANCED_FACE('',(#250),#275,.T.);
#250 = FACE_BOUND('',#251,.T.);
#251 = EDGE_LOOP('',(#252,#260,#261,#269));
#252 = ORIENTED_EDGE('',*,*,#253,.F.);
#253 = EDGE_CURVE('',#149,#254,#256,.T.);
#254 = VERTEX_POINT('',#255);
#255 = CARTESIAN_POINT('',(7.,-1.110223024625E-16,1.6));
#256 = LINE('',#257,#258);
#257 = CARTESIAN_POINT('',(7.,0.8,0.8));
#258 = VECTOR('',#259,1.);
#259 = DIRECTION('',(0.,-0.707106781187,0.707106781187));
#260 = ORIENTED_EDGE('',*,*,#206,.T.);
#261 = ORIENTED_EDGE('',*,*,#262,.T.);
#262 = EDGE_CURVE('',#199,#263,#265,.T.);
#263 = VERTEX_POINT('',#264);
#264 = CARTESIAN_POINT('',(115.5,-1.110223024625E-16,1.6));
#265 = LINE('',#266,#267);
#266 = CARTESIAN_POINT('',(115.5,0.8,0.8));
#267 = VECTOR('',#268,1.);
#268 = DIRECTION('',(0.,-0.707106781187,0.707106781187));
#269 = ORIENTED_EDGE('',*,*,#270,.F.);
#270 = EDGE_CURVE('',#254,#263,#271,.T.);
#271 = LINE('',#272,#273);
#272 = CARTESIAN_POINT('',(7.,0.,1.6));
#273 = VECTOR('',#274,1.);
#274 = DIRECTION('',(1.,0.,0.));
#275 = PLANE('',#276);
#276 = AXIS2_PLACEMENT_3D('',#277,#278,#279);
#277 = CARTESIAN_POINT('',(7.,0.8,0.8));
#278 = DIRECTION('',(0.,-0.707106781187,-0.707106781187));
#279 = DIRECTION('',(1.,0.,0.));
#280 = ADVANCED_FACE('',(#281),#308,.T.);
#281 = FACE_BOUND('',#282,.T.);
#282 = EDGE_LOOP('',(#283,#284,#293,#301));
#283 = ORIENTED_EDGE('',*,*,#198,.T.);
#284 = ORIENTED_EDGE('',*,*,#285,.T.);
#285 = EDGE_CURVE('',#191,#286,#288,.T.);
#286 = VERTEX_POINT('',#287);
#287 = CARTESIAN_POINT('',(122.5,14.2,7.));
#288 = CIRCLE('',#289,7.);
#289 = AXIS2_PLACEMENT_3D('',#290,#291,#292);
#290 = CARTESIAN_POINT('',(115.5,14.2,7.));
#291 = DIRECTION('',(0.,-1.,0.));
#292 = DIRECTION('',(2.030122102172E-15,0.,-1.));
#293 = ORIENTED_EDGE('',*,*,#294,.F.);
#294 = EDGE_CURVE('',#295,#286,#297,.T.);
#295 = VERTEX_POINT('',#296);
#296 = CARTESIAN_POINT('',(122.5,1.6,7.));
#297 = LINE('',#298,#299);
#298 = CARTESIAN_POINT('',(122.5,0.,7.));
#299 = VECTOR('',#300,1.);
#300 = DIRECTION('',(0.,1.,0.));
#301 = ORIENTED_EDGE('',*,*,#302,.F.);
#302 = EDGE_CURVE('',#199,#295,#303,.T.);
#303 = CIRCLE('',#304,7.);
#304 = AXIS2_PLACEMENT_3D('',#305,#306,#307);
#305 = CARTESIAN_POINT('',(115.5,1.6,7.));
#306 = DIRECTION('',(0.,-1.,0.));
#307 = DIRECTION('',(2.030122102172E-15,0.,-1.));
#308 = CYLINDRICAL_SURFACE('',#309,7.);
#309 = AXIS2_PLACEMENT_3D('',#310,#311,#312);
#310 = CARTESIAN_POINT('',(115.5,0.,7.));
#311 = DIRECTION('',(0.,-1.,0.));
#312 = DIRECTION('',(2.030122102172E-15,0.,-1.));
#313 = ADVANCED_FACE('',(#314),#339,.F.);
#314 = FACE_BOUND('',#315,.F.);
#315 = EDGE_LOOP('',(#316,#324,#325,#333));
#316 = ORIENTED_EDGE('',*,*,#317,.F.);
#317 = EDGE_CURVE('',#183,#318,#320,.T.);
#318 = VERTEX_POINT('',#319);
#319 = CARTESIAN_POINT('',(44.,15.,0.8));
#320 = LINE('',#321,#322);
#321 = CARTESIAN_POINT('',(44.,14.05,-0.15));
#322 = VECTOR('',#323,1.);
#323 = DIRECTION('',(0.,0.707106781187,0.707106781187));
#324 = ORIENTED_EDGE('',*,*,#190,.T.);
#325 = ORIENTED_EDGE('',*,*,#326,.T.);
#326 = EDGE_CURVE('',#191,#327,#329,.T.);
#327 = VERTEX_POINT('',#328);
#328 = CARTESIAN_POINT('',(115.5,15.,0.8));
#329 = LINE('',#330,#331);
#330 = CARTESIAN_POINT('',(115.5,14.6,0.4));
#331 = VECTOR('',#332,1.);
#332 = DIRECTION('',(0.,0.707106781187,0.707106781187));
#333 = ORIENTED_EDGE('',*,*,#334,.F.);
#334 = EDGE_CURVE('',#318,#327,#335,.T.);
#335 = LINE('',#336,#337);
#336 = CARTESIAN_POINT('',(7.,15.,0.8));
#337 = VECTOR('',#338,1.);
#338 = DIRECTION('',(1.,0.,0.));
#339 = PLANE('',#340);
#340 = AXIS2_PLACEMENT_3D('',#341,#342,#343);
#341 = CARTESIAN_POINT('',(7.,14.6,0.4));
#342 = DIRECTION('',(6.983161618628E-18,-0.707106781187,0.707106781187)
  );
#343 = DIRECTION('',(1.,4.937840934654E-18,-4.937840934654E-18));
#344 = ADVANCED_FACE('',(#345),#371,.F.);
#345 = FACE_BOUND('',#346,.F.);
#346 = EDGE_LOOP('',(#347,#355,#356,#357,#365));
#347 = ORIENTED_EDGE('',*,*,#348,.F.);
#348 = EDGE_CURVE('',#175,#349,#351,.T.);
#349 = VERTEX_POINT('',#350);
#350 = CARTESIAN_POINT('',(44.,13.8,1.6));
#351 = LINE('',#352,#353);
#352 = CARTESIAN_POINT('',(44.,13.8,-1.));
#353 = VECTOR('',#354,1.);
#354 = DIRECTION('',(0.,0.,1.));
#355 = ORIENTED_EDGE('',*,*,#182,.F.);
#356 = ORIENTED_EDGE('',*,*,#317,.T.);
#357 = ORIENTED_EDGE('',*,*,#358,.T.);
#358 = EDGE_CURVE('',#318,#359,#361,.T.);
#359 = VERTEX_POINT('',#360);
#360 = CARTESIAN_POINT('',(44.,15.,1.6));
#361 = LINE('',#362,#363);
#362 = CARTESIAN_POINT('',(44.,15.,15.875));
#363 = VECTOR('',#364,1.);
#364 = DIRECTION('',(0.,0.,1.));
#365 = ORIENTED_EDGE('',*,*,#366,.T.);
#366 = EDGE_CURVE('',#359,#349,#367,.T.);
#367 = LINE('',#368,#369);
#368 = CARTESIAN_POINT('',(44.,13.2,1.6));
#369 = VECTOR('',#370,1.);
#370 = DIRECTION('',(0.,-1.,0.));
#371 = PLANE('',#372);
#372 = AXIS2_PLACEMENT_3D('',#373,#374,#375);
#373 = CARTESIAN_POINT('',(44.,13.8,-1.));
#374 = DIRECTION('',(1.,0.,0.));
#375 = DIRECTION('',(0.,0.,1.));
#376 = ADVANCED_FACE('',(#377),#395,.T.);
#377 = FACE_BOUND('',#378,.T.);
#378 = EDGE_LOOP('',(#379,#380,#381,#389));
#379 = ORIENTED_EDGE('',*,*,#348,.F.);
#380 = ORIENTED_EDGE('',*,*,#174,.F.);
#381 = ORIENTED_EDGE('',*,*,#382,.T.);
#382 = EDGE_CURVE('',#167,#383,#385,.T.);
#383 = VERTEX_POINT('',#384);
#384 = CARTESIAN_POINT('',(36.,13.8,1.6));
#385 = LINE('',#386,#387);
#386 = CARTESIAN_POINT('',(36.,13.8,-1.));
#387 = VECTOR('',#388,1.);
#388 = DIRECTION('',(0.,0.,1.));
#389 = ORIENTED_EDGE('',*,*,#390,.T.);
#390 = EDGE_CURVE('',#383,#349,#391,.T.);
#391 = LINE('',#392,#393);
#392 = CARTESIAN_POINT('',(19.8,13.8,1.6));
#393 = VECTOR('',#394,1.);
#394 = DIRECTION('',(1.,0.,0.));
#395 = PLANE('',#396);
#396 = AXIS2_PLACEMENT_3D('',#397,#398,#399);
#397 = CARTESIAN_POINT('',(36.,13.8,-1.));
#398 = DIRECTION('',(0.,1.,0.));
#399 = DIRECTION('',(0.,0.,1.));
#400 = ADVANCED_FACE('',(#401),#427,.T.);
#401 = FACE_BOUND('',#402,.T.);
#402 = EDGE_LOOP('',(#403,#404,#405,#413,#421));
#403 = ORIENTED_EDGE('',*,*,#382,.F.);
#404 = ORIENTED_EDGE('',*,*,#166,.F.);
#405 = ORIENTED_EDGE('',*,*,#406,.T.);
#406 = EDGE_CURVE('',#159,#407,#409,.T.);
#407 = VERTEX_POINT('',#408);
#408 = CARTESIAN_POINT('',(36.,15.,0.8));
#409 = LINE('',#410,#411);
#410 = CARTESIAN_POINT('',(36.,14.05,-0.15));
#411 = VECTOR('',#412,1.);
#412 = DIRECTION('',(0.,0.707106781187,0.707106781187));
#413 = ORIENTED_EDGE('',*,*,#414,.T.);
#414 = EDGE_CURVE('',#407,#415,#417,.T.);
#415 = VERTEX_POINT('',#416);
#416 = CARTESIAN_POINT('',(36.,15.,1.6));
#417 = LINE('',#418,#419);
#418 = CARTESIAN_POINT('',(36.,15.,15.875));
#419 = VECTOR('',#420,1.);
#420 = DIRECTION('',(0.,0.,1.));
#421 = ORIENTED_EDGE('',*,*,#422,.T.);
#422 = EDGE_CURVE('',#415,#383,#423,.T.);
#423 = LINE('',#424,#425);
#424 = CARTESIAN_POINT('',(36.,13.2,1.6));
#425 = VECTOR('',#426,1.);
#426 = DIRECTION('',(0.,-1.,0.));
#427 = PLANE('',#428);
#428 = AXIS2_PLACEMENT_3D('',#429,#430,#431);
#429 = CARTESIAN_POINT('',(36.,13.8,-1.));
#430 = DIRECTION('',(1.,0.,0.));
#431 = DIRECTION('',(0.,0.,1.));
#432 = ADVANCED_FACE('',(#433),#451,.F.);
#433 = FACE_BOUND('',#434,.F.);
#434 = EDGE_LOOP('',(#435,#443,#444,#445));
#435 = ORIENTED_EDGE('',*,*,#436,.F.);
#436 = EDGE_CURVE('',#151,#437,#439,.T.);
#437 = VERTEX_POINT('',#438);
#438 = CARTESIAN_POINT('',(7.,15.,0.8));
#439 = LINE('',#440,#441);
#440 = CARTESIAN_POINT('',(7.,14.6,0.4));
#441 = VECTOR('',#442,1.);
#442 = DIRECTION('',(0.,0.707106781187,0.707106781187));
#443 = ORIENTED_EDGE('',*,*,#158,.T.);
#444 = ORIENTED_EDGE('',*,*,#406,.T.);
#445 = ORIENTED_EDGE('',*,*,#446,.F.);
#446 = EDGE_CURVE('',#437,#407,#447,.T.);
#447 = LINE('',#448,#449);
#448 = CARTESIAN_POINT('',(7.,15.,0.8));
#449 = VECTOR('',#450,1.);
#450 = DIRECTION('',(1.,0.,0.));
#451 = PLANE('',#452);
#452 = AXIS2_PLACEMENT_3D('',#453,#454,#455);
#453 = CARTESIAN_POINT('',(7.,14.6,0.4));
#454 = DIRECTION('',(6.983161618628E-18,-0.707106781187,0.707106781187)
  );
#455 = DIRECTION('',(1.,4.937840934654E-18,-4.937840934654E-18));
#456 = ADVANCED_FACE('',(#457),#482,.T.);
#457 = FACE_BOUND('',#458,.T.);
#458 = EDGE_LOOP('',(#459,#469,#475,#476));
#459 = ORIENTED_EDGE('',*,*,#460,.T.);
#460 = EDGE_CURVE('',#461,#463,#465,.T.);
#461 = VERTEX_POINT('',#462);
#462 = CARTESIAN_POINT('',(0.,1.6,58.5));
#463 = VERTEX_POINT('',#464);
#464 = CARTESIAN_POINT('',(0.,14.2,58.5));
#465 = LINE('',#466,#467);
#466 = CARTESIAN_POINT('',(0.,0.,58.5));
#467 = VECTOR('',#468,1.);
#468 = DIRECTION('',(0.,1.,0.));
#469 = ORIENTED_EDGE('',*,*,#470,.T.);
#470 = EDGE_CURVE('',#463,#223,#471,.T.);
#471 = LINE('',#472,#473);
#472 = CARTESIAN_POINT('',(0.,14.2,58.5));
#473 = VECTOR('',#474,1.);
#474 = DIRECTION('',(0.,0.,-1.));
#475 = ORIENTED_EDGE('',*,*,#220,.F.);
#476 = ORIENTED_EDGE('',*,*,#477,.F.);
#477 = EDGE_CURVE('',#461,#221,#478,.T.);
#478 = LINE('',#479,#480);
#479 = CARTESIAN_POINT('',(0.,1.6,58.5));
#480 = VECTOR('',#481,1.);
#481 = DIRECTION('',(0.,0.,-1.));
#482 = PLANE('',#483);
#483 = AXIS2_PLACEMENT_3D('',#484,#485,#486);
#484 = CARTESIAN_POINT('',(0.,0.,58.5));
#485 = DIRECTION('',(-1.,0.,0.));
#486 = DIRECTION('',(0.,0.,-1.));
#487 = ADVANCED_FACE('',(#488),#581,.T.);
#488 = FACE_BOUND('',#489,.F.);
#489 = EDGE_LOOP('',(#490,#498,#499,#500,#509,#518,#565,#574));
#490 = ORIENTED_EDGE('',*,*,#491,.F.);
#491 = EDGE_CURVE('',#223,#492,#494,.T.);
#492 = VERTEX_POINT('',#493);
#493 = CARTESIAN_POINT('',(0.8,15.,7.));
#494 = LINE('',#495,#496);
#495 = CARTESIAN_POINT('',(0.4,14.6,7.));
#496 = VECTOR('',#497,1.);
#497 = DIRECTION('',(0.707106781187,0.707106781187,0.));
#498 = ORIENTED_EDGE('',*,*,#230,.T.);
#499 = ORIENTED_EDGE('',*,*,#436,.T.);
#500 = ORIENTED_EDGE('',*,*,#501,.F.);
#501 = EDGE_CURVE('',#502,#437,#504,.T.);
#502 = VERTEX_POINT('',#503);
#503 = CARTESIAN_POINT('',(3.953690757654,15.,1.6));
#504 = CIRCLE('',#505,6.2);
#505 = AXIS2_PLACEMENT_3D('',#506,#507,#508);
#506 = CARTESIAN_POINT('',(7.,15.,7.));
#507 = DIRECTION('',(-0.,-1.,-0.));
#508 = DIRECTION('',(-1.,0.,0.));
#509 = ORIENTED_EDGE('',*,*,#510,.T.);
#510 = EDGE_CURVE('',#502,#511,#513,.T.);
#511 = VERTEX_POINT('',#512);
#512 = CARTESIAN_POINT('',(3.6,14.818777546582,1.6));
#513 = HYPERBOLA('',#514,5.4,5.4);
#514 = AXIS2_PLACEMENT_3D('',#515,#516,#517);
#515 = CARTESIAN_POINT('',(7.,21.2,1.6));
#516 = DIRECTION('',(0.,0.,-1.));
#517 = DIRECTION('',(0.,-1.,0.));
#518 = ORIENTED_EDGE('',*,*,#519,.F.);
#519 = EDGE_CURVE('',#520,#511,#522,.T.);
#520 = VERTEX_POINT('',#521);
#521 = CARTESIAN_POINT('',(1.6,14.818777546582,3.6));
#522 = B_SPLINE_CURVE_WITH_KNOTS('',6,(#523,#524,#525,#526,#527,#528,
    #529,#530,#531,#532,#533,#534,#535,#536,#537,#538,#539,#540,#541,
    #542,#543,#544,#545,#546,#547,#548,#549,#550,#551,#552,#553,#554,
    #555,#556,#557,#558,#559,#560,#561,#562,#563,#564),.UNSPECIFIED.,.F.
  ,.F.,(7,5,5,5,5,5,5,5,7),(0.,0.253205569599,0.343767649005,
    0.395259471721,0.500442695422,0.605649508432,0.657167999752,
    0.749790318179,1.),.UNSPECIFIED.);
#523 = CARTESIAN_POINT('',(1.6,14.818777546582,3.6));
#524 = CARTESIAN_POINT('',(1.6,14.760338458187,3.490319757933));
#525 = CARTESIAN_POINT('',(1.607217721576,14.704315504069,3.376751041953
    ));
#526 = CARTESIAN_POINT('',(1.622613637109,14.651113461872,3.259280545056
    ));
#527 = CARTESIAN_POINT('',(1.647402391071,14.601457038491,3.138281435692
    ));
#528 = CARTESIAN_POINT('',(1.682923083462,14.556330841184,3.014608355802
    ));
#529 = CARTESIAN_POINT('',(1.747378642625,14.50281623067,2.844963755904)
  );
#530 = CARTESIAN_POINT('',(1.765882245909,14.489453604579,2.800124258509
    ));
#531 = CARTESIAN_POINT('',(1.785958701547,14.476882663646,2.755211584446
    ));
#532 = CARTESIAN_POINT('',(1.807650326203,14.465164392183,2.710317797508
    ));
#533 = CARTESIAN_POINT('',(1.830985706674,14.454361038294,2.665551292159
    ));
#534 = CARTESIAN_POINT('',(1.87018038201,14.438944698007,2.595725857781)
  );
#535 = CARTESIAN_POINT('',(1.884921609883,14.433671765925,2.570496795753
    ));
#536 = CARTESIAN_POINT('',(1.900198326008,14.428725300983,2.545372239527
    ));
#537 = CARTESIAN_POINT('',(1.916009512836,14.424115978941,2.520376652155
    ));
#538 = CARTESIAN_POINT('',(1.932351554689,14.419853880606,2.495535776448
    ));
#539 = CARTESIAN_POINT('',(1.983672098672,14.407970887646,2.420504986491
    ));
#540 = CARTESIAN_POINT('',(2.020319426096,14.401480460683,2.37088475259)
  );
#541 = CARTESIAN_POINT('',(2.05909729146,14.396558910305,2.322257744448)
  );
#542 = CARTESIAN_POINT('',(2.099900420575,14.393267349542,2.274863238883
    ));
#543 = CARTESIAN_POINT('',(2.142573449486,14.391639406867,2.228930379205
    ));
#544 = CARTESIAN_POINT('',(2.231242852948,14.391709256897,2.140400846847
    ));
#545 = CARTESIAN_POINT('',(2.277249562353,14.393407803629,2.097795349601
    ));
#546 = CARTESIAN_POINT('',(2.324710891769,14.396769878067,2.057066441883
    ));
#547 = CARTESIAN_POINT('',(2.373397075098,14.401761031445,2.018368311572
    ));
#548 = CARTESIAN_POINT('',(2.423068650374,14.408319454703,1.981804889167
    ));
#549 = CARTESIAN_POINT('',(2.498171949592,14.420301791427,1.930608596722
    ));
#550 = CARTESIAN_POINT('',(2.523039816562,14.424597027671,1.914305067832
    ));
#551 = CARTESIAN_POINT('',(2.548060699812,14.429239136357,1.89853323933)
  );
#552 = CARTESIAN_POINT('',(2.57320888066,14.434217984016,1.883296586494)
  );
#553 = CARTESIAN_POINT('',(2.598459936057,14.439522852952,1.868595993946
    ));
#554 = CARTESIAN_POINT('',(2.669331622999,14.4552455961,1.828961039472)
  );
#555 = CARTESIAN_POINT('',(2.715130099876,14.466366154491,1.805220015258
    ));
#556 = CARTESIAN_POINT('',(2.761053921543,14.478439610921,1.783197116587
    ));
#557 = CARTESIAN_POINT('',(2.806988106891,14.491399365365,1.762860756718
    ));
#558 = CARTESIAN_POINT('',(2.852835510317,14.50518033935,1.744164664461)
  );
#559 = CARTESIAN_POINT('',(3.02192229932,14.559006994343,1.680835812898)
  );
#560 = CARTESIAN_POINT('',(3.144003901555,14.603809985595,1.646237961685
    ));
#561 = CARTESIAN_POINT('',(3.263445614059,14.653001736087,1.62207090802)
  );
#562 = CARTESIAN_POINT('',(3.379438176728,14.705641290564,1.607047329632
    ));
#563 = CARTESIAN_POINT('',(3.491622256995,14.761032446971,1.6));
#564 = CARTESIAN_POINT('',(3.6,14.818777546582,1.6));
#565 = ORIENTED_EDGE('',*,*,#566,.T.);
#566 = EDGE_CURVE('',#520,#567,#569,.T.);
#567 = VERTEX_POINT('',#568);
#568 = CARTESIAN_POINT('',(1.6,15.,3.953690757654));
#569 = HYPERBOLA('',#570,5.4,5.4);
#570 = AXIS2_PLACEMENT_3D('',#571,#572,#573);
#571 = CARTESIAN_POINT('',(1.6,21.2,7.));
#572 = DIRECTION('',(-1.,0.,0.));
#573 = DIRECTION('',(-0.,-1.,-0.));
#574 = ORIENTED_EDGE('',*,*,#575,.F.);
#575 = EDGE_CURVE('',#492,#567,#576,.T.);
#576 = CIRCLE('',#577,6.2);
#577 = AXIS2_PLACEMENT_3D('',#578,#579,#580);
#578 = CARTESIAN_POINT('',(7.,15.,7.));
#579 = DIRECTION('',(-0.,-1.,-0.));
#580 = DIRECTION('',(-1.,0.,0.));
#581 = CONICAL_SURFACE('',#582,7.,0.785398163397);
#582 = AXIS2_PLACEMENT_3D('',#583,#584,#585);
#583 = CARTESIAN_POINT('',(7.,14.2,7.));
#584 = DIRECTION('',(0.,-1.,0.));
#585 = DIRECTION('',(-1.,0.,0.));
#586 = ADVANCED_FACE('',(#587),#606,.T.);
#587 = FACE_BOUND('',#588,.T.);
#588 = EDGE_LOOP('',(#589,#597,#598,#599));
#589 = ORIENTED_EDGE('',*,*,#590,.F.);
#590 = EDGE_CURVE('',#221,#591,#593,.T.);
#591 = VERTEX_POINT('',#592);
#592 = CARTESIAN_POINT('',(1.6,-1.110223024625E-16,7.));
#593 = LINE('',#594,#595);
#594 = CARTESIAN_POINT('',(0.8,0.8,7.));
#595 = VECTOR('',#596,1.);
#596 = DIRECTION('',(0.707106781187,-0.707106781187,0.));
#597 = ORIENTED_EDGE('',*,*,#238,.T.);
#598 = ORIENTED_EDGE('',*,*,#253,.T.);
#599 = ORIENTED_EDGE('',*,*,#600,.F.);
#600 = EDGE_CURVE('',#591,#254,#601,.T.);
#601 = CIRCLE('',#602,5.4);
#602 = AXIS2_PLACEMENT_3D('',#603,#604,#605);
#603 = CARTESIAN_POINT('',(7.,0.,7.));
#604 = DIRECTION('',(-0.,-1.,-0.));
#605 = DIRECTION('',(-1.,0.,0.));
#606 = CONICAL_SURFACE('',#607,7.,0.785398163397);
#607 = AXIS2_PLACEMENT_3D('',#608,#609,#610);
#608 = CARTESIAN_POINT('',(7.,1.6,7.));
#609 = DIRECTION('',(0.,1.,0.));
#610 = DIRECTION('',(-1.,0.,0.));
#611 = ADVANCED_FACE('',(#612,#665,#735,#805,#816),#827,.T.);
#612 = FACE_BOUND('',#613,.T.);
#613 = EDGE_LOOP('',(#614,#615,#624,#632,#641,#649,#658,#664));
#614 = ORIENTED_EDGE('',*,*,#270,.T.);
#615 = ORIENTED_EDGE('',*,*,#616,.T.);
#616 = EDGE_CURVE('',#263,#617,#619,.T.);
#617 = VERTEX_POINT('',#618);
#618 = CARTESIAN_POINT('',(120.9,-2.22044604925E-16,7.));
#619 = CIRCLE('',#620,5.4);
#620 = AXIS2_PLACEMENT_3D('',#621,#622,#623);
#621 = CARTESIAN_POINT('',(115.5,0.,7.));
#622 = DIRECTION('',(0.,-1.,0.));
#623 = DIRECTION('',(2.030122102172E-15,0.,-1.));
#624 = ORIENTED_EDGE('',*,*,#625,.T.);
#625 = EDGE_CURVE('',#617,#626,#628,.T.);
#626 = VERTEX_POINT('',#627);
#627 = CARTESIAN_POINT('',(120.9,7.771561172376E-16,58.5));
#628 = LINE('',#629,#630);
#629 = CARTESIAN_POINT('',(120.9,0.,7.));
#630 = VECTOR('',#631,1.);
#631 = DIRECTION('',(0.,0.,1.));
#632 = ORIENTED_EDGE('',*,*,#633,.T.);
#633 = EDGE_CURVE('',#626,#634,#636,.T.);
#634 = VERTEX_POINT('',#635);
#635 = CARTESIAN_POINT('',(115.5,4.440892098501E-16,63.9));
#636 = CIRCLE('',#637,5.4);
#637 = AXIS2_PLACEMENT_3D('',#638,#639,#640);
#638 = CARTESIAN_POINT('',(115.5,0.,58.5));
#639 = DIRECTION('',(0.,-1.,0.));
#640 = DIRECTION('',(1.,0.,1.015061051086E-15));
#641 = ORIENTED_EDGE('',*,*,#642,.T.);
#642 = EDGE_CURVE('',#634,#643,#645,.T.);
#643 = VERTEX_POINT('',#644);
#644 = CARTESIAN_POINT('',(7.,-8.881784197001E-16,63.9));
#645 = LINE('',#646,#647);
#646 = CARTESIAN_POINT('',(115.5,0.,63.9));
#647 = VECTOR('',#648,1.);
#648 = DIRECTION('',(-1.,0.,0.));
#649 = ORIENTED_EDGE('',*,*,#650,.T.);
#650 = EDGE_CURVE('',#643,#651,#653,.T.);
#651 = VERTEX_POINT('',#652);
#652 = CARTESIAN_POINT('',(1.6,4.440892098501E-16,58.5));
#653 = CIRCLE('',#654,5.4);
#654 = AXIS2_PLACEMENT_3D('',#655,#656,#657);
#655 = CARTESIAN_POINT('',(7.,0.,58.5));
#656 = DIRECTION('',(0.,-1.,0.));
#657 = DIRECTION('',(0.,0.,1.));
#658 = ORIENTED_EDGE('',*,*,#659,.T.);
#659 = EDGE_CURVE('',#651,#591,#660,.T.);
#660 = LINE('',#661,#662);
#661 = CARTESIAN_POINT('',(1.6,0.,58.5));
#662 = VECTOR('',#663,1.);
#663 = DIRECTION('',(0.,0.,-1.));
#664 = ORIENTED_EDGE('',*,*,#600,.T.);
#665 = FACE_BOUND('',#666,.T.);
#666 = EDGE_LOOP('',(#667,#678,#686,#695,#703,#712,#720,#729));
#667 = ORIENTED_EDGE('',*,*,#668,.T.);
#668 = EDGE_CURVE('',#669,#671,#673,.T.);
#669 = VERTEX_POINT('',#670);
#670 = CARTESIAN_POINT('',(81.090070921986,1.387778780781E-17,9.25));
#671 = VERTEX_POINT('',#672);
#672 = CARTESIAN_POINT('',(78.5,1.387778780781E-17,6.659929078014));
#673 = CIRCLE('',#674,2.590070921986);
#674 = AXIS2_PLACEMENT_3D('',#675,#676,#677);
#675 = CARTESIAN_POINT('',(78.5,0.,9.25));
#676 = DIRECTION('',(-0.,1.,0.));
#677 = DIRECTION('',(0.,0.,-1.));
#678 = ORIENTED_EDGE('',*,*,#679,.T.);
#679 = EDGE_CURVE('',#671,#680,#682,.T.);
#680 = VERTEX_POINT('',#681);
#681 = CARTESIAN_POINT('',(15.3,1.387778780781E-17,6.659929078014));
#682 = LINE('',#683,#684);
#683 = CARTESIAN_POINT('',(38.275,-1.110223024625E-16,6.659929078014));
#684 = VECTOR('',#685,1.);
#685 = DIRECTION('',(-1.,0.,0.));
#686 = ORIENTED_EDGE('',*,*,#687,.T.);
#687 = EDGE_CURVE('',#680,#688,#690,.T.);
#688 = VERTEX_POINT('',#689);
#689 = CARTESIAN_POINT('',(12.709929078014,1.387778780781E-17,9.25));
#690 = CIRCLE('',#691,2.590070921986);
#691 = AXIS2_PLACEMENT_3D('',#692,#693,#694);
#692 = CARTESIAN_POINT('',(15.3,0.,9.25));
#693 = DIRECTION('',(0.,1.,-0.));
#694 = DIRECTION('',(-1.,0.,0.));
#695 = ORIENTED_EDGE('',*,*,#696,.T.);
#696 = EDGE_CURVE('',#688,#697,#699,.T.);
#697 = VERTEX_POINT('',#698);
#698 = CARTESIAN_POINT('',(12.709929078014,1.387778780781E-17,56.25));
#699 = LINE('',#700,#701);
#700 = CARTESIAN_POINT('',(12.709929078014,-1.110223024625E-16,44.5));
#701 = VECTOR('',#702,1.);
#702 = DIRECTION('',(0.,0.,1.));
#703 = ORIENTED_EDGE('',*,*,#704,.T.);
#704 = EDGE_CURVE('',#697,#705,#707,.T.);
#705 = VERTEX_POINT('',#706);
#706 = CARTESIAN_POINT('',(15.3,1.387778780781E-17,58.840070921986));
#707 = CIRCLE('',#708,2.590070921986);
#708 = AXIS2_PLACEMENT_3D('',#709,#710,#711);
#709 = CARTESIAN_POINT('',(15.3,0.,56.25));
#710 = DIRECTION('',(-0.,1.,0.));
#711 = DIRECTION('',(6.832141690001E-16,0.,1.));
#712 = ORIENTED_EDGE('',*,*,#713,.T.);
#713 = EDGE_CURVE('',#705,#714,#716,.T.);
#714 = VERTEX_POINT('',#715);
#715 = CARTESIAN_POINT('',(78.5,1.387778780781E-17,58.840070921986));
#716 = LINE('',#717,#718);
#717 = CARTESIAN_POINT('',(69.875,-3.330669073875E-16,58.840070921986));
#718 = VECTOR('',#719,1.);
#719 = DIRECTION('',(1.,0.,0.));
#720 = ORIENTED_EDGE('',*,*,#721,.T.);
#721 = EDGE_CURVE('',#714,#722,#724,.T.);
#722 = VERTEX_POINT('',#723);
#723 = CARTESIAN_POINT('',(81.090070921986,1.387778780781E-17,56.25));
#724 = CIRCLE('',#725,2.590070921986);
#725 = AXIS2_PLACEMENT_3D('',#726,#727,#728);
#726 = CARTESIAN_POINT('',(78.5,0.,56.25));
#727 = DIRECTION('',(-0.,1.,0.));
#728 = DIRECTION('',(1.,0.,0.));
#729 = ORIENTED_EDGE('',*,*,#730,.T.);
#730 = EDGE_CURVE('',#722,#669,#731,.T.);
#731 = LINE('',#732,#733);
#732 = CARTESIAN_POINT('',(81.090070921986,0.,21.));
#733 = VECTOR('',#734,1.);
#734 = DIRECTION('',(0.,0.,-1.));
#735 = FACE_BOUND('',#736,.T.);
#736 = EDGE_LOOP('',(#737,#748,#756,#765,#773,#782,#790,#799));
#737 = ORIENTED_EDGE('',*,*,#738,.T.);
#738 = EDGE_CURVE('',#739,#741,#743,.T.);
#739 = VERTEX_POINT('',#740);
#740 = CARTESIAN_POINT('',(112.5900990099,8.673617379884E-18,29.45));
#741 = VERTEX_POINT('',#742);
#742 = CARTESIAN_POINT('',(110.6,8.673617379884E-18,27.459900990099));
#743 = CIRCLE('',#744,1.990099009901);
#744 = AXIS2_PLACEMENT_3D('',#745,#746,#747);
#745 = CARTESIAN_POINT('',(110.6,0.,29.45));
#746 = DIRECTION('',(-0.,1.,0.));
#747 = DIRECTION('',(0.,0.,-1.));
#748 = ORIENTED_EDGE('',*,*,#749,.T.);
#749 = EDGE_CURVE('',#741,#750,#752,.T.);
#750 = VERTEX_POINT('',#751);
#751 = CARTESIAN_POINT('',(91.6,8.673617379884E-18,27.459900990099));
#752 = LINE('',#753,#754);
#753 = CARTESIAN_POINT('',(76.425,-2.22044604925E-16,27.459900990099));
#754 = VECTOR('',#755,1.);
#755 = DIRECTION('',(-1.,0.,0.));
#756 = ORIENTED_EDGE('',*,*,#757,.T.);
#757 = EDGE_CURVE('',#750,#758,#760,.T.);
#758 = VERTEX_POINT('',#759);
#759 = CARTESIAN_POINT('',(89.609900990099,8.673617379884E-18,29.45));
#760 = CIRCLE('',#761,1.990099009901);
#761 = AXIS2_PLACEMENT_3D('',#762,#763,#764);
#762 = CARTESIAN_POINT('',(91.6,0.,29.45));
#763 = DIRECTION('',(0.,1.,-0.));
#764 = DIRECTION('',(-1.,-0.,-1.7763568394E-15));
#765 = ORIENTED_EDGE('',*,*,#766,.T.);
#766 = EDGE_CURVE('',#758,#767,#769,.T.);
#767 = VERTEX_POINT('',#768);
#768 = CARTESIAN_POINT('',(89.609900990099,8.673617379884E-18,56.45));
#769 = LINE('',#770,#771);
#770 = CARTESIAN_POINT('',(89.609900990099,-2.22044604925E-16,44.6));
#771 = VECTOR('',#772,1.);
#772 = DIRECTION('',(0.,0.,1.));
#773 = ORIENTED_EDGE('',*,*,#774,.T.);
#774 = EDGE_CURVE('',#767,#775,#777,.T.);
#775 = VERTEX_POINT('',#776);
#776 = CARTESIAN_POINT('',(91.6,8.673617379884E-18,58.440099009901));
#777 = CIRCLE('',#778,1.990099009901);
#778 = AXIS2_PLACEMENT_3D('',#779,#780,#781);
#779 = CARTESIAN_POINT('',(91.6,0.,56.45));
#780 = DIRECTION('',(0.,1.,0.));
#781 = DIRECTION('',(0.,0.,1.));
#782 = ORIENTED_EDGE('',*,*,#783,.T.);
#783 = EDGE_CURVE('',#775,#784,#786,.T.);
#784 = VERTEX_POINT('',#785);
#785 = CARTESIAN_POINT('',(110.6,8.673617379884E-18,58.440099009901));
#786 = LINE('',#787,#788);
#787 = CARTESIAN_POINT('',(85.925,-2.22044604925E-16,58.440099009901));
#788 = VECTOR('',#789,1.);
#789 = DIRECTION('',(1.,0.,0.));
#790 = ORIENTED_EDGE('',*,*,#791,.T.);
#791 = EDGE_CURVE('',#784,#792,#794,.T.);
#792 = VERTEX_POINT('',#793);
#793 = CARTESIAN_POINT('',(112.5900990099,8.673617379884E-18,56.45));
#794 = CIRCLE('',#795,1.990099009901);
#795 = AXIS2_PLACEMENT_3D('',#796,#797,#798);
#796 = CARTESIAN_POINT('',(110.6,0.,56.45));
#797 = DIRECTION('',(-0.,1.,0.));
#798 = DIRECTION('',(1.,0.,3.552713678801E-15));
#799 = ORIENTED_EDGE('',*,*,#800,.T.);
#800 = EDGE_CURVE('',#792,#739,#801,.T.);
#801 = LINE('',#802,#803);
#802 = CARTESIAN_POINT('',(112.5900990099,-2.22044604925E-16,31.1));
#803 = VECTOR('',#804,1.);
#804 = DIRECTION('',(0.,0.,-1.));
#805 = FACE_BOUND('',#806,.T.);
#806 = EDGE_LOOP('',(#807));
#807 = ORIENTED_EDGE('',*,*,#808,.T.);
#808 = EDGE_CURVE('',#809,#809,#811,.T.);
#809 = VERTEX_POINT('',#810);
#810 = CARTESIAN_POINT('',(111.4,0.,23.2));
#811 = CIRCLE('',#812,3.9);
#812 = AXIS2_PLACEMENT_3D('',#813,#814,#815);
#813 = CARTESIAN_POINT('',(111.4,0.,19.3));
#814 = DIRECTION('',(0.,1.,0.));
#815 = DIRECTION('',(0.,0.,1.));
#816 = FACE_BOUND('',#817,.T.);
#817 = EDGE_LOOP('',(#818));
#818 = ORIENTED_EDGE('',*,*,#819,.T.);
#819 = EDGE_CURVE('',#820,#820,#822,.T.);
#820 = VERTEX_POINT('',#821);
#821 = CARTESIAN_POINT('',(111.4,0.,13.2));
#822 = CIRCLE('',#823,1.);
#823 = AXIS2_PLACEMENT_3D('',#824,#825,#826);
#824 = CARTESIAN_POINT('',(111.4,0.,12.2));
#825 = DIRECTION('',(0.,1.,0.));
#826 = DIRECTION('',(0.,0.,1.));
#827 = PLANE('',#828);
#828 = AXIS2_PLACEMENT_3D('',#829,#830,#831);
#829 = CARTESIAN_POINT('',(61.25,0.,32.75));
#830 = DIRECTION('',(-0.,-1.,-0.));
#831 = DIRECTION('',(0.,0.,-1.));
#832 = ADVANCED_FACE('',(#833),#844,.T.);
#833 = FACE_BOUND('',#834,.T.);
#834 = EDGE_LOOP('',(#835,#836,#837,#843));
#835 = ORIENTED_EDGE('',*,*,#262,.F.);
#836 = ORIENTED_EDGE('',*,*,#302,.T.);
#837 = ORIENTED_EDGE('',*,*,#838,.T.);
#838 = EDGE_CURVE('',#295,#617,#839,.T.);
#839 = LINE('',#840,#841);
#840 = CARTESIAN_POINT('',(122.5,1.6,7.));
#841 = VECTOR('',#842,1.);
#842 = DIRECTION('',(-0.707106781187,-0.707106781187,3.348864022816E-16)
  );
#843 = ORIENTED_EDGE('',*,*,#616,.F.);
#844 = CONICAL_SURFACE('',#845,7.,0.785398163397);
#845 = AXIS2_PLACEMENT_3D('',#846,#847,#848);
#846 = CARTESIAN_POINT('',(115.5,1.6,7.));
#847 = DIRECTION('',(0.,1.,0.));
#848 = DIRECTION('',(2.030122102172E-15,0.,-1.));
#849 = ADVANCED_FACE('',(#850),#943,.T.);
#850 = FACE_BOUND('',#851,.F.);
#851 = EDGE_LOOP('',(#852,#853,#854,#862,#871,#880,#927,#936));
#852 = ORIENTED_EDGE('',*,*,#326,.F.);
#853 = ORIENTED_EDGE('',*,*,#285,.T.);
#854 = ORIENTED_EDGE('',*,*,#855,.T.);
#855 = EDGE_CURVE('',#286,#856,#858,.T.);
#856 = VERTEX_POINT('',#857);
#857 = CARTESIAN_POINT('',(121.7,15.,7.));
#858 = LINE('',#859,#860);
#859 = CARTESIAN_POINT('',(122.5,14.2,7.));
#860 = VECTOR('',#861,1.);
#861 = DIRECTION('',(-0.707106781187,0.707106781187,3.348864022816E-16)
  );
#862 = ORIENTED_EDGE('',*,*,#863,.F.);
#863 = EDGE_CURVE('',#864,#856,#866,.T.);
#864 = VERTEX_POINT('',#865);
#865 = CARTESIAN_POINT('',(120.9,15.,3.953690757654));
#866 = CIRCLE('',#867,6.2);
#867 = AXIS2_PLACEMENT_3D('',#868,#869,#870);
#868 = CARTESIAN_POINT('',(115.5,15.,7.));
#869 = DIRECTION('',(0.,-1.,0.));
#870 = DIRECTION('',(2.030122102172E-15,0.,-1.));
#871 = ORIENTED_EDGE('',*,*,#872,.T.);
#872 = EDGE_CURVE('',#864,#873,#875,.T.);
#873 = VERTEX_POINT('',#874);
#874 = CARTESIAN_POINT('',(120.9,14.818777546582,3.6));
#875 = HYPERBOLA('',#876,5.4,5.4);
#876 = AXIS2_PLACEMENT_3D('',#877,#878,#879);
#877 = CARTESIAN_POINT('',(120.9,21.2,7.));
#878 = DIRECTION('',(1.,0.,0.));
#879 = DIRECTION('',(0.,-1.,0.));
#880 = ORIENTED_EDGE('',*,*,#881,.F.);
#881 = EDGE_CURVE('',#882,#873,#884,.T.);
#882 = VERTEX_POINT('',#883);
#883 = CARTESIAN_POINT('',(118.9,14.818777546582,1.6));
#884 = B_SPLINE_CURVE_WITH_KNOTS('',6,(#885,#886,#887,#888,#889,#890,
    #891,#892,#893,#894,#895,#896,#897,#898,#899,#900,#901,#902,#903,
    #904,#905,#906,#907,#908,#909,#910,#911,#912,#913,#914,#915,#916,
    #917,#918,#919,#920,#921,#922,#923,#924,#925,#926),.UNSPECIFIED.,.F.
  ,.F.,(7,5,5,5,5,5,5,5,7),(0.,0.253205569599,0.343767649005,
    0.395259471721,0.500442695422,0.605649508433,0.657167999752,
    0.749790318179,1.),.UNSPECIFIED.);
#885 = CARTESIAN_POINT('',(118.9,14.818777546583,1.6));
#886 = CARTESIAN_POINT('',(119.00968024206,14.760338458187,1.6));
#887 = CARTESIAN_POINT('',(119.12324895804,14.70431550407,1.607217721576
    ));
#888 = CARTESIAN_POINT('',(119.24071945494,14.651113461871,
    1.622613637109));
#889 = CARTESIAN_POINT('',(119.3617185643,14.601457038492,1.647402391071
    ));
#890 = CARTESIAN_POINT('',(119.48539164419,14.556330841185,
    1.682923083462));
#891 = CARTESIAN_POINT('',(119.65503624409,14.502816230671,
    1.747378642625));
#892 = CARTESIAN_POINT('',(119.69987574149,14.489453604579,
    1.765882245909));
#893 = CARTESIAN_POINT('',(119.74478841555,14.476882663646,
    1.785958701547));
#894 = CARTESIAN_POINT('',(119.78968220249,14.465164392183,
    1.807650326203));
#895 = CARTESIAN_POINT('',(119.83444870784,14.454361038294,
    1.830985706674));
#896 = CARTESIAN_POINT('',(119.90427414221,14.438944698008,1.87018038201
    ));
#897 = CARTESIAN_POINT('',(119.92950320424,14.433671765925,
    1.884921609883));
#898 = CARTESIAN_POINT('',(119.95462776047,14.428725300984,
    1.900198326008));
#899 = CARTESIAN_POINT('',(119.97962334784,14.424115978941,
    1.916009512836));
#900 = CARTESIAN_POINT('',(120.00446422355,14.419853880606,
    1.932351554689));
#901 = CARTESIAN_POINT('',(120.0794950135,14.407970887647,1.983672098672
    ));
#902 = CARTESIAN_POINT('',(120.12911524741,14.401480460684,
    2.020319426096));
#903 = CARTESIAN_POINT('',(120.17774225555,14.396558910305,2.05909729146
    ));
#904 = CARTESIAN_POINT('',(120.22513676111,14.393267349542,
    2.099900420575));
#905 = CARTESIAN_POINT('',(120.27106962079,14.391639406868,
    2.142573449486));
#906 = CARTESIAN_POINT('',(120.35959915315,14.391709256897,
    2.231242852948));
#907 = CARTESIAN_POINT('',(120.40220465039,14.393407803629,
    2.277249562353));
#908 = CARTESIAN_POINT('',(120.44293355811,14.396769878068,
    2.324710891769));
#909 = CARTESIAN_POINT('',(120.48163168842,14.401761031445,
    2.373397075098));
#910 = CARTESIAN_POINT('',(120.51819511083,14.408319454703,
    2.423068650374));
#911 = CARTESIAN_POINT('',(120.56939140327,14.420301791428,
    2.498171949592));
#912 = CARTESIAN_POINT('',(120.58569493216,14.424597027671,
    2.523039816562));
#913 = CARTESIAN_POINT('',(120.60146676067,14.429239136357,
    2.548060699812));
#914 = CARTESIAN_POINT('',(120.6167034135,14.434217984016,2.57320888066)
  );
#915 = CARTESIAN_POINT('',(120.63140400605,14.439522852953,
    2.598459936057));
#916 = CARTESIAN_POINT('',(120.67103896052,14.4552455961,2.669331622999)
  );
#917 = CARTESIAN_POINT('',(120.69477998474,14.466366154491,
    2.715130099876));
#918 = CARTESIAN_POINT('',(120.71680288341,14.478439610922,
    2.761053921543));
#919 = CARTESIAN_POINT('',(120.73713924328,14.491399365366,
    2.806988106891));
#920 = CARTESIAN_POINT('',(120.75583533553,14.50518033935,2.852835510317
    ));
#921 = CARTESIAN_POINT('',(120.8191641871,14.559006994344,3.02192229932)
  );
#922 = CARTESIAN_POINT('',(120.85376203831,14.603809985596,
    3.144003901555));
#923 = CARTESIAN_POINT('',(120.87792909198,14.653001736087,
    3.263445614059));
#924 = CARTESIAN_POINT('',(120.89295267036,14.705641290565,
    3.379438176727));
#925 = CARTESIAN_POINT('',(120.9,14.761032446971,3.491622256995));
#926 = CARTESIAN_POINT('',(120.9,14.818777546583,3.6));
#927 = ORIENTED_EDGE('',*,*,#928,.T.);
#928 = EDGE_CURVE('',#882,#929,#931,.T.);
#929 = VERTEX_POINT('',#930);
#930 = CARTESIAN_POINT('',(118.54630924234,15.,1.6));
#931 = HYPERBOLA('',#932,5.4,5.4);
#932 = AXIS2_PLACEMENT_3D('',#933,#934,#935);
#933 = CARTESIAN_POINT('',(115.5,21.2,1.6));
#934 = DIRECTION('',(0.,0.,-1.));
#935 = DIRECTION('',(0.,-1.,0.));
#936 = ORIENTED_EDGE('',*,*,#937,.F.);
#937 = EDGE_CURVE('',#327,#929,#938,.T.);
#938 = CIRCLE('',#939,6.2);
#939 = AXIS2_PLACEMENT_3D('',#940,#941,#942);
#940 = CARTESIAN_POINT('',(115.5,15.,7.));
#941 = DIRECTION('',(0.,-1.,0.));
#942 = DIRECTION('',(2.030122102172E-15,0.,-1.));
#943 = CONICAL_SURFACE('',#944,7.,0.785398163397);
#944 = AXIS2_PLACEMENT_3D('',#945,#946,#947);
#945 = CARTESIAN_POINT('',(115.5,14.2,7.));
#946 = DIRECTION('',(0.,-1.,0.));
#947 = DIRECTION('',(2.030122102172E-15,0.,-1.));
#948 = ADVANCED_FACE('',(#949),#1042,.T.);
#949 = FACE_BOUND('',#950,.T.);
#950 = EDGE_LOOP('',(#951,#952,#960,#968,#976,#985,#993,#1002,#1010,
    #1019,#1027,#1036));
#951 = ORIENTED_EDGE('',*,*,#294,.T.);
#952 = ORIENTED_EDGE('',*,*,#953,.T.);
#953 = EDGE_CURVE('',#286,#954,#956,.T.);
#954 = VERTEX_POINT('',#955);
#955 = CARTESIAN_POINT('',(122.5,14.2,58.5));
#956 = LINE('',#957,#958);
#957 = CARTESIAN_POINT('',(122.5,14.2,7.));
#958 = VECTOR('',#959,1.);
#959 = DIRECTION('',(0.,0.,1.));
#960 = ORIENTED_EDGE('',*,*,#961,.F.);
#961 = EDGE_CURVE('',#962,#954,#964,.T.);
#962 = VERTEX_POINT('',#963);
#963 = CARTESIAN_POINT('',(122.5,1.6,58.5));
#964 = LINE('',#965,#966);
#965 = CARTESIAN_POINT('',(122.5,0.,58.5));
#966 = VECTOR('',#967,1.);
#967 = DIRECTION('',(0.,1.,0.));
#968 = ORIENTED_EDGE('',*,*,#969,.F.);
#969 = EDGE_CURVE('',#970,#962,#972,.T.);
#970 = VERTEX_POINT('',#971);
#971 = CARTESIAN_POINT('',(122.5,1.6,20.885866188063));
#972 = LINE('',#973,#974);
#973 = CARTESIAN_POINT('',(122.5,1.6,7.));
#974 = VECTOR('',#975,1.);
#975 = DIRECTION('',(0.,0.,1.));
#976 = ORIENTED_EDGE('',*,*,#977,.T.);
#977 = EDGE_CURVE('',#970,#978,#980,.T.);
#978 = VERTEX_POINT('',#979);
#979 = CARTESIAN_POINT('',(122.5,4.29,22.05));
#980 = CIRCLE('',#981,3.69);
#981 = AXIS2_PLACEMENT_3D('',#982,#983,#984);
#982 = CARTESIAN_POINT('',(122.5,4.29,18.36));
#983 = DIRECTION('',(-1.,1.110223024625E-16,0.));
#984 = DIRECTION('',(1.235935530707E-31,1.113231759109E-15,1.));
#985 = ORIENTED_EDGE('',*,*,#986,.T.);
#986 = EDGE_CURVE('',#978,#987,#989,.T.);
#987 = VERTEX_POINT('',#988);
#988 = CARTESIAN_POINT('',(122.5,4.31,22.05));
#989 = LINE('',#990,#991);
#990 = CARTESIAN_POINT('',(122.5,2.155,22.05));
#991 = VECTOR('',#992,1.);
#992 = DIRECTION('',(0.,1.,0.));
#993 = ORIENTED_EDGE('',*,*,#994,.T.);
#994 = EDGE_CURVE('',#987,#995,#997,.T.);
#995 = VERTEX_POINT('',#996);
#996 = CARTESIAN_POINT('',(122.5,8.,18.36));
#997 = CIRCLE('',#998,3.69);
#998 = AXIS2_PLACEMENT_3D('',#999,#1000,#1001);
#999 = CARTESIAN_POINT('',(122.5,4.31,18.36));
#1000 = DIRECTION('',(-1.,1.110223024625E-16,0.));
#1001 = DIRECTION('',(1.110223024625E-16,1.,-1.925590069811E-15));
#1002 = ORIENTED_EDGE('',*,*,#1003,.T.);
#1003 = EDGE_CURVE('',#995,#1004,#1006,.T.);
#1004 = VERTEX_POINT('',#1005);
#1005 = CARTESIAN_POINT('',(122.5,8.,12.94));
#1006 = LINE('',#1007,#1008);
#1007 = CARTESIAN_POINT('',(122.5,8.,9.97));
#1008 = VECTOR('',#1009,1.);
#1009 = DIRECTION('',(0.,0.,-1.));
#1010 = ORIENTED_EDGE('',*,*,#1011,.T.);
#1011 = EDGE_CURVE('',#1004,#1012,#1014,.T.);
#1012 = VERTEX_POINT('',#1013);
#1013 = CARTESIAN_POINT('',(122.5,4.31,9.25));
#1014 = CIRCLE('',#1015,3.69);
#1015 = AXIS2_PLACEMENT_3D('',#1016,#1017,#1018);
#1016 = CARTESIAN_POINT('',(122.5,4.31,12.94));
#1017 = DIRECTION('',(-1.,1.110223024625E-16,0.));
#1018 = DIRECTION('',(1.336146519683E-32,1.203493793632E-16,-1.));
#1019 = ORIENTED_EDGE('',*,*,#1020,.T.);
#1020 = EDGE_CURVE('',#1012,#1021,#1023,.T.);
#1021 = VERTEX_POINT('',#1022);
#1022 = CARTESIAN_POINT('',(122.5,4.29,9.25));
#1023 = LINE('',#1024,#1025);
#1024 = CARTESIAN_POINT('',(122.5,2.145,9.25));
#1025 = VECTOR('',#1026,1.);
#1026 = DIRECTION('',(0.,-1.,0.));
#1027 = ORIENTED_EDGE('',*,*,#1028,.T.);
#1028 = EDGE_CURVE('',#1021,#1029,#1031,.T.);
#1029 = VERTEX_POINT('',#1030);
#1030 = CARTESIAN_POINT('',(122.5,1.6,10.414133811937));
#1031 = CIRCLE('',#1032,3.69);
#1032 = AXIS2_PLACEMENT_3D('',#1033,#1034,#1035);
#1033 = CARTESIAN_POINT('',(122.5,4.29,12.94));
#1034 = DIRECTION('',(-1.,1.110223024625E-16,0.));
#1035 = DIRECTION('',(-1.110223024625E-16,-1.,0.));
#1036 = ORIENTED_EDGE('',*,*,#1037,.F.);
#1037 = EDGE_CURVE('',#295,#1029,#1038,.T.);
#1038 = LINE('',#1039,#1040);
#1039 = CARTESIAN_POINT('',(122.5,1.6,7.));
#1040 = VECTOR('',#1041,1.);
#1041 = DIRECTION('',(0.,0.,1.));
#1042 = PLANE('',#1043);
#1043 = AXIS2_PLACEMENT_3D('',#1044,#1045,#1046);
#1044 = CARTESIAN_POINT('',(122.5,0.,7.));
#1045 = DIRECTION('',(1.,0.,0.));
#1046 = DIRECTION('',(0.,0.,1.));
#1047 = ADVANCED_FACE('',(#1048),#1059,.F.);
#1048 = FACE_BOUND('',#1049,.F.);
#1049 = EDGE_LOOP('',(#1050,#1056,#1057,#1058));
#1050 = ORIENTED_EDGE('',*,*,#1051,.F.);
#1051 = EDGE_CURVE('',#359,#929,#1052,.T.);
#1052 = LINE('',#1053,#1054);
#1053 = CARTESIAN_POINT('',(32.425,15.,1.6));
#1054 = VECTOR('',#1055,1.);
#1055 = DIRECTION('',(1.,0.,0.));
#1056 = ORIENTED_EDGE('',*,*,#358,.F.);
#1057 = ORIENTED_EDGE('',*,*,#334,.T.);
#1058 = ORIENTED_EDGE('',*,*,#937,.T.);
#1059 = PLANE('',#1060);
#1060 = AXIS2_PLACEMENT_3D('',#1061,#1062,#1063);
#1061 = CARTESIAN_POINT('',(61.25,15.,32.75));
#1062 = DIRECTION('',(-0.,-1.,-0.));
#1063 = DIRECTION('',(0.,0.,-1.));
#1064 = ADVANCED_FACE('',(#1065),#1101,.F.);
#1065 = FACE_BOUND('',#1066,.F.);
#1066 = EDGE_LOOP('',(#1067,#1077,#1083,#1084,#1090,#1091,#1092,#1093,
    #1094,#1095));
#1067 = ORIENTED_EDGE('',*,*,#1068,.F.);
#1068 = EDGE_CURVE('',#1069,#1071,#1073,.T.);
#1069 = VERTEX_POINT('',#1070);
#1070 = CARTESIAN_POINT('',(3.6,12.6,1.6));
#1071 = VERTEX_POINT('',#1072);
#1072 = CARTESIAN_POINT('',(118.9,12.6,1.6));
#1073 = LINE('',#1074,#1075);
#1074 = CARTESIAN_POINT('',(3.6,12.6,1.6));
#1075 = VECTOR('',#1076,1.);
#1076 = DIRECTION('',(1.,0.,0.));
#1077 = ORIENTED_EDGE('',*,*,#1078,.T.);
#1078 = EDGE_CURVE('',#1069,#511,#1079,.T.);
#1079 = LINE('',#1080,#1081);
#1080 = CARTESIAN_POINT('',(3.6,12.6,1.6));
#1081 = VECTOR('',#1082,1.);
#1082 = DIRECTION('',(0.,1.,0.));
#1083 = ORIENTED_EDGE('',*,*,#510,.F.);
#1084 = ORIENTED_EDGE('',*,*,#1085,.T.);
#1085 = EDGE_CURVE('',#502,#415,#1086,.T.);
#1086 = LINE('',#1087,#1088);
#1087 = CARTESIAN_POINT('',(32.425,15.,1.6));
#1088 = VECTOR('',#1089,1.);
#1089 = DIRECTION('',(1.,0.,0.));
#1090 = ORIENTED_EDGE('',*,*,#422,.T.);
#1091 = ORIENTED_EDGE('',*,*,#390,.T.);
#1092 = ORIENTED_EDGE('',*,*,#366,.F.);
#1093 = ORIENTED_EDGE('',*,*,#1051,.T.);
#1094 = ORIENTED_EDGE('',*,*,#928,.F.);
#1095 = ORIENTED_EDGE('',*,*,#1096,.F.);
#1096 = EDGE_CURVE('',#1071,#882,#1097,.T.);
#1097 = LINE('',#1098,#1099);
#1098 = CARTESIAN_POINT('',(118.9,12.6,1.6));
#1099 = VECTOR('',#1100,1.);
#1100 = DIRECTION('',(0.,1.,0.));
#1101 = PLANE('',#1102);
#1102 = AXIS2_PLACEMENT_3D('',#1103,#1104,#1105);
#1103 = CARTESIAN_POINT('',(3.6,12.6,1.6));
#1104 = DIRECTION('',(0.,0.,-1.));
#1105 = DIRECTION('',(1.,0.,0.));
#1106 = ADVANCED_FACE('',(#1107),#1113,.F.);
#1107 = FACE_BOUND('',#1108,.F.);
#1108 = EDGE_LOOP('',(#1109,#1110,#1111,#1112));
#1109 = ORIENTED_EDGE('',*,*,#1085,.F.);
#1110 = ORIENTED_EDGE('',*,*,#501,.T.);
#1111 = ORIENTED_EDGE('',*,*,#446,.T.);
#1112 = ORIENTED_EDGE('',*,*,#414,.T.);
#1113 = PLANE('',#1114);
#1114 = AXIS2_PLACEMENT_3D('',#1115,#1116,#1117);
#1115 = CARTESIAN_POINT('',(61.25,15.,32.75));
#1116 = DIRECTION('',(-0.,-1.,-0.));
#1117 = DIRECTION('',(0.,0.,-1.));
#1118 = ADVANCED_FACE('',(#1119),#1146,.T.);
#1119 = FACE_BOUND('',#1120,.T.);
#1120 = EDGE_LOOP('',(#1121,#1131,#1138,#1139));
#1121 = ORIENTED_EDGE('',*,*,#1122,.T.);
#1122 = EDGE_CURVE('',#1123,#1125,#1127,.T.);
#1123 = VERTEX_POINT('',#1124);
#1124 = CARTESIAN_POINT('',(7.,1.6,65.5));
#1125 = VERTEX_POINT('',#1126);
#1126 = CARTESIAN_POINT('',(7.,14.2,65.5));
#1127 = LINE('',#1128,#1129);
#1128 = CARTESIAN_POINT('',(7.,0.,65.5));
#1129 = VECTOR('',#1130,1.);
#1130 = DIRECTION('',(0.,1.,0.));
#1131 = ORIENTED_EDGE('',*,*,#1132,.T.);
#1132 = EDGE_CURVE('',#1125,#463,#1133,.T.);
#1133 = CIRCLE('',#1134,7.);
#1134 = AXIS2_PLACEMENT_3D('',#1135,#1136,#1137);
#1135 = CARTESIAN_POINT('',(7.,14.2,58.5));
#1136 = DIRECTION('',(0.,-1.,0.));
#1137 = DIRECTION('',(0.,0.,1.));
#1138 = ORIENTED_EDGE('',*,*,#460,.F.);
#1139 = ORIENTED_EDGE('',*,*,#1140,.F.);
#1140 = EDGE_CURVE('',#1123,#461,#1141,.T.);
#1141 = CIRCLE('',#1142,7.);
#1142 = AXIS2_PLACEMENT_3D('',#1143,#1144,#1145);
#1143 = CARTESIAN_POINT('',(7.,1.6,58.5));
#1144 = DIRECTION('',(0.,-1.,0.));
#1145 = DIRECTION('',(0.,0.,1.));
#1146 = CYLINDRICAL_SURFACE('',#1147,7.);
#1147 = AXIS2_PLACEMENT_3D('',#1148,#1149,#1150);
#1148 = CARTESIAN_POINT('',(7.,0.,58.5));
#1149 = DIRECTION('',(0.,-1.,0.));
#1150 = DIRECTION('',(0.,0.,1.));
#1151 = ADVANCED_FACE('',(#1152),#1170,.F.);
#1152 = FACE_BOUND('',#1153,.F.);
#1153 = EDGE_LOOP('',(#1154,#1162,#1163,#1164));
#1154 = ORIENTED_EDGE('',*,*,#1155,.F.);
#1155 = EDGE_CURVE('',#463,#1156,#1158,.T.);
#1156 = VERTEX_POINT('',#1157);
#1157 = CARTESIAN_POINT('',(0.8,15.,58.5));
#1158 = LINE('',#1159,#1160);
#1159 = CARTESIAN_POINT('',(0.,14.2,58.5));
#1160 = VECTOR('',#1161,1.);
#1161 = DIRECTION('',(0.707106781187,0.707106781187,-4.329780281177E-17)
  );
#1162 = ORIENTED_EDGE('',*,*,#470,.T.);
#1163 = ORIENTED_EDGE('',*,*,#491,.T.);
#1164 = ORIENTED_EDGE('',*,*,#1165,.F.);
#1165 = EDGE_CURVE('',#1156,#492,#1166,.T.);
#1166 = LINE('',#1167,#1168);
#1167 = CARTESIAN_POINT('',(0.8,15.,58.5));
#1168 = VECTOR('',#1169,1.);
#1169 = DIRECTION('',(0.,0.,-1.));
#1170 = PLANE('',#1171);
#1171 = AXIS2_PLACEMENT_3D('',#1172,#1173,#1174);
#1172 = CARTESIAN_POINT('',(0.4,14.6,58.5));
#1173 = DIRECTION('',(0.707106781187,-0.707106781187,-6.983161618628E-18
    ));
#1174 = DIRECTION('',(-4.937840934654E-18,4.937840934654E-18,-1.));
#1175 = ADVANCED_FACE('',(#1176),#1187,.T.);
#1176 = FACE_BOUND('',#1177,.T.);
#1177 = EDGE_LOOP('',(#1178,#1184,#1185,#1186));
#1178 = ORIENTED_EDGE('',*,*,#1179,.F.);
#1179 = EDGE_CURVE('',#461,#651,#1180,.T.);
#1180 = LINE('',#1181,#1182);
#1181 = CARTESIAN_POINT('',(0.,1.6,58.5));
#1182 = VECTOR('',#1183,1.);
#1183 = DIRECTION('',(0.707106781187,-0.707106781187,-4.329780281177E-17
    ));
#1184 = ORIENTED_EDGE('',*,*,#477,.T.);
#1185 = ORIENTED_EDGE('',*,*,#590,.T.);
#1186 = ORIENTED_EDGE('',*,*,#659,.F.);
#1187 = PLANE('',#1188);
#1188 = AXIS2_PLACEMENT_3D('',#1189,#1190,#1191);
#1189 = CARTESIAN_POINT('',(0.8,0.8,58.5));
#1190 = DIRECTION('',(-0.707106781187,-0.707106781187,0.));
#1191 = DIRECTION('',(0.,0.,-1.));
#1192 = ADVANCED_FACE('',(#1193),#1212,.F.);
#1193 = FACE_BOUND('',#1194,.F.);
#1194 = EDGE_LOOP('',(#1195,#1196,#1204,#1211));
#1195 = ORIENTED_EDGE('',*,*,#575,.T.);
#1196 = ORIENTED_EDGE('',*,*,#1197,.F.);
#1197 = EDGE_CURVE('',#1198,#567,#1200,.T.);
#1198 = VERTEX_POINT('',#1199);
#1199 = CARTESIAN_POINT('',(1.6,15.,61.546309242346));
#1200 = LINE('',#1201,#1202);
#1201 = CARTESIAN_POINT('',(1.6,15.,47.325));
#1202 = VECTOR('',#1203,1.);
#1203 = DIRECTION('',(0.,0.,-1.));
#1204 = ORIENTED_EDGE('',*,*,#1205,.T.);
#1205 = EDGE_CURVE('',#1198,#1156,#1206,.T.);
#1206 = CIRCLE('',#1207,6.2);
#1207 = AXIS2_PLACEMENT_3D('',#1208,#1209,#1210);
#1208 = CARTESIAN_POINT('',(7.,15.,58.5));
#1209 = DIRECTION('',(0.,-1.,0.));
#1210 = DIRECTION('',(0.,0.,1.));
#1211 = ORIENTED_EDGE('',*,*,#1165,.T.);
#1212 = PLANE('',#1213);
#1213 = AXIS2_PLACEMENT_3D('',#1214,#1215,#1216);
#1214 = CARTESIAN_POINT('',(61.25,15.,32.75));
#1215 = DIRECTION('',(-0.,-1.,-0.));
#1216 = DIRECTION('',(0.,0.,-1.));
#1217 = ADVANCED_FACE('',(#1218),#1253,.F.);
#1218 = FACE_BOUND('',#1219,.F.);
#1219 = EDGE_LOOP('',(#1220,#1230,#1238,#1245,#1246,#1247));
#1220 = ORIENTED_EDGE('',*,*,#1221,.F.);
#1221 = EDGE_CURVE('',#1222,#1224,#1226,.T.);
#1222 = VERTEX_POINT('',#1223);
#1223 = CARTESIAN_POINT('',(1.6,12.6,61.9));
#1224 = VERTEX_POINT('',#1225);
#1225 = CARTESIAN_POINT('',(1.6,12.6,3.6));
#1226 = LINE('',#1227,#1228);
#1227 = CARTESIAN_POINT('',(1.6,12.6,61.9));
#1228 = VECTOR('',#1229,1.);
#1229 = DIRECTION('',(0.,0.,-1.));
#1230 = ORIENTED_EDGE('',*,*,#1231,.T.);
#1231 = EDGE_CURVE('',#1222,#1232,#1234,.T.);
#1232 = VERTEX_POINT('',#1233);
#1233 = CARTESIAN_POINT('',(1.6,14.818777546582,61.9));
#1234 = LINE('',#1235,#1236);
#1235 = CARTESIAN_POINT('',(1.6,12.6,61.9));
#1236 = VECTOR('',#1237,1.);
#1237 = DIRECTION('',(0.,1.,0.));
#1238 = ORIENTED_EDGE('',*,*,#1239,.F.);
#1239 = EDGE_CURVE('',#1198,#1232,#1240,.T.);
#1240 = HYPERBOLA('',#1241,5.4,5.4);
#1241 = AXIS2_PLACEMENT_3D('',#1242,#1243,#1244);
#1242 = CARTESIAN_POINT('',(1.6,21.2,58.5));
#1243 = DIRECTION('',(-1.,0.,0.));
#1244 = DIRECTION('',(-0.,-1.,-0.));
#1245 = ORIENTED_EDGE('',*,*,#1197,.T.);
#1246 = ORIENTED_EDGE('',*,*,#566,.F.);
#1247 = ORIENTED_EDGE('',*,*,#1248,.F.);
#1248 = EDGE_CURVE('',#1224,#520,#1249,.T.);
#1249 = LINE('',#1250,#1251);
#1250 = CARTESIAN_POINT('',(1.6,12.6,3.6));
#1251 = VECTOR('',#1252,1.);
#1252 = DIRECTION('',(0.,1.,0.));
#1253 = PLANE('',#1254);
#1254 = AXIS2_PLACEMENT_3D('',#1255,#1256,#1257);
#1255 = CARTESIAN_POINT('',(1.6,12.6,61.9));
#1256 = DIRECTION('',(-1.,0.,0.));
#1257 = DIRECTION('',(0.,0.,-1.));
#1258 = ADVANCED_FACE('',(#1259),#1271,.F.);
#1259 = FACE_BOUND('',#1260,.F.);
#1260 = EDGE_LOOP('',(#1261,#1268,#1269,#1270));
#1261 = ORIENTED_EDGE('',*,*,#1262,.F.);
#1262 = EDGE_CURVE('',#1224,#1069,#1263,.T.);
#1263 = CIRCLE('',#1264,2.);
#1264 = AXIS2_PLACEMENT_3D('',#1265,#1266,#1267);
#1265 = CARTESIAN_POINT('',(3.6,12.6,3.6));
#1266 = DIRECTION('',(0.,-1.,0.));
#1267 = DIRECTION('',(-1.,-0.,-4.440892098501E-16));
#1268 = ORIENTED_EDGE('',*,*,#1248,.T.);
#1269 = ORIENTED_EDGE('',*,*,#519,.T.);
#1270 = ORIENTED_EDGE('',*,*,#1078,.F.);
#1271 = CYLINDRICAL_SURFACE('',#1272,2.);
#1272 = AXIS2_PLACEMENT_3D('',#1273,#1274,#1275);
#1273 = CARTESIAN_POINT('',(3.6,12.6,3.6));
#1274 = DIRECTION('',(0.,-1.,0.));
#1275 = DIRECTION('',(-1.,-0.,-4.440892098501E-16));
#1276 = ADVANCED_FACE('',(#1277),#1313,.T.);
#1277 = FACE_BOUND('',#1278,.T.);
#1278 = EDGE_LOOP('',(#1279,#1280,#1281,#1290,#1298,#1305,#1306,#1312));
#1279 = ORIENTED_EDGE('',*,*,#838,.F.);
#1280 = ORIENTED_EDGE('',*,*,#1037,.T.);
#1281 = ORIENTED_EDGE('',*,*,#1282,.F.);
#1282 = EDGE_CURVE('',#1283,#1029,#1285,.T.);
#1283 = VERTEX_POINT('',#1284);
#1284 = CARTESIAN_POINT('',(121.5,0.6,12.94));
#1285 = ELLIPSE('',#1286,5.218448045157,3.69);
#1286 = AXIS2_PLACEMENT_3D('',#1287,#1288,#1289);
#1287 = CARTESIAN_POINT('',(125.19,4.29,12.94));
#1288 = DIRECTION('',(0.707106781187,-0.707106781187,1.42286245208E-17)
  );
#1289 = DIRECTION('',(-0.707106781187,-0.707106781187,1.42286245208E-17)
  );
#1290 = ORIENTED_EDGE('',*,*,#1291,.T.);
#1291 = EDGE_CURVE('',#1283,#1292,#1294,.T.);
#1292 = VERTEX_POINT('',#1293);
#1293 = CARTESIAN_POINT('',(121.5,0.6,18.36));
#1294 = LINE('',#1295,#1296);
#1295 = CARTESIAN_POINT('',(121.5,0.6,12.68));
#1296 = VECTOR('',#1297,1.);
#1297 = DIRECTION('',(-2.012231377123E-17,0.,1.));
#1298 = ORIENTED_EDGE('',*,*,#1299,.F.);
#1299 = EDGE_CURVE('',#970,#1292,#1300,.T.);
#1300 = ELLIPSE('',#1301,5.218448045157,3.69);
#1301 = AXIS2_PLACEMENT_3D('',#1302,#1303,#1304);
#1302 = CARTESIAN_POINT('',(125.19,4.29,18.36));
#1303 = DIRECTION('',(0.707106781187,-0.707106781187,1.42286245208E-17)
  );
#1304 = DIRECTION('',(-0.707106781187,-0.707106781187,1.42286245208E-17)
  );
#1305 = ORIENTED_EDGE('',*,*,#969,.T.);
#1306 = ORIENTED_EDGE('',*,*,#1307,.T.);
#1307 = EDGE_CURVE('',#962,#626,#1308,.T.);
#1308 = LINE('',#1309,#1310);
#1309 = CARTESIAN_POINT('',(121.7,0.8,58.5));
#1310 = VECTOR('',#1311,1.);
#1311 = DIRECTION('',(-0.707106781187,-0.707106781187,0.));
#1312 = ORIENTED_EDGE('',*,*,#625,.F.);
#1313 = PLANE('',#1314);
#1314 = AXIS2_PLACEMENT_3D('',#1315,#1316,#1317);
#1315 = CARTESIAN_POINT('',(121.7,0.8,7.));
#1316 = DIRECTION('',(0.707106781187,-0.707106781187,1.42286245208E-17)
  );
#1317 = DIRECTION('',(-1.006115688562E-17,1.006115688562E-17,1.));
#1318 = ADVANCED_FACE('',(#1319),#1330,.T.);
#1319 = FACE_BOUND('',#1320,.T.);
#1320 = EDGE_LOOP('',(#1321,#1327,#1328,#1329));
#1321 = ORIENTED_EDGE('',*,*,#1322,.F.);
#1322 = EDGE_CURVE('',#1123,#643,#1323,.T.);
#1323 = LINE('',#1324,#1325);
#1324 = CARTESIAN_POINT('',(7.,0.8,64.7));
#1325 = VECTOR('',#1326,1.);
#1326 = DIRECTION('',(0.,-0.707106781187,-0.707106781187));
#1327 = ORIENTED_EDGE('',*,*,#1140,.T.);
#1328 = ORIENTED_EDGE('',*,*,#1179,.T.);
#1329 = ORIENTED_EDGE('',*,*,#650,.F.);
#1330 = CONICAL_SURFACE('',#1331,7.,0.785398163397);
#1331 = AXIS2_PLACEMENT_3D('',#1332,#1333,#1334);
#1332 = CARTESIAN_POINT('',(7.,1.6,58.5));
#1333 = DIRECTION('',(0.,1.,0.));
#1334 = DIRECTION('',(0.,0.,1.));
#1335 = ADVANCED_FACE('',(#1336),#1355,.T.);
#1336 = FACE_BOUND('',#1337,.T.);
#1337 = EDGE_LOOP('',(#1338,#1339,#1348,#1354));
#1338 = ORIENTED_EDGE('',*,*,#1307,.F.);
#1339 = ORIENTED_EDGE('',*,*,#1340,.T.);
#1340 = EDGE_CURVE('',#962,#1341,#1343,.T.);
#1341 = VERTEX_POINT('',#1342);
#1342 = CARTESIAN_POINT('',(115.5,1.6,65.5));
#1343 = CIRCLE('',#1344,7.);
#1344 = AXIS2_PLACEMENT_3D('',#1345,#1346,#1347);
#1345 = CARTESIAN_POINT('',(115.5,1.6,58.5));
#1346 = DIRECTION('',(0.,-1.,0.));
#1347 = DIRECTION('',(1.,0.,1.015061051086E-15));
#1348 = ORIENTED_EDGE('',*,*,#1349,.T.);
#1349 = EDGE_CURVE('',#1341,#634,#1350,.T.);
#1350 = LINE('',#1351,#1352);
#1351 = CARTESIAN_POINT('',(115.5,1.6,65.5));
#1352 = VECTOR('',#1353,1.);
#1353 = DIRECTION('',(-1.36666144656E-15,-0.707106781187,-0.707106781187
    ));
#1354 = ORIENTED_EDGE('',*,*,#633,.F.);
#1355 = CONICAL_SURFACE('',#1356,7.,0.785398163397);
#1356 = AXIS2_PLACEMENT_3D('',#1357,#1358,#1359);
#1357 = CARTESIAN_POINT('',(115.5,1.6,58.5));
#1358 = DIRECTION('',(0.,1.,0.));
#1359 = DIRECTION('',(1.,0.,1.015061051086E-15));
#1360 = ADVANCED_FACE('',(#1361),#1372,.T.);
#1361 = FACE_BOUND('',#1362,.T.);
#1362 = EDGE_LOOP('',(#1363,#1364,#1370,#1371));
#1363 = ORIENTED_EDGE('',*,*,#1349,.F.);
#1364 = ORIENTED_EDGE('',*,*,#1365,.T.);
#1365 = EDGE_CURVE('',#1341,#1123,#1366,.T.);
#1366 = LINE('',#1367,#1368);
#1367 = CARTESIAN_POINT('',(115.5,1.6,65.5));
#1368 = VECTOR('',#1369,1.);
#1369 = DIRECTION('',(-1.,0.,0.));
#1370 = ORIENTED_EDGE('',*,*,#1322,.T.);
#1371 = ORIENTED_EDGE('',*,*,#642,.F.);
#1372 = PLANE('',#1373);
#1373 = AXIS2_PLACEMENT_3D('',#1374,#1375,#1376);
#1374 = CARTESIAN_POINT('',(115.5,0.8,64.7));
#1375 = DIRECTION('',(-2.845724904161E-17,-0.707106781187,0.707106781187
    ));
#1376 = DIRECTION('',(-1.,2.012231377123E-17,-2.012231377123E-17));
#1377 = ADVANCED_FACE('',(#1378),#1402,.F.);
#1378 = FACE_BOUND('',#1379,.T.);
#1379 = EDGE_LOOP('',(#1380,#1387,#1388,#1395));
#1380 = ORIENTED_EDGE('',*,*,#1381,.F.);
#1381 = EDGE_CURVE('',#671,#1382,#1384,.T.);
#1382 = VERTEX_POINT('',#1383);
#1383 = CARTESIAN_POINT('',(78.5,1.4,8.05));
#1384 = B_SPLINE_CURVE_WITH_KNOTS('',1,(#1385,#1386),.UNSPECIFIED.,.F.,
  .F.,(2,2),(0.,1.),.PIECEWISE_BEZIER_KNOTS.);
#1385 = CARTESIAN_POINT('',(78.5,-1.E-02,6.65));
#1386 = CARTESIAN_POINT('',(78.5,1.4,8.05));
#1387 = ORIENTED_EDGE('',*,*,#668,.F.);
#1388 = ORIENTED_EDGE('',*,*,#1389,.T.);
#1389 = EDGE_CURVE('',#669,#1390,#1392,.T.);
#1390 = VERTEX_POINT('',#1391);
#1391 = CARTESIAN_POINT('',(79.7,1.4,9.25));
#1392 = B_SPLINE_CURVE_WITH_KNOTS('',1,(#1393,#1394),.UNSPECIFIED.,.F.,
  .F.,(2,2),(0.,1.),.PIECEWISE_BEZIER_KNOTS.);
#1393 = CARTESIAN_POINT('',(81.1,-1.E-02,9.25));
#1394 = CARTESIAN_POINT('',(79.7,1.4,9.25));
#1395 = ORIENTED_EDGE('',*,*,#1396,.F.);
#1396 = EDGE_CURVE('',#1382,#1390,#1397,.T.);
#1397 = CIRCLE('',#1398,1.2);
#1398 = AXIS2_PLACEMENT_3D('',#1399,#1400,#1401);
#1399 = CARTESIAN_POINT('',(78.5,1.4,9.25));
#1400 = DIRECTION('',(0.,-1.,0.));
#1401 = DIRECTION('',(0.,0.,-1.));
#1402 = CONICAL_SURFACE('',#1403,2.6,0.781839459559);
#1403 = AXIS2_PLACEMENT_3D('',#1404,#1405,#1406);
#1404 = CARTESIAN_POINT('',(78.5,-1.E-02,9.25));
#1405 = DIRECTION('',(0.,-1.,0.));
#1406 = DIRECTION('',(0.,0.,-1.));
#1407 = ADVANCED_FACE('',(#1408),#1425,.T.);
#1408 = FACE_BOUND('',#1409,.T.);
#1409 = EDGE_LOOP('',(#1410,#1411,#1412,#1419));
#1410 = ORIENTED_EDGE('',*,*,#1389,.F.);
#1411 = ORIENTED_EDGE('',*,*,#730,.F.);
#1412 = ORIENTED_EDGE('',*,*,#1413,.T.);
#1413 = EDGE_CURVE('',#722,#1414,#1416,.T.);
#1414 = VERTEX_POINT('',#1415);
#1415 = CARTESIAN_POINT('',(79.7,1.4,56.25));
#1416 = B_SPLINE_CURVE_WITH_KNOTS('',1,(#1417,#1418),.UNSPECIFIED.,.F.,
  .F.,(2,2),(0.,1.),.PIECEWISE_BEZIER_KNOTS.);
#1417 = CARTESIAN_POINT('',(81.1,-1.E-02,56.25));
#1418 = CARTESIAN_POINT('',(79.7,1.4,56.25));
#1419 = ORIENTED_EDGE('',*,*,#1420,.F.);
#1420 = EDGE_CURVE('',#1390,#1414,#1421,.T.);
#1421 = LINE('',#1422,#1423);
#1422 = CARTESIAN_POINT('',(79.7,1.4,9.25));
#1423 = VECTOR('',#1424,1.);
#1424 = DIRECTION('',(0.,0.,1.));
#1425 = PLANE('',#1426);
#1426 = AXIS2_PLACEMENT_3D('',#1427,#1428,#1429);
#1427 = CARTESIAN_POINT('',(79.7,1.4,9.25));
#1428 = DIRECTION('',(-0.709618681964,-0.704585925354,0.));
#1429 = DIRECTION('',(0.,0.,1.));
#1430 = ADVANCED_FACE('',(#1431),#1448,.T.);
#1431 = FACE_BOUND('',#1432,.T.);
#1432 = EDGE_LOOP('',(#1433,#1440,#1441,#1442));
#1433 = ORIENTED_EDGE('',*,*,#1434,.F.);
#1434 = EDGE_CURVE('',#680,#1435,#1437,.T.);
#1435 = VERTEX_POINT('',#1436);
#1436 = CARTESIAN_POINT('',(15.3,1.4,8.05));
#1437 = B_SPLINE_CURVE_WITH_KNOTS('',1,(#1438,#1439),.UNSPECIFIED.,.F.,
  .F.,(2,2),(0.,1.),.PIECEWISE_BEZIER_KNOTS.);
#1438 = CARTESIAN_POINT('',(15.3,-1.E-02,6.65));
#1439 = CARTESIAN_POINT('',(15.3,1.4,8.05));
#1440 = ORIENTED_EDGE('',*,*,#679,.F.);
#1441 = ORIENTED_EDGE('',*,*,#1381,.T.);
#1442 = ORIENTED_EDGE('',*,*,#1443,.F.);
#1443 = EDGE_CURVE('',#1435,#1382,#1444,.T.);
#1444 = LINE('',#1445,#1446);
#1445 = CARTESIAN_POINT('',(15.3,1.4,8.05));
#1446 = VECTOR('',#1447,1.);
#1447 = DIRECTION('',(1.,0.,0.));
#1448 = PLANE('',#1449);
#1449 = AXIS2_PLACEMENT_3D('',#1450,#1451,#1452);
#1450 = CARTESIAN_POINT('',(15.3,1.4,8.05));
#1451 = DIRECTION('',(0.,-0.704585925354,0.709618681964));
#1452 = DIRECTION('',(1.,0.,0.));
#1453 = ADVANCED_FACE('',(#1454),#1472,.F.);
#1454 = FACE_BOUND('',#1455,.T.);
#1455 = EDGE_LOOP('',(#1456,#1457,#1458,#1465));
#1456 = ORIENTED_EDGE('',*,*,#1413,.F.);
#1457 = ORIENTED_EDGE('',*,*,#721,.F.);
#1458 = ORIENTED_EDGE('',*,*,#1459,.T.);
#1459 = EDGE_CURVE('',#714,#1460,#1462,.T.);
#1460 = VERTEX_POINT('',#1461);
#1461 = CARTESIAN_POINT('',(78.5,1.4,57.45));
#1462 = B_SPLINE_CURVE_WITH_KNOTS('',1,(#1463,#1464),.UNSPECIFIED.,.F.,
  .F.,(2,2),(0.,1.),.PIECEWISE_BEZIER_KNOTS.);
#1463 = CARTESIAN_POINT('',(78.5,-1.E-02,58.85));
#1464 = CARTESIAN_POINT('',(78.5,1.4,57.45));
#1465 = ORIENTED_EDGE('',*,*,#1466,.F.);
#1466 = EDGE_CURVE('',#1414,#1460,#1467,.T.);
#1467 = CIRCLE('',#1468,1.2);
#1468 = AXIS2_PLACEMENT_3D('',#1469,#1470,#1471);
#1469 = CARTESIAN_POINT('',(78.5,1.4,56.25));
#1470 = DIRECTION('',(0.,-1.,0.));
#1471 = DIRECTION('',(1.,0.,-5.921189464668E-15));
#1472 = CONICAL_SURFACE('',#1473,2.6,0.781839459559);
#1473 = AXIS2_PLACEMENT_3D('',#1474,#1475,#1476);
#1474 = CARTESIAN_POINT('',(78.5,-1.E-02,56.25));
#1475 = DIRECTION('',(0.,-1.,0.));
#1476 = DIRECTION('',(1.,0.,0.));
#1477 = ADVANCED_FACE('',(#1478),#1496,.F.);
#1478 = FACE_BOUND('',#1479,.T.);
#1479 = EDGE_LOOP('',(#1480,#1487,#1488,#1489));
#1480 = ORIENTED_EDGE('',*,*,#1481,.F.);
#1481 = EDGE_CURVE('',#688,#1482,#1484,.T.);
#1482 = VERTEX_POINT('',#1483);
#1483 = CARTESIAN_POINT('',(14.1,1.4,9.25));
#1484 = B_SPLINE_CURVE_WITH_KNOTS('',1,(#1485,#1486),.UNSPECIFIED.,.F.,
  .F.,(2,2),(0.,1.),.PIECEWISE_BEZIER_KNOTS.);
#1485 = CARTESIAN_POINT('',(12.7,-1.E-02,9.25));
#1486 = CARTESIAN_POINT('',(14.1,1.4,9.25));
#1487 = ORIENTED_EDGE('',*,*,#687,.F.);
#1488 = ORIENTED_EDGE('',*,*,#1434,.T.);
#1489 = ORIENTED_EDGE('',*,*,#1490,.F.);
#1490 = EDGE_CURVE('',#1482,#1435,#1491,.T.);
#1491 = CIRCLE('',#1492,1.2);
#1492 = AXIS2_PLACEMENT_3D('',#1493,#1494,#1495);
#1493 = CARTESIAN_POINT('',(15.3,1.4,9.25));
#1494 = DIRECTION('',(0.,-1.,0.));
#1495 = DIRECTION('',(-1.,0.,0.));
#1496 = CONICAL_SURFACE('',#1497,2.6,0.781839459559);
#1497 = AXIS2_PLACEMENT_3D('',#1498,#1499,#1500);
#1498 = CARTESIAN_POINT('',(15.3,-1.E-02,9.25));
#1499 = DIRECTION('',(0.,-1.,0.));
#1500 = DIRECTION('',(-1.,0.,0.));
#1501 = ADVANCED_FACE('',(#1502),#1519,.T.);
#1502 = FACE_BOUND('',#1503,.T.);
#1503 = EDGE_LOOP('',(#1504,#1505,#1506,#1513));
#1504 = ORIENTED_EDGE('',*,*,#1459,.F.);
#1505 = ORIENTED_EDGE('',*,*,#713,.F.);
#1506 = ORIENTED_EDGE('',*,*,#1507,.T.);
#1507 = EDGE_CURVE('',#705,#1508,#1510,.T.);
#1508 = VERTEX_POINT('',#1509);
#1509 = CARTESIAN_POINT('',(15.3,1.4,57.45));
#1510 = B_SPLINE_CURVE_WITH_KNOTS('',1,(#1511,#1512),.UNSPECIFIED.,.F.,
  .F.,(2,2),(0.,1.),.PIECEWISE_BEZIER_KNOTS.);
#1511 = CARTESIAN_POINT('',(15.3,-1.E-02,58.85));
#1512 = CARTESIAN_POINT('',(15.3,1.4,57.45));
#1513 = ORIENTED_EDGE('',*,*,#1514,.F.);
#1514 = EDGE_CURVE('',#1460,#1508,#1515,.T.);
#1515 = LINE('',#1516,#1517);
#1516 = CARTESIAN_POINT('',(78.5,1.4,57.45));
#1517 = VECTOR('',#1518,1.);
#1518 = DIRECTION('',(-1.,0.,0.));
#1519 = PLANE('',#1520);
#1520 = AXIS2_PLACEMENT_3D('',#1521,#1522,#1523);
#1521 = CARTESIAN_POINT('',(78.5,1.4,57.45));
#1522 = DIRECTION('',(-0.,-0.704585925354,-0.709618681964));
#1523 = DIRECTION('',(-1.,0.,0.));
#1524 = ADVANCED_FACE('',(#1525),#1542,.T.);
#1525 = FACE_BOUND('',#1526,.T.);
#1526 = EDGE_LOOP('',(#1527,#1534,#1535,#1536));
#1527 = ORIENTED_EDGE('',*,*,#1528,.F.);
#1528 = EDGE_CURVE('',#697,#1529,#1531,.T.);
#1529 = VERTEX_POINT('',#1530);
#1530 = CARTESIAN_POINT('',(14.1,1.4,56.25));
#1531 = B_SPLINE_CURVE_WITH_KNOTS('',1,(#1532,#1533),.UNSPECIFIED.,.F.,
  .F.,(2,2),(0.,1.),.PIECEWISE_BEZIER_KNOTS.);
#1532 = CARTESIAN_POINT('',(12.7,-1.E-02,56.25));
#1533 = CARTESIAN_POINT('',(14.1,1.4,56.25));
#1534 = ORIENTED_EDGE('',*,*,#696,.F.);
#1535 = ORIENTED_EDGE('',*,*,#1481,.T.);
#1536 = ORIENTED_EDGE('',*,*,#1537,.F.);
#1537 = EDGE_CURVE('',#1529,#1482,#1538,.T.);
#1538 = LINE('',#1539,#1540);
#1539 = CARTESIAN_POINT('',(14.1,1.4,56.25));
#1540 = VECTOR('',#1541,1.);
#1541 = DIRECTION('',(0.,0.,-1.));
#1542 = PLANE('',#1543);
#1543 = AXIS2_PLACEMENT_3D('',#1544,#1545,#1546);
#1544 = CARTESIAN_POINT('',(14.1,1.4,56.25));
#1545 = DIRECTION('',(0.709618681964,-0.704585925354,0.));
#1546 = DIRECTION('',(0.,0.,-1.));
#1547 = ADVANCED_FACE('',(#1548),#1560,.F.);
#1548 = FACE_BOUND('',#1549,.T.);
#1549 = EDGE_LOOP('',(#1550,#1551,#1552,#1553));
#1550 = ORIENTED_EDGE('',*,*,#1507,.F.);
#1551 = ORIENTED_EDGE('',*,*,#704,.F.);
#1552 = ORIENTED_EDGE('',*,*,#1528,.T.);
#1553 = ORIENTED_EDGE('',*,*,#1554,.F.);
#1554 = EDGE_CURVE('',#1508,#1529,#1555,.T.);
#1555 = CIRCLE('',#1556,1.2);
#1556 = AXIS2_PLACEMENT_3D('',#1557,#1558,#1559);
#1557 = CARTESIAN_POINT('',(15.3,1.4,56.25));
#1558 = DIRECTION('',(0.,-1.,0.));
#1559 = DIRECTION('',(5.921189464668E-15,0.,1.));
#1560 = CONICAL_SURFACE('',#1561,2.6,0.781839459559);
#1561 = AXIS2_PLACEMENT_3D('',#1562,#1563,#1564);
#1562 = CARTESIAN_POINT('',(15.3,-1.E-02,56.25));
#1563 = DIRECTION('',(0.,-1.,0.));
#1564 = DIRECTION('',(6.832141690001E-16,0.,1.));
#1565 = ADVANCED_FACE('',(#1566),#1590,.F.);
#1566 = FACE_BOUND('',#1567,.T.);
#1567 = EDGE_LOOP('',(#1568,#1575,#1576,#1583));
#1568 = ORIENTED_EDGE('',*,*,#1569,.F.);
#1569 = EDGE_CURVE('',#741,#1570,#1572,.T.);
#1570 = VERTEX_POINT('',#1571);
#1571 = CARTESIAN_POINT('',(110.6,1.,28.45));
#1572 = B_SPLINE_CURVE_WITH_KNOTS('',1,(#1573,#1574),.UNSPECIFIED.,.F.,
  .F.,(2,2),(0.,1.),.PIECEWISE_BEZIER_KNOTS.);
#1573 = CARTESIAN_POINT('',(110.6,-1.E-02,27.45));
#1574 = CARTESIAN_POINT('',(110.6,1.,28.45));
#1575 = ORIENTED_EDGE('',*,*,#738,.F.);
#1576 = ORIENTED_EDGE('',*,*,#1577,.T.);
#1577 = EDGE_CURVE('',#739,#1578,#1580,.T.);
#1578 = VERTEX_POINT('',#1579);
#1579 = CARTESIAN_POINT('',(111.6,1.,29.45));
#1580 = B_SPLINE_CURVE_WITH_KNOTS('',1,(#1581,#1582),.UNSPECIFIED.,.F.,
  .F.,(2,2),(0.,1.),.PIECEWISE_BEZIER_KNOTS.);
#1581 = CARTESIAN_POINT('',(112.6,-1.E-02,29.45));
#1582 = CARTESIAN_POINT('',(111.6,1.,29.45));
#1583 = ORIENTED_EDGE('',*,*,#1584,.F.);
#1584 = EDGE_CURVE('',#1570,#1578,#1585,.T.);
#1585 = CIRCLE('',#1586,1.);
#1586 = AXIS2_PLACEMENT_3D('',#1587,#1588,#1589);
#1587 = CARTESIAN_POINT('',(110.6,1.,29.45));
#1588 = DIRECTION('',(0.,-1.,0.));
#1589 = DIRECTION('',(-1.42108547152E-14,-0.,-1.));
#1590 = CONICAL_SURFACE('',#1591,2.,0.780423080067);
#1591 = AXIS2_PLACEMENT_3D('',#1592,#1593,#1594);
#1592 = CARTESIAN_POINT('',(110.6,-1.E-02,29.45));
#1593 = DIRECTION('',(0.,-1.,0.));
#1594 = DIRECTION('',(0.,0.,-1.));
#1595 = ADVANCED_FACE('',(#1596),#1613,.T.);
#1596 = FACE_BOUND('',#1597,.T.);
#1597 = EDGE_LOOP('',(#1598,#1599,#1600,#1607));
#1598 = ORIENTED_EDGE('',*,*,#1577,.F.);
#1599 = ORIENTED_EDGE('',*,*,#800,.F.);
#1600 = ORIENTED_EDGE('',*,*,#1601,.T.);
#1601 = EDGE_CURVE('',#792,#1602,#1604,.T.);
#1602 = VERTEX_POINT('',#1603);
#1603 = CARTESIAN_POINT('',(111.6,1.,56.45));
#1604 = B_SPLINE_CURVE_WITH_KNOTS('',1,(#1605,#1606),.UNSPECIFIED.,.F.,
  .F.,(2,2),(0.,1.),.PIECEWISE_BEZIER_KNOTS.);
#1605 = CARTESIAN_POINT('',(112.6,-1.E-02,56.45));
#1606 = CARTESIAN_POINT('',(111.6,1.,56.45));
#1607 = ORIENTED_EDGE('',*,*,#1608,.F.);
#1608 = EDGE_CURVE('',#1578,#1602,#1609,.T.);
#1609 = LINE('',#1610,#1611);
#1610 = CARTESIAN_POINT('',(111.6,1.,29.45));
#1611 = VECTOR('',#1612,1.);
#1612 = DIRECTION('',(0.,0.,1.));
#1613 = PLANE('',#1614);
#1614 = AXIS2_PLACEMENT_3D('',#1615,#1616,#1617);
#1615 = CARTESIAN_POINT('',(111.6,1.,29.45));
#1616 = DIRECTION('',(-0.710615930892,-0.703580129596,0.));
#1617 = DIRECTION('',(0.,0.,1.));
#1618 = ADVANCED_FACE('',(#1619),#1636,.T.);
#1619 = FACE_BOUND('',#1620,.T.);
#1620 = EDGE_LOOP('',(#1621,#1628,#1629,#1630));
#1621 = ORIENTED_EDGE('',*,*,#1622,.F.);
#1622 = EDGE_CURVE('',#750,#1623,#1625,.T.);
#1623 = VERTEX_POINT('',#1624);
#1624 = CARTESIAN_POINT('',(91.6,1.,28.45));
#1625 = B_SPLINE_CURVE_WITH_KNOTS('',1,(#1626,#1627),.UNSPECIFIED.,.F.,
  .F.,(2,2),(0.,1.),.PIECEWISE_BEZIER_KNOTS.);
#1626 = CARTESIAN_POINT('',(91.6,-1.E-02,27.45));
#1627 = CARTESIAN_POINT('',(91.6,1.,28.45));
#1628 = ORIENTED_EDGE('',*,*,#749,.F.);
#1629 = ORIENTED_EDGE('',*,*,#1569,.T.);
#1630 = ORIENTED_EDGE('',*,*,#1631,.F.);
#1631 = EDGE_CURVE('',#1623,#1570,#1632,.T.);
#1632 = LINE('',#1633,#1634);
#1633 = CARTESIAN_POINT('',(91.6,1.,28.45));
#1634 = VECTOR('',#1635,1.);
#1635 = DIRECTION('',(1.,0.,0.));
#1636 = PLANE('',#1637);
#1637 = AXIS2_PLACEMENT_3D('',#1638,#1639,#1640);
#1638 = CARTESIAN_POINT('',(91.6,1.,28.45));
#1639 = DIRECTION('',(0.,-0.703580129596,0.710615930892));
#1640 = DIRECTION('',(1.,0.,0.));
#1641 = ADVANCED_FACE('',(#1642),#1660,.F.);
#1642 = FACE_BOUND('',#1643,.T.);
#1643 = EDGE_LOOP('',(#1644,#1645,#1646,#1653));
#1644 = ORIENTED_EDGE('',*,*,#1601,.F.);
#1645 = ORIENTED_EDGE('',*,*,#791,.F.);
#1646 = ORIENTED_EDGE('',*,*,#1647,.T.);
#1647 = EDGE_CURVE('',#784,#1648,#1650,.T.);
#1648 = VERTEX_POINT('',#1649);
#1649 = CARTESIAN_POINT('',(110.6,1.,57.45));
#1650 = B_SPLINE_CURVE_WITH_KNOTS('',1,(#1651,#1652),.UNSPECIFIED.,.F.,
  .F.,(2,2),(0.,1.),.PIECEWISE_BEZIER_KNOTS.);
#1651 = CARTESIAN_POINT('',(110.6,-1.E-02,58.45));
#1652 = CARTESIAN_POINT('',(110.6,1.,57.45));
#1653 = ORIENTED_EDGE('',*,*,#1654,.F.);
#1654 = EDGE_CURVE('',#1602,#1648,#1655,.T.);
#1655 = CIRCLE('',#1656,1.);
#1656 = AXIS2_PLACEMENT_3D('',#1657,#1658,#1659);
#1657 = CARTESIAN_POINT('',(110.6,1.,56.45));
#1658 = DIRECTION('',(0.,-1.,0.));
#1659 = DIRECTION('',(1.,0.,-1.42108547152E-14));
#1660 = CONICAL_SURFACE('',#1661,2.,0.780423080067);
#1661 = AXIS2_PLACEMENT_3D('',#1662,#1663,#1664);
#1662 = CARTESIAN_POINT('',(110.6,-1.E-02,56.45));
#1663 = DIRECTION('',(0.,-1.,0.));
#1664 = DIRECTION('',(1.,0.,3.552713678801E-15));
#1665 = ADVANCED_FACE('',(#1666),#1684,.F.);
#1666 = FACE_BOUND('',#1667,.T.);
#1667 = EDGE_LOOP('',(#1668,#1675,#1676,#1677));
#1668 = ORIENTED_EDGE('',*,*,#1669,.F.);
#1669 = EDGE_CURVE('',#758,#1670,#1672,.T.);
#1670 = VERTEX_POINT('',#1671);
#1671 = CARTESIAN_POINT('',(90.6,1.,29.45));
#1672 = B_SPLINE_CURVE_WITH_KNOTS('',1,(#1673,#1674),.UNSPECIFIED.,.F.,
  .F.,(2,2),(0.,1.),.PIECEWISE_BEZIER_KNOTS.);
#1673 = CARTESIAN_POINT('',(89.6,-1.E-02,29.45));
#1674 = CARTESIAN_POINT('',(90.6,1.,29.45));
#1675 = ORIENTED_EDGE('',*,*,#757,.F.);
#1676 = ORIENTED_EDGE('',*,*,#1622,.T.);
#1677 = ORIENTED_EDGE('',*,*,#1678,.F.);
#1678 = EDGE_CURVE('',#1670,#1623,#1679,.T.);
#1679 = CIRCLE('',#1680,1.);
#1680 = AXIS2_PLACEMENT_3D('',#1681,#1682,#1683);
#1681 = CARTESIAN_POINT('',(91.6,1.,29.45));
#1682 = DIRECTION('',(0.,-1.,0.));
#1683 = DIRECTION('',(-1.,0.,7.105427357601E-15));
#1684 = CONICAL_SURFACE('',#1685,2.,0.780423080067);
#1685 = AXIS2_PLACEMENT_3D('',#1686,#1687,#1688);
#1686 = CARTESIAN_POINT('',(91.6,-1.E-02,29.45));
#1687 = DIRECTION('',(0.,-1.,0.));
#1688 = DIRECTION('',(-1.,-0.,-1.7763568394E-15));
#1689 = ADVANCED_FACE('',(#1690),#1707,.T.);
#1690 = FACE_BOUND('',#1691,.T.);
#1691 = EDGE_LOOP('',(#1692,#1693,#1694,#1701));
#1692 = ORIENTED_EDGE('',*,*,#1647,.F.);
#1693 = ORIENTED_EDGE('',*,*,#783,.F.);
#1694 = ORIENTED_EDGE('',*,*,#1695,.T.);
#1695 = EDGE_CURVE('',#775,#1696,#1698,.T.);
#1696 = VERTEX_POINT('',#1697);
#1697 = CARTESIAN_POINT('',(91.6,1.,57.45));
#1698 = B_SPLINE_CURVE_WITH_KNOTS('',1,(#1699,#1700),.UNSPECIFIED.,.F.,
  .F.,(2,2),(0.,1.),.PIECEWISE_BEZIER_KNOTS.);
#1699 = CARTESIAN_POINT('',(91.6,-1.E-02,58.45));
#1700 = CARTESIAN_POINT('',(91.6,1.,57.45));
#1701 = ORIENTED_EDGE('',*,*,#1702,.F.);
#1702 = EDGE_CURVE('',#1648,#1696,#1703,.T.);
#1703 = LINE('',#1704,#1705);
#1704 = CARTESIAN_POINT('',(110.6,1.,57.45));
#1705 = VECTOR('',#1706,1.);
#1706 = DIRECTION('',(-1.,0.,0.));
#1707 = PLANE('',#1708);
#1708 = AXIS2_PLACEMENT_3D('',#1709,#1710,#1711);
#1709 = CARTESIAN_POINT('',(110.6,1.,57.45));
#1710 = DIRECTION('',(-0.,-0.703580129596,-0.710615930892));
#1711 = DIRECTION('',(-1.,0.,0.));
#1712 = ADVANCED_FACE('',(#1713),#1730,.T.);
#1713 = FACE_BOUND('',#1714,.T.);
#1714 = EDGE_LOOP('',(#1715,#1722,#1723,#1724));
#1715 = ORIENTED_EDGE('',*,*,#1716,.F.);
#1716 = EDGE_CURVE('',#767,#1717,#1719,.T.);
#1717 = VERTEX_POINT('',#1718);
#1718 = CARTESIAN_POINT('',(90.6,1.,56.45));
#1719 = B_SPLINE_CURVE_WITH_KNOTS('',1,(#1720,#1721),.UNSPECIFIED.,.F.,
  .F.,(2,2),(0.,1.),.PIECEWISE_BEZIER_KNOTS.);
#1720 = CARTESIAN_POINT('',(89.6,-1.E-02,56.45));
#1721 = CARTESIAN_POINT('',(90.6,1.,56.45));
#1722 = ORIENTED_EDGE('',*,*,#766,.F.);
#1723 = ORIENTED_EDGE('',*,*,#1669,.T.);
#1724 = ORIENTED_EDGE('',*,*,#1725,.F.);
#1725 = EDGE_CURVE('',#1717,#1670,#1726,.T.);
#1726 = LINE('',#1727,#1728);
#1727 = CARTESIAN_POINT('',(90.6,1.,56.45));
#1728 = VECTOR('',#1729,1.);
#1729 = DIRECTION('',(0.,0.,-1.));
#1730 = PLANE('',#1731);
#1731 = AXIS2_PLACEMENT_3D('',#1732,#1733,#1734);
#1732 = CARTESIAN_POINT('',(90.6,1.,56.45));
#1733 = DIRECTION('',(0.710615930892,-0.703580129596,0.));
#1734 = DIRECTION('',(0.,0.,-1.));
#1735 = ADVANCED_FACE('',(#1736),#1748,.F.);
#1736 = FACE_BOUND('',#1737,.T.);
#1737 = EDGE_LOOP('',(#1738,#1739,#1740,#1741));
#1738 = ORIENTED_EDGE('',*,*,#1695,.F.);
#1739 = ORIENTED_EDGE('',*,*,#774,.F.);
#1740 = ORIENTED_EDGE('',*,*,#1716,.T.);
#1741 = ORIENTED_EDGE('',*,*,#1742,.F.);
#1742 = EDGE_CURVE('',#1696,#1717,#1743,.T.);
#1743 = CIRCLE('',#1744,1.);
#1744 = AXIS2_PLACEMENT_3D('',#1745,#1746,#1747);
#1745 = CARTESIAN_POINT('',(91.6,1.,56.45));
#1746 = DIRECTION('',(0.,-1.,0.));
#1747 = DIRECTION('',(1.42108547152E-14,0.,1.));
#1748 = CONICAL_SURFACE('',#1749,2.,0.780423080067);
#1749 = AXIS2_PLACEMENT_3D('',#1750,#1751,#1752);
#1750 = CARTESIAN_POINT('',(91.6,-1.E-02,56.45));
#1751 = DIRECTION('',(0.,-1.,0.));
#1752 = DIRECTION('',(0.,0.,1.));
#1753 = ADVANCED_FACE('',(#1754),#1773,.F.);
#1754 = FACE_BOUND('',#1755,.F.);
#1755 = EDGE_LOOP('',(#1756,#1765,#1771,#1772));
#1756 = ORIENTED_EDGE('',*,*,#1757,.F.);
#1757 = EDGE_CURVE('',#1758,#1758,#1760,.T.);
#1758 = VERTEX_POINT('',#1759);
#1759 = CARTESIAN_POINT('',(111.4,1.8,23.2));
#1760 = CIRCLE('',#1761,3.9);
#1761 = AXIS2_PLACEMENT_3D('',#1762,#1763,#1764);
#1762 = CARTESIAN_POINT('',(111.4,1.8,19.3));
#1763 = DIRECTION('',(0.,1.,0.));
#1764 = DIRECTION('',(0.,0.,1.));
#1765 = ORIENTED_EDGE('',*,*,#1766,.F.);
#1766 = EDGE_CURVE('',#809,#1758,#1767,.T.);
#1767 = LINE('',#1768,#1769);
#1768 = CARTESIAN_POINT('',(111.4,-1.,23.2));
#1769 = VECTOR('',#1770,1.);
#1770 = DIRECTION('',(0.,1.,0.));
#1771 = ORIENTED_EDGE('',*,*,#808,.T.);
#1772 = ORIENTED_EDGE('',*,*,#1766,.T.);
#1773 = CYLINDRICAL_SURFACE('',#1774,3.9);
#1774 = AXIS2_PLACEMENT_3D('',#1775,#1776,#1777);
#1775 = CARTESIAN_POINT('',(111.4,-1.,19.3));
#1776 = DIRECTION('',(0.,1.,0.));
#1777 = DIRECTION('',(0.,0.,1.));
#1778 = ADVANCED_FACE('',(#1779),#1798,.F.);
#1779 = FACE_BOUND('',#1780,.F.);
#1780 = EDGE_LOOP('',(#1781,#1790,#1796,#1797));
#1781 = ORIENTED_EDGE('',*,*,#1782,.F.);
#1782 = EDGE_CURVE('',#1783,#1783,#1785,.T.);
#1783 = VERTEX_POINT('',#1784);
#1784 = CARTESIAN_POINT('',(111.4,3.29,13.2));
#1785 = CIRCLE('',#1786,1.);
#1786 = AXIS2_PLACEMENT_3D('',#1787,#1788,#1789);
#1787 = CARTESIAN_POINT('',(111.4,3.29,12.2));
#1788 = DIRECTION('',(0.,1.,0.));
#1789 = DIRECTION('',(0.,0.,1.));
#1790 = ORIENTED_EDGE('',*,*,#1791,.F.);
#1791 = EDGE_CURVE('',#820,#1783,#1792,.T.);
#1792 = LINE('',#1793,#1794);
#1793 = CARTESIAN_POINT('',(111.4,-1.,13.2));
#1794 = VECTOR('',#1795,1.);
#1795 = DIRECTION('',(0.,1.,0.));
#1796 = ORIENTED_EDGE('',*,*,#819,.T.);
#1797 = ORIENTED_EDGE('',*,*,#1791,.T.);
#1798 = CYLINDRICAL_SURFACE('',#1799,1.);
#1799 = AXIS2_PLACEMENT_3D('',#1800,#1801,#1802);
#1800 = CARTESIAN_POINT('',(111.4,-1.,12.2));
#1801 = DIRECTION('',(0.,1.,0.));
#1802 = DIRECTION('',(0.,0.,1.));
#1803 = ADVANCED_FACE('',(#1804),#1823,.F.);
#1804 = FACE_BOUND('',#1805,.F.);
#1805 = EDGE_LOOP('',(#1806,#1815,#1816,#1817));
#1806 = ORIENTED_EDGE('',*,*,#1807,.F.);
#1807 = EDGE_CURVE('',#1071,#1808,#1810,.T.);
#1808 = VERTEX_POINT('',#1809);
#1809 = CARTESIAN_POINT('',(120.9,12.6,3.6));
#1810 = CIRCLE('',#1811,2.);
#1811 = AXIS2_PLACEMENT_3D('',#1812,#1813,#1814);
#1812 = CARTESIAN_POINT('',(118.9,12.6,3.6));
#1813 = DIRECTION('',(0.,-1.,0.));
#1814 = DIRECTION('',(0.,0.,-1.));
#1815 = ORIENTED_EDGE('',*,*,#1096,.T.);
#1816 = ORIENTED_EDGE('',*,*,#881,.T.);
#1817 = ORIENTED_EDGE('',*,*,#1818,.F.);
#1818 = EDGE_CURVE('',#1808,#873,#1819,.T.);
#1819 = LINE('',#1820,#1821);
#1820 = CARTESIAN_POINT('',(120.9,12.6,3.6));
#1821 = VECTOR('',#1822,1.);
#1822 = DIRECTION('',(0.,1.,0.));
#1823 = CYLINDRICAL_SURFACE('',#1824,2.);
#1824 = AXIS2_PLACEMENT_3D('',#1825,#1826,#1827);
#1825 = CARTESIAN_POINT('',(118.9,12.6,3.6));
#1826 = DIRECTION('',(0.,-1.,0.));
#1827 = DIRECTION('',(0.,0.,-1.));
#1828 = ADVANCED_FACE('',(#1829),#1864,.F.);
#1829 = FACE_BOUND('',#1830,.F.);
#1830 = EDGE_LOOP('',(#1831,#1839,#1840,#1841,#1849,#1858));
#1831 = ORIENTED_EDGE('',*,*,#1832,.F.);
#1832 = EDGE_CURVE('',#1808,#1833,#1835,.T.);
#1833 = VERTEX_POINT('',#1834);
#1834 = CARTESIAN_POINT('',(120.9,12.6,61.9));
#1835 = LINE('',#1836,#1837);
#1836 = CARTESIAN_POINT('',(120.9,12.6,3.6));
#1837 = VECTOR('',#1838,1.);
#1838 = DIRECTION('',(0.,0.,1.));
#1839 = ORIENTED_EDGE('',*,*,#1818,.T.);
#1840 = ORIENTED_EDGE('',*,*,#872,.F.);
#1841 = ORIENTED_EDGE('',*,*,#1842,.T.);
#1842 = EDGE_CURVE('',#864,#1843,#1845,.T.);
#1843 = VERTEX_POINT('',#1844);
#1844 = CARTESIAN_POINT('',(120.9,15.,61.546309242346));
#1845 = LINE('',#1846,#1847);
#1846 = CARTESIAN_POINT('',(120.9,15.,18.175));
#1847 = VECTOR('',#1848,1.);
#1848 = DIRECTION('',(0.,0.,1.));
#1849 = ORIENTED_EDGE('',*,*,#1850,.F.);
#1850 = EDGE_CURVE('',#1851,#1843,#1853,.T.);
#1851 = VERTEX_POINT('',#1852);
#1852 = CARTESIAN_POINT('',(120.9,14.818777546582,61.9));
#1853 = HYPERBOLA('',#1854,5.4,5.4);
#1854 = AXIS2_PLACEMENT_3D('',#1855,#1856,#1857);
#1855 = CARTESIAN_POINT('',(120.9,21.2,58.5));
#1856 = DIRECTION('',(1.,0.,0.));
#1857 = DIRECTION('',(0.,-1.,0.));
#1858 = ORIENTED_EDGE('',*,*,#1859,.F.);
#1859 = EDGE_CURVE('',#1833,#1851,#1860,.T.);
#1860 = LINE('',#1861,#1862);
#1861 = CARTESIAN_POINT('',(120.9,12.6,61.9));
#1862 = VECTOR('',#1863,1.);
#1863 = DIRECTION('',(0.,1.,0.));
#1864 = PLANE('',#1865);
#1865 = AXIS2_PLACEMENT_3D('',#1866,#1867,#1868);
#1866 = CARTESIAN_POINT('',(120.9,12.6,3.6));
#1867 = DIRECTION('',(1.,0.,0.));
#1868 = DIRECTION('',(0.,0.,1.));
#1869 = ADVANCED_FACE('',(#1870),#1889,.F.);
#1870 = FACE_BOUND('',#1871,.F.);
#1871 = EDGE_LOOP('',(#1872,#1873,#1874,#1882));
#1872 = ORIENTED_EDGE('',*,*,#1842,.F.);
#1873 = ORIENTED_EDGE('',*,*,#863,.T.);
#1874 = ORIENTED_EDGE('',*,*,#1875,.T.);
#1875 = EDGE_CURVE('',#856,#1876,#1878,.T.);
#1876 = VERTEX_POINT('',#1877);
#1877 = CARTESIAN_POINT('',(121.7,15.,58.5));
#1878 = LINE('',#1879,#1880);
#1879 = CARTESIAN_POINT('',(121.7,15.,7.));
#1880 = VECTOR('',#1881,1.);
#1881 = DIRECTION('',(0.,0.,1.));
#1882 = ORIENTED_EDGE('',*,*,#1883,.T.);
#1883 = EDGE_CURVE('',#1876,#1843,#1884,.T.);
#1884 = CIRCLE('',#1885,6.2);
#1885 = AXIS2_PLACEMENT_3D('',#1886,#1887,#1888);
#1886 = CARTESIAN_POINT('',(115.5,15.,58.5));
#1887 = DIRECTION('',(0.,-1.,0.));
#1888 = DIRECTION('',(1.,0.,1.015061051086E-15));
#1889 = PLANE('',#1890);
#1890 = AXIS2_PLACEMENT_3D('',#1891,#1892,#1893);
#1891 = CARTESIAN_POINT('',(61.25,15.,32.75));
#1892 = DIRECTION('',(-0.,-1.,-0.));
#1893 = DIRECTION('',(0.,0.,-1.));
#1894 = ADVANCED_FACE('',(#1895),#1906,.F.);
#1895 = FACE_BOUND('',#1896,.F.);
#1896 = EDGE_LOOP('',(#1897,#1898,#1899,#1905));
#1897 = ORIENTED_EDGE('',*,*,#855,.F.);
#1898 = ORIENTED_EDGE('',*,*,#953,.T.);
#1899 = ORIENTED_EDGE('',*,*,#1900,.T.);
#1900 = EDGE_CURVE('',#954,#1876,#1901,.T.);
#1901 = LINE('',#1902,#1903);
#1902 = CARTESIAN_POINT('',(122.1,14.6,58.5));
#1903 = VECTOR('',#1904,1.);
#1904 = DIRECTION('',(-0.707106781187,0.707106781187,0.));
#1905 = ORIENTED_EDGE('',*,*,#1875,.F.);
#1906 = PLANE('',#1907);
#1907 = AXIS2_PLACEMENT_3D('',#1908,#1909,#1910);
#1908 = CARTESIAN_POINT('',(122.1,14.6,7.));
#1909 = DIRECTION('',(-0.707106781187,-0.707106781187,
    -6.983161618628E-18));
#1910 = DIRECTION('',(-4.937840934654E-18,-4.937840934654E-18,1.));
#1911 = ADVANCED_FACE('',(#1912),#1939,.F.);
#1912 = FACE_BOUND('',#1913,.T.);
#1913 = EDGE_LOOP('',(#1914,#1925,#1931,#1932,#1933));
#1914 = ORIENTED_EDGE('',*,*,#1915,.F.);
#1915 = EDGE_CURVE('',#1916,#1918,#1920,.T.);
#1916 = VERTEX_POINT('',#1917);
#1917 = CARTESIAN_POINT('',(120.6,0.6,12.94));
#1918 = VERTEX_POINT('',#1919);
#1919 = CARTESIAN_POINT('',(120.6,4.29,9.25));
#1920 = CIRCLE('',#1921,3.69);
#1921 = AXIS2_PLACEMENT_3D('',#1922,#1923,#1924);
#1922 = CARTESIAN_POINT('',(120.6,4.29,12.94));
#1923 = DIRECTION('',(1.,-1.110223024625E-16,0.));
#1924 = DIRECTION('',(-1.110223024625E-16,-1.,0.));
#1925 = ORIENTED_EDGE('',*,*,#1926,.T.);
#1926 = EDGE_CURVE('',#1916,#1283,#1927,.T.);
#1927 = LINE('',#1928,#1929);
#1928 = CARTESIAN_POINT('',(120.6,0.6,12.94));
#1929 = VECTOR('',#1930,1.);
#1930 = DIRECTION('',(1.,0.,0.));
#1931 = ORIENTED_EDGE('',*,*,#1282,.T.);
#1932 = ORIENTED_EDGE('',*,*,#1028,.F.);
#1933 = ORIENTED_EDGE('',*,*,#1934,.F.);
#1934 = EDGE_CURVE('',#1918,#1021,#1935,.T.);
#1935 = LINE('',#1936,#1937);
#1936 = CARTESIAN_POINT('',(120.6,4.29,9.25));
#1937 = VECTOR('',#1938,1.);
#1938 = DIRECTION('',(1.,0.,0.));
#1939 = CYLINDRICAL_SURFACE('',#1940,3.69);
#1940 = AXIS2_PLACEMENT_3D('',#1941,#1942,#1943);
#1941 = CARTESIAN_POINT('',(120.6,4.29,12.94));
#1942 = DIRECTION('',(-1.,1.110223024625E-16,0.));
#1943 = DIRECTION('',(-1.110223024625E-16,-1.,0.));
#1944 = ADVANCED_FACE('',(#1945),#1963,.T.);
#1945 = FACE_BOUND('',#1946,.T.);
#1946 = EDGE_LOOP('',(#1947,#1955,#1956,#1957));
#1947 = ORIENTED_EDGE('',*,*,#1948,.F.);
#1948 = EDGE_CURVE('',#1918,#1949,#1951,.T.);
#1949 = VERTEX_POINT('',#1950);
#1950 = CARTESIAN_POINT('',(120.6,4.31,9.25));
#1951 = LINE('',#1952,#1953);
#1952 = CARTESIAN_POINT('',(120.6,4.29,9.25));
#1953 = VECTOR('',#1954,1.);
#1954 = DIRECTION('',(1.110223024625E-16,1.,0.));
#1955 = ORIENTED_EDGE('',*,*,#1934,.T.);
#1956 = ORIENTED_EDGE('',*,*,#1020,.F.);
#1957 = ORIENTED_EDGE('',*,*,#1958,.F.);
#1958 = EDGE_CURVE('',#1949,#1012,#1959,.T.);
#1959 = LINE('',#1960,#1961);
#1960 = CARTESIAN_POINT('',(120.6,4.31,9.25));
#1961 = VECTOR('',#1962,1.);
#1962 = DIRECTION('',(1.,0.,0.));
#1963 = PLANE('',#1964);
#1964 = AXIS2_PLACEMENT_3D('',#1965,#1966,#1967);
#1965 = CARTESIAN_POINT('',(120.6,4.29,9.25));
#1966 = DIRECTION('',(0.,0.,1.));
#1967 = DIRECTION('',(1.110223024625E-16,1.,0.));
#1968 = ADVANCED_FACE('',(#1969),#1988,.F.);
#1969 = FACE_BOUND('',#1970,.T.);
#1970 = EDGE_LOOP('',(#1971,#1980,#1981,#1982));
#1971 = ORIENTED_EDGE('',*,*,#1972,.F.);
#1972 = EDGE_CURVE('',#1949,#1973,#1975,.T.);
#1973 = VERTEX_POINT('',#1974);
#1974 = CARTESIAN_POINT('',(120.6,8.,12.94));
#1975 = CIRCLE('',#1976,3.69);
#1976 = AXIS2_PLACEMENT_3D('',#1977,#1978,#1979);
#1977 = CARTESIAN_POINT('',(120.6,4.31,12.94));
#1978 = DIRECTION('',(1.,-1.110223024625E-16,0.));
#1979 = DIRECTION('',(1.336146519683E-32,1.203493793632E-16,-1.));
#1980 = ORIENTED_EDGE('',*,*,#1958,.T.);
#1981 = ORIENTED_EDGE('',*,*,#1011,.F.);
#1982 = ORIENTED_EDGE('',*,*,#1983,.F.);
#1983 = EDGE_CURVE('',#1973,#1004,#1984,.T.);
#1984 = LINE('',#1985,#1986);
#1985 = CARTESIAN_POINT('',(120.6,8.,12.94));
#1986 = VECTOR('',#1987,1.);
#1987 = DIRECTION('',(1.,0.,0.));
#1988 = CYLINDRICAL_SURFACE('',#1989,3.69);
#1989 = AXIS2_PLACEMENT_3D('',#1990,#1991,#1992);
#1990 = CARTESIAN_POINT('',(120.6,4.31,12.94));
#1991 = DIRECTION('',(-1.,1.110223024625E-16,0.));
#1992 = DIRECTION('',(1.336146519683E-32,1.203493793632E-16,-1.));
#1993 = ADVANCED_FACE('',(#1994),#2012,.T.);
#1994 = FACE_BOUND('',#1995,.T.);
#1995 = EDGE_LOOP('',(#1996,#2004,#2005,#2006));
#1996 = ORIENTED_EDGE('',*,*,#1997,.F.);
#1997 = EDGE_CURVE('',#1973,#1998,#2000,.T.);
#1998 = VERTEX_POINT('',#1999);
#1999 = CARTESIAN_POINT('',(120.6,8.,18.36));
#2000 = LINE('',#2001,#2002);
#2001 = CARTESIAN_POINT('',(120.6,8.,12.94));
#2002 = VECTOR('',#2003,1.);
#2003 = DIRECTION('',(0.,0.,1.));
#2004 = ORIENTED_EDGE('',*,*,#1983,.T.);
#2005 = ORIENTED_EDGE('',*,*,#1003,.F.);
#2006 = ORIENTED_EDGE('',*,*,#2007,.F.);
#2007 = EDGE_CURVE('',#1998,#995,#2008,.T.);
#2008 = LINE('',#2009,#2010);
#2009 = CARTESIAN_POINT('',(120.6,8.,18.36));
#2010 = VECTOR('',#2011,1.);
#2011 = DIRECTION('',(1.,0.,0.));
#2012 = PLANE('',#2013);
#2013 = AXIS2_PLACEMENT_3D('',#2014,#2015,#2016);
#2014 = CARTESIAN_POINT('',(120.6,8.,12.94));
#2015 = DIRECTION('',(0.,-1.,0.));
#2016 = DIRECTION('',(0.,0.,1.));
#2017 = ADVANCED_FACE('',(#2018),#2037,.F.);
#2018 = FACE_BOUND('',#2019,.T.);
#2019 = EDGE_LOOP('',(#2020,#2029,#2030,#2031));
#2020 = ORIENTED_EDGE('',*,*,#2021,.F.);
#2021 = EDGE_CURVE('',#1998,#2022,#2024,.T.);
#2022 = VERTEX_POINT('',#2023);
#2023 = CARTESIAN_POINT('',(120.6,4.31,22.05));
#2024 = CIRCLE('',#2025,3.69);
#2025 = AXIS2_PLACEMENT_3D('',#2026,#2027,#2028);
#2026 = CARTESIAN_POINT('',(120.6,4.31,18.36));
#2027 = DIRECTION('',(1.,-1.110223024625E-16,0.));
#2028 = DIRECTION('',(1.110223024625E-16,1.,-1.925590069811E-15));
#2029 = ORIENTED_EDGE('',*,*,#2007,.T.);
#2030 = ORIENTED_EDGE('',*,*,#994,.F.);
#2031 = ORIENTED_EDGE('',*,*,#2032,.F.);
#2032 = EDGE_CURVE('',#2022,#987,#2033,.T.);
#2033 = LINE('',#2034,#2035);
#2034 = CARTESIAN_POINT('',(120.6,4.31,22.05));
#2035 = VECTOR('',#2036,1.);
#2036 = DIRECTION('',(1.,0.,0.));
#2037 = CYLINDRICAL_SURFACE('',#2038,3.69);
#2038 = AXIS2_PLACEMENT_3D('',#2039,#2040,#2041);
#2039 = CARTESIAN_POINT('',(120.6,4.31,18.36));
#2040 = DIRECTION('',(-1.,1.110223024625E-16,0.));
#2041 = DIRECTION('',(1.110223024625E-16,1.,-1.925590069811E-15));
#2042 = ADVANCED_FACE('',(#2043),#2061,.T.);
#2043 = FACE_BOUND('',#2044,.T.);
#2044 = EDGE_LOOP('',(#2045,#2053,#2054,#2055));
#2045 = ORIENTED_EDGE('',*,*,#2046,.F.);
#2046 = EDGE_CURVE('',#2022,#2047,#2049,.T.);
#2047 = VERTEX_POINT('',#2048);
#2048 = CARTESIAN_POINT('',(120.6,4.29,22.05));
#2049 = LINE('',#2050,#2051);
#2050 = CARTESIAN_POINT('',(120.6,4.31,22.05));
#2051 = VECTOR('',#2052,1.);
#2052 = DIRECTION('',(-1.110223024625E-16,-1.,0.));
#2053 = ORIENTED_EDGE('',*,*,#2032,.T.);
#2054 = ORIENTED_EDGE('',*,*,#986,.F.);
#2055 = ORIENTED_EDGE('',*,*,#2056,.F.);
#2056 = EDGE_CURVE('',#2047,#978,#2057,.T.);
#2057 = LINE('',#2058,#2059);
#2058 = CARTESIAN_POINT('',(120.6,4.29,22.05));
#2059 = VECTOR('',#2060,1.);
#2060 = DIRECTION('',(1.,0.,0.));
#2061 = PLANE('',#2062);
#2062 = AXIS2_PLACEMENT_3D('',#2063,#2064,#2065);
#2063 = CARTESIAN_POINT('',(120.6,4.31,22.05));
#2064 = DIRECTION('',(0.,0.,-1.));
#2065 = DIRECTION('',(-1.110223024625E-16,-1.,0.));
#2066 = ADVANCED_FACE('',(#2067),#2087,.F.);
#2067 = FACE_BOUND('',#2068,.T.);
#2068 = EDGE_LOOP('',(#2069,#2078,#2079,#2080,#2081));
#2069 = ORIENTED_EDGE('',*,*,#2070,.F.);
#2070 = EDGE_CURVE('',#2047,#2071,#2073,.T.);
#2071 = VERTEX_POINT('',#2072);
#2072 = CARTESIAN_POINT('',(120.6,0.6,18.36));
#2073 = CIRCLE('',#2074,3.69);
#2074 = AXIS2_PLACEMENT_3D('',#2075,#2076,#2077);
#2075 = CARTESIAN_POINT('',(120.6,4.29,18.36));
#2076 = DIRECTION('',(1.,-1.110223024625E-16,0.));
#2077 = DIRECTION('',(1.235935530707E-31,1.113231759109E-15,1.));
#2078 = ORIENTED_EDGE('',*,*,#2056,.T.);
#2079 = ORIENTED_EDGE('',*,*,#977,.F.);
#2080 = ORIENTED_EDGE('',*,*,#1299,.T.);
#2081 = ORIENTED_EDGE('',*,*,#2082,.F.);
#2082 = EDGE_CURVE('',#2071,#1292,#2083,.T.);
#2083 = LINE('',#2084,#2085);
#2084 = CARTESIAN_POINT('',(120.6,0.6,18.36));
#2085 = VECTOR('',#2086,1.);
#2086 = DIRECTION('',(1.,0.,0.));
#2087 = CYLINDRICAL_SURFACE('',#2088,3.69);
#2088 = AXIS2_PLACEMENT_3D('',#2089,#2090,#2091);
#2089 = CARTESIAN_POINT('',(120.6,4.29,18.36));
#2090 = DIRECTION('',(-1.,1.110223024625E-16,0.));
#2091 = DIRECTION('',(1.235935530707E-31,1.113231759109E-15,1.));
#2092 = ADVANCED_FACE('',(#2093,#2112),#2148,.T.);
#2093 = FACE_BOUND('',#2094,.T.);
#2094 = EDGE_LOOP('',(#2095,#2096,#2105,#2111));
#2095 = ORIENTED_EDGE('',*,*,#961,.T.);
#2096 = ORIENTED_EDGE('',*,*,#2097,.T.);
#2097 = EDGE_CURVE('',#954,#2098,#2100,.T.);
#2098 = VERTEX_POINT('',#2099);
#2099 = CARTESIAN_POINT('',(115.5,14.2,65.5));
#2100 = CIRCLE('',#2101,7.);
#2101 = AXIS2_PLACEMENT_3D('',#2102,#2103,#2104);
#2102 = CARTESIAN_POINT('',(115.5,14.2,58.5));
#2103 = DIRECTION('',(0.,-1.,0.));
#2104 = DIRECTION('',(1.,0.,1.015061051086E-15));
#2105 = ORIENTED_EDGE('',*,*,#2106,.F.);
#2106 = EDGE_CURVE('',#1341,#2098,#2107,.T.);
#2107 = LINE('',#2108,#2109);
#2108 = CARTESIAN_POINT('',(115.5,0.,65.5));
#2109 = VECTOR('',#2110,1.);
#2110 = DIRECTION('',(0.,1.,0.));
#2111 = ORIENTED_EDGE('',*,*,#1340,.F.);
#2112 = FACE_BOUND('',#2113,.T.);
#2113 = EDGE_LOOP('',(#2114,#2124,#2133,#2141));
#2114 = ORIENTED_EDGE('',*,*,#2115,.T.);
#2115 = EDGE_CURVE('',#2116,#2118,#2120,.T.);
#2116 = VERTEX_POINT('',#2117);
#2117 = CARTESIAN_POINT('',(120.6,12.6,63.294788837895));
#2118 = VERTEX_POINT('',#2119);
#2119 = CARTESIAN_POINT('',(120.6,1.79,63.294788837895));
#2120 = LINE('',#2121,#2122);
#2121 = CARTESIAN_POINT('',(120.6,0.,63.294788837895));
#2122 = VECTOR('',#2123,1.);
#2123 = DIRECTION('',(0.,-1.,0.));
#2124 = ORIENTED_EDGE('',*,*,#2125,.T.);
#2125 = EDGE_CURVE('',#2118,#2126,#2128,.T.);
#2126 = VERTEX_POINT('',#2127);
#2127 = CARTESIAN_POINT('',(120.29478883789,1.79,63.6));
#2128 = CIRCLE('',#2129,7.);
#2129 = AXIS2_PLACEMENT_3D('',#2130,#2131,#2132);
#2130 = CARTESIAN_POINT('',(115.5,1.79,58.5));
#2131 = DIRECTION('',(0.,-1.,0.));
#2132 = DIRECTION('',(1.,0.,1.015061051086E-15));
#2133 = ORIENTED_EDGE('',*,*,#2134,.F.);
#2134 = EDGE_CURVE('',#2135,#2126,#2137,.T.);
#2135 = VERTEX_POINT('',#2136);
#2136 = CARTESIAN_POINT('',(120.29478883789,12.6,63.6));
#2137 = LINE('',#2138,#2139);
#2138 = CARTESIAN_POINT('',(120.29478883789,0.,63.6));
#2139 = VECTOR('',#2140,1.);
#2140 = DIRECTION('',(0.,-1.,0.));
#2141 = ORIENTED_EDGE('',*,*,#2142,.F.);
#2142 = EDGE_CURVE('',#2116,#2135,#2143,.T.);
#2143 = CIRCLE('',#2144,7.);
#2144 = AXIS2_PLACEMENT_3D('',#2145,#2146,#2147);
#2145 = CARTESIAN_POINT('',(115.5,12.6,58.5));
#2146 = DIRECTION('',(0.,-1.,0.));
#2147 = DIRECTION('',(1.,0.,1.015061051086E-15));
#2148 = CYLINDRICAL_SURFACE('',#2149,7.);
#2149 = AXIS2_PLACEMENT_3D('',#2150,#2151,#2152);
#2150 = CARTESIAN_POINT('',(115.5,0.,58.5));
#2151 = DIRECTION('',(0.,-1.,0.));
#2152 = DIRECTION('',(1.,0.,1.015061051086E-15));
#2153 = ADVANCED_FACE('',(#2154,#2165,#2235,#2305),#2375,.T.);
#2154 = FACE_BOUND('',#2155,.T.);
#2155 = EDGE_LOOP('',(#2156,#2157,#2163,#2164));
#2156 = ORIENTED_EDGE('',*,*,#2106,.T.);
#2157 = ORIENTED_EDGE('',*,*,#2158,.T.);
#2158 = EDGE_CURVE('',#2098,#1125,#2159,.T.);
#2159 = LINE('',#2160,#2161);
#2160 = CARTESIAN_POINT('',(115.5,14.2,65.5));
#2161 = VECTOR('',#2162,1.);
#2162 = DIRECTION('',(-1.,0.,0.));
#2163 = ORIENTED_EDGE('',*,*,#1122,.F.);
#2164 = ORIENTED_EDGE('',*,*,#1365,.F.);
#2165 = FACE_BOUND('',#2166,.T.);
#2166 = EDGE_LOOP('',(#2167,#2178,#2186,#2195,#2203,#2212,#2220,#2229));
#2167 = ORIENTED_EDGE('',*,*,#2168,.T.);
#2168 = EDGE_CURVE('',#2169,#2171,#2173,.T.);
#2169 = VERTEX_POINT('',#2170);
#2170 = CARTESIAN_POINT('',(112.5,5.79,65.5));
#2171 = VERTEX_POINT('',#2172);
#2172 = CARTESIAN_POINT('',(111.71,5.,65.5));
#2173 = CIRCLE('',#2174,0.79);
#2174 = AXIS2_PLACEMENT_3D('',#2175,#2176,#2177);
#2175 = CARTESIAN_POINT('',(111.71,5.79,65.5));
#2176 = DIRECTION('',(0.,1.110223024625E-16,-1.));
#2177 = DIRECTION('',(0.,-1.,-1.110223024625E-16));
#2178 = ORIENTED_EDGE('',*,*,#2179,.T.);
#2179 = EDGE_CURVE('',#2171,#2180,#2182,.T.);
#2180 = VERTEX_POINT('',#2181);
#2181 = CARTESIAN_POINT('',(111.69,5.,65.5));
#2182 = LINE('',#2183,#2184);
#2183 = CARTESIAN_POINT('',(113.595,5.,65.5));
#2184 = VECTOR('',#2185,1.);
#2185 = DIRECTION('',(-1.,0.,0.));
#2186 = ORIENTED_EDGE('',*,*,#2187,.T.);
#2187 = EDGE_CURVE('',#2180,#2188,#2190,.T.);
#2188 = VERTEX_POINT('',#2189);
#2189 = CARTESIAN_POINT('',(110.9,5.79,65.5));
#2190 = CIRCLE('',#2191,0.79);
#2191 = AXIS2_PLACEMENT_3D('',#2192,#2193,#2194);
#2192 = CARTESIAN_POINT('',(111.69,5.79,65.5));
#2193 = DIRECTION('',(0.,1.110223024625E-16,-1.));
#2194 = DIRECTION('',(-1.,-1.855056193045E-14,-2.059526097492E-30));
#2195 = ORIENTED_EDGE('',*,*,#2196,.T.);
#2196 = EDGE_CURVE('',#2188,#2197,#2199,.T.);
#2197 = VERTEX_POINT('',#2198);
#2198 = CARTESIAN_POINT('',(110.9,11.21,65.5));
#2199 = LINE('',#2200,#2201);
#2200 = CARTESIAN_POINT('',(110.9,5.605,65.5));
#2201 = VECTOR('',#2202,1.);
#2202 = DIRECTION('',(0.,1.,0.));
#2203 = ORIENTED_EDGE('',*,*,#2204,.T.);
#2204 = EDGE_CURVE('',#2197,#2205,#2207,.T.);
#2205 = VERTEX_POINT('',#2206);
#2206 = CARTESIAN_POINT('',(111.69,12.,65.5));
#2207 = CIRCLE('',#2208,0.79);
#2208 = AXIS2_PLACEMENT_3D('',#2209,#2210,#2211);
#2209 = CARTESIAN_POINT('',(111.69,11.21,65.5));
#2210 = DIRECTION('',(0.,1.110223024625E-16,-1.));
#2211 = DIRECTION('',(0.,1.,1.110223024625E-16));
#2212 = ORIENTED_EDGE('',*,*,#2213,.T.);
#2213 = EDGE_CURVE('',#2205,#2214,#2216,.T.);
#2214 = VERTEX_POINT('',#2215);
#2215 = CARTESIAN_POINT('',(111.71,12.,65.5));
#2216 = LINE('',#2217,#2218);
#2217 = CARTESIAN_POINT('',(113.605,12.,65.5));
#2218 = VECTOR('',#2219,1.);
#2219 = DIRECTION('',(1.,0.,0.));
#2220 = ORIENTED_EDGE('',*,*,#2221,.T.);
#2221 = EDGE_CURVE('',#2214,#2222,#2224,.T.);
#2222 = VERTEX_POINT('',#2223);
#2223 = CARTESIAN_POINT('',(112.5,11.21,65.5));
#2224 = CIRCLE('',#2225,0.79);
#2225 = AXIS2_PLACEMENT_3D('',#2226,#2227,#2228);
#2226 = CARTESIAN_POINT('',(111.71,11.21,65.5));
#2227 = DIRECTION('',(0.,1.110223024625E-16,-1.));
#2228 = DIRECTION('',(1.,1.855056193045E-14,2.059526097492E-30));
#2229 = ORIENTED_EDGE('',*,*,#2230,.T.);
#2230 = EDGE_CURVE('',#2222,#2169,#2231,.T.);
#2231 = LINE('',#2232,#2233);
#2232 = CARTESIAN_POINT('',(112.5,2.895,65.5));
#2233 = VECTOR('',#2234,1.);
#2234 = DIRECTION('',(0.,-1.,0.));
#2235 = FACE_BOUND('',#2236,.T.);
#2236 = EDGE_LOOP('',(#2237,#2248,#2256,#2265,#2273,#2282,#2290,#2299));
#2237 = ORIENTED_EDGE('',*,*,#2238,.T.);
#2238 = EDGE_CURVE('',#2239,#2241,#2243,.T.);
#2239 = VERTEX_POINT('',#2240);
#2240 = CARTESIAN_POINT('',(106.5,5.79,65.5));
#2241 = VERTEX_POINT('',#2242);
#2242 = CARTESIAN_POINT('',(105.71,5.,65.5));
#2243 = CIRCLE('',#2244,0.79);
#2244 = AXIS2_PLACEMENT_3D('',#2245,#2246,#2247);
#2245 = CARTESIAN_POINT('',(105.71,5.79,65.5));
#2246 = DIRECTION('',(0.,1.110223024625E-16,-1.));
#2247 = DIRECTION('',(0.,-1.,-1.110223024625E-16));
#2248 = ORIENTED_EDGE('',*,*,#2249,.T.);
#2249 = EDGE_CURVE('',#2241,#2250,#2252,.T.);
#2250 = VERTEX_POINT('',#2251);
#2251 = CARTESIAN_POINT('',(105.69,5.,65.5));
#2252 = LINE('',#2253,#2254);
#2253 = CARTESIAN_POINT('',(110.595,5.,65.5));
#2254 = VECTOR('',#2255,1.);
#2255 = DIRECTION('',(-1.,0.,0.));
#2256 = ORIENTED_EDGE('',*,*,#2257,.T.);
#2257 = EDGE_CURVE('',#2250,#2258,#2260,.T.);
#2258 = VERTEX_POINT('',#2259);
#2259 = CARTESIAN_POINT('',(104.9,5.79,65.5));
#2260 = CIRCLE('',#2261,0.79);
#2261 = AXIS2_PLACEMENT_3D('',#2262,#2263,#2264);
#2262 = CARTESIAN_POINT('',(105.69,5.79,65.5));
#2263 = DIRECTION('',(0.,1.110223024625E-16,-1.));
#2264 = DIRECTION('',(-1.,-1.855056193045E-14,-2.059526097492E-30));
#2265 = ORIENTED_EDGE('',*,*,#2266,.T.);
#2266 = EDGE_CURVE('',#2258,#2267,#2269,.T.);
#2267 = VERTEX_POINT('',#2268);
#2268 = CARTESIAN_POINT('',(104.9,11.21,65.5));
#2269 = LINE('',#2270,#2271);
#2270 = CARTESIAN_POINT('',(104.9,5.605,65.5));
#2271 = VECTOR('',#2272,1.);
#2272 = DIRECTION('',(0.,1.,0.));
#2273 = ORIENTED_EDGE('',*,*,#2274,.T.);
#2274 = EDGE_CURVE('',#2267,#2275,#2277,.T.);
#2275 = VERTEX_POINT('',#2276);
#2276 = CARTESIAN_POINT('',(105.69,12.,65.5));
#2277 = CIRCLE('',#2278,0.79);
#2278 = AXIS2_PLACEMENT_3D('',#2279,#2280,#2281);
#2279 = CARTESIAN_POINT('',(105.69,11.21,65.5));
#2280 = DIRECTION('',(0.,1.110223024625E-16,-1.));
#2281 = DIRECTION('',(0.,1.,1.110223024625E-16));
#2282 = ORIENTED_EDGE('',*,*,#2283,.T.);
#2283 = EDGE_CURVE('',#2275,#2284,#2286,.T.);
#2284 = VERTEX_POINT('',#2285);
#2285 = CARTESIAN_POINT('',(105.71,12.,65.5));
#2286 = LINE('',#2287,#2288);
#2287 = CARTESIAN_POINT('',(110.605,12.,65.5));
#2288 = VECTOR('',#2289,1.);
#2289 = DIRECTION('',(1.,0.,0.));
#2290 = ORIENTED_EDGE('',*,*,#2291,.T.);
#2291 = EDGE_CURVE('',#2284,#2292,#2294,.T.);
#2292 = VERTEX_POINT('',#2293);
#2293 = CARTESIAN_POINT('',(106.5,11.21,65.5));
#2294 = CIRCLE('',#2295,0.79);
#2295 = AXIS2_PLACEMENT_3D('',#2296,#2297,#2298);
#2296 = CARTESIAN_POINT('',(105.71,11.21,65.5));
#2297 = DIRECTION('',(0.,1.110223024625E-16,-1.));
#2298 = DIRECTION('',(1.,1.855056193045E-14,2.059526097492E-30));
#2299 = ORIENTED_EDGE('',*,*,#2300,.T.);
#2300 = EDGE_CURVE('',#2292,#2239,#2301,.T.);
#2301 = LINE('',#2302,#2303);
#2302 = CARTESIAN_POINT('',(106.5,2.895,65.5));
#2303 = VECTOR('',#2304,1.);
#2304 = DIRECTION('',(0.,-1.,0.));
#2305 = FACE_BOUND('',#2306,.T.);
#2306 = EDGE_LOOP('',(#2307,#2318,#2326,#2335,#2343,#2352,#2360,#2369));
#2307 = ORIENTED_EDGE('',*,*,#2308,.T.);
#2308 = EDGE_CURVE('',#2309,#2311,#2313,.T.);
#2309 = VERTEX_POINT('',#2310);
#2310 = CARTESIAN_POINT('',(100.5,5.79,65.5));
#2311 = VERTEX_POINT('',#2312);
#2312 = CARTESIAN_POINT('',(99.71,5.,65.5));
#2313 = CIRCLE('',#2314,0.79);
#2314 = AXIS2_PLACEMENT_3D('',#2315,#2316,#2317);
#2315 = CARTESIAN_POINT('',(99.71,5.79,65.5));
#2316 = DIRECTION('',(0.,1.110223024625E-16,-1.));
#2317 = DIRECTION('',(0.,-1.,-1.110223024625E-16));
#2318 = ORIENTED_EDGE('',*,*,#2319,.T.);
#2319 = EDGE_CURVE('',#2311,#2320,#2322,.T.);
#2320 = VERTEX_POINT('',#2321);
#2321 = CARTESIAN_POINT('',(99.69,5.,65.5));
#2322 = LINE('',#2323,#2324);
#2323 = CARTESIAN_POINT('',(107.595,5.,65.5));
#2324 = VECTOR('',#2325,1.);
#2325 = DIRECTION('',(-1.,0.,0.));
#2326 = ORIENTED_EDGE('',*,*,#2327,.T.);
#2327 = EDGE_CURVE('',#2320,#2328,#2330,.T.);
#2328 = VERTEX_POINT('',#2329);
#2329 = CARTESIAN_POINT('',(98.9,5.79,65.5));
#2330 = CIRCLE('',#2331,0.79);
#2331 = AXIS2_PLACEMENT_3D('',#2332,#2333,#2334);
#2332 = CARTESIAN_POINT('',(99.69,5.79,65.5));
#2333 = DIRECTION('',(0.,1.110223024625E-16,-1.));
#2334 = DIRECTION('',(-1.,-1.855056193045E-14,-2.059526097492E-30));
#2335 = ORIENTED_EDGE('',*,*,#2336,.T.);
#2336 = EDGE_CURVE('',#2328,#2337,#2339,.T.);
#2337 = VERTEX_POINT('',#2338);
#2338 = CARTESIAN_POINT('',(98.9,11.21,65.5));
#2339 = LINE('',#2340,#2341);
#2340 = CARTESIAN_POINT('',(98.9,5.605,65.5));
#2341 = VECTOR('',#2342,1.);
#2342 = DIRECTION('',(0.,1.,0.));
#2343 = ORIENTED_EDGE('',*,*,#2344,.T.);
#2344 = EDGE_CURVE('',#2337,#2345,#2347,.T.);
#2345 = VERTEX_POINT('',#2346);
#2346 = CARTESIAN_POINT('',(99.69,12.,65.5));
#2347 = CIRCLE('',#2348,0.79);
#2348 = AXIS2_PLACEMENT_3D('',#2349,#2350,#2351);
#2349 = CARTESIAN_POINT('',(99.69,11.21,65.5));
#2350 = DIRECTION('',(0.,1.110223024625E-16,-1.));
#2351 = DIRECTION('',(0.,1.,1.110223024625E-16));
#2352 = ORIENTED_EDGE('',*,*,#2353,.T.);
#2353 = EDGE_CURVE('',#2345,#2354,#2356,.T.);
#2354 = VERTEX_POINT('',#2355);
#2355 = CARTESIAN_POINT('',(99.71,12.,65.5));
#2356 = LINE('',#2357,#2358);
#2357 = CARTESIAN_POINT('',(107.605,12.,65.5));
#2358 = VECTOR('',#2359,1.);
#2359 = DIRECTION('',(1.,0.,0.));
#2360 = ORIENTED_EDGE('',*,*,#2361,.T.);
#2361 = EDGE_CURVE('',#2354,#2362,#2364,.T.);
#2362 = VERTEX_POINT('',#2363);
#2363 = CARTESIAN_POINT('',(100.5,11.21,65.5));
#2364 = CIRCLE('',#2365,0.79);
#2365 = AXIS2_PLACEMENT_3D('',#2366,#2367,#2368);
#2366 = CARTESIAN_POINT('',(99.71,11.21,65.5));
#2367 = DIRECTION('',(0.,1.110223024625E-16,-1.));
#2368 = DIRECTION('',(1.,1.855056193045E-14,2.059526097492E-30));
#2369 = ORIENTED_EDGE('',*,*,#2370,.T.);
#2370 = EDGE_CURVE('',#2362,#2309,#2371,.T.);
#2371 = LINE('',#2372,#2373);
#2372 = CARTESIAN_POINT('',(100.5,2.895,65.5));
#2373 = VECTOR('',#2374,1.);
#2374 = DIRECTION('',(0.,-1.,0.));
#2375 = PLANE('',#2376);
#2376 = AXIS2_PLACEMENT_3D('',#2377,#2378,#2379);
#2377 = CARTESIAN_POINT('',(115.5,0.,65.5));
#2378 = DIRECTION('',(0.,0.,1.));
#2379 = DIRECTION('',(-1.,0.,0.));
#2380 = ADVANCED_FACE('',(#2381),#2458,.T.);
#2381 = FACE_BOUND('',#2382,.F.);
#2382 = EDGE_LOOP('',(#2383,#2391,#2392,#2393,#2394,#2395,#2442,#2451));
#2383 = ORIENTED_EDGE('',*,*,#2384,.F.);
#2384 = EDGE_CURVE('',#1125,#2385,#2387,.T.);
#2385 = VERTEX_POINT('',#2386);
#2386 = CARTESIAN_POINT('',(7.,15.,64.7));
#2387 = LINE('',#2388,#2389);
#2388 = CARTESIAN_POINT('',(7.,14.6,65.1));
#2389 = VECTOR('',#2390,1.);
#2390 = DIRECTION('',(0.,0.707106781187,-0.707106781187));
#2391 = ORIENTED_EDGE('',*,*,#1132,.T.);
#2392 = ORIENTED_EDGE('',*,*,#1155,.T.);
#2393 = ORIENTED_EDGE('',*,*,#1205,.F.);
#2394 = ORIENTED_EDGE('',*,*,#1239,.T.);
#2395 = ORIENTED_EDGE('',*,*,#2396,.F.);
#2396 = EDGE_CURVE('',#2397,#1232,#2399,.T.);
#2397 = VERTEX_POINT('',#2398);
#2398 = CARTESIAN_POINT('',(3.6,14.818777546582,63.9));
#2399 = B_SPLINE_CURVE_WITH_KNOTS('',6,(#2400,#2401,#2402,#2403,#2404,
    #2405,#2406,#2407,#2408,#2409,#2410,#2411,#2412,#2413,#2414,#2415,
    #2416,#2417,#2418,#2419,#2420,#2421,#2422,#2423,#2424,#2425,#2426,
    #2427,#2428,#2429,#2430,#2431,#2432,#2433,#2434,#2435,#2436,#2437,
    #2438,#2439,#2440,#2441),.UNSPECIFIED.,.F.,.F.,(7,5,5,5,5,5,5,5,7),(
    0.,0.253205569599,0.343767649005,0.395259471721,0.500442695422,
    0.605649508432,0.657167999752,0.749790318179,1.),.UNSPECIFIED.);
#2400 = CARTESIAN_POINT('',(3.6,14.818777546582,63.9));
#2401 = CARTESIAN_POINT('',(3.490319757933,14.760338458187,63.9));
#2402 = CARTESIAN_POINT('',(3.376751041953,14.704315504069,
    63.892782278424));
#2403 = CARTESIAN_POINT('',(3.259280545056,14.651113461871,
    63.877386362891));
#2404 = CARTESIAN_POINT('',(3.138281435692,14.601457038491,
    63.852597608929));
#2405 = CARTESIAN_POINT('',(3.014608355802,14.556330841184,
    63.817076916538));
#2406 = CARTESIAN_POINT('',(2.844963755904,14.50281623067,
    63.752621357375));
#2407 = CARTESIAN_POINT('',(2.800124258509,14.489453604579,
    63.734117754091));
#2408 = CARTESIAN_POINT('',(2.755211584446,14.476882663646,
    63.714041298452));
#2409 = CARTESIAN_POINT('',(2.710317797508,14.465164392183,
    63.692349673797));
#2410 = CARTESIAN_POINT('',(2.665551292159,14.454361038294,
    63.669014293326));
#2411 = CARTESIAN_POINT('',(2.595725857781,14.438944698008,
    63.62981961799));
#2412 = CARTESIAN_POINT('',(2.570496795753,14.433671765925,
    63.615078390117));
#2413 = CARTESIAN_POINT('',(2.545372239527,14.428725300983,
    63.599801673992));
#2414 = CARTESIAN_POINT('',(2.520376652155,14.424115978941,
    63.583990487164));
#2415 = CARTESIAN_POINT('',(2.495535776448,14.419853880606,
    63.567648445311));
#2416 = CARTESIAN_POINT('',(2.420504986491,14.407970887647,
    63.516327901328));
#2417 = CARTESIAN_POINT('',(2.37088475259,14.401480460683,
    63.479680573904));
#2418 = CARTESIAN_POINT('',(2.322257744448,14.396558910305,
    63.44090270854));
#2419 = CARTESIAN_POINT('',(2.274863238883,14.393267349542,
    63.400099579425));
#2420 = CARTESIAN_POINT('',(2.228930379205,14.391639406867,
    63.357426550514));
#2421 = CARTESIAN_POINT('',(2.140400846847,14.391709256897,
    63.268757147052));
#2422 = CARTESIAN_POINT('',(2.097795349601,14.393407803629,
    63.222750437647));
#2423 = CARTESIAN_POINT('',(2.057066441883,14.396769878067,
    63.175289108231));
#2424 = CARTESIAN_POINT('',(2.018368311572,14.401761031445,
    63.126602924902));
#2425 = CARTESIAN_POINT('',(1.981804889167,14.408319454703,
    63.076931349626));
#2426 = CARTESIAN_POINT('',(1.930608596722,14.420301791427,
    63.001828050408));
#2427 = CARTESIAN_POINT('',(1.914305067832,14.424597027671,
    62.976960183438));
#2428 = CARTESIAN_POINT('',(1.89853323933,14.429239136357,
    62.951939300187));
#2429 = CARTESIAN_POINT('',(1.883296586494,14.434217984016,
    62.92679111934));
#2430 = CARTESIAN_POINT('',(1.868595993946,14.439522852952,
    62.901540063943));
#2431 = CARTESIAN_POINT('',(1.828961039472,14.4552455961,62.830668377001
    ));
#2432 = CARTESIAN_POINT('',(1.805220015258,14.466366154491,
    62.784869900124));
#2433 = CARTESIAN_POINT('',(1.783197116587,14.478439610922,
    62.738946078457));
#2434 = CARTESIAN_POINT('',(1.762860756718,14.491399365366,
    62.693011893109));
#2435 = CARTESIAN_POINT('',(1.744164664461,14.50518033935,
    62.647164489683));
#2436 = CARTESIAN_POINT('',(1.680835812898,14.559006994343,
    62.47807770068));
#2437 = CARTESIAN_POINT('',(1.646237961684,14.603809985595,
    62.355996098445));
#2438 = CARTESIAN_POINT('',(1.62207090802,14.653001736087,
    62.236554385941));
#2439 = CARTESIAN_POINT('',(1.607047329631,14.705641290564,
    62.120561823272));
#2440 = CARTESIAN_POINT('',(1.6,14.761032446971,62.008377743005));
#2441 = CARTESIAN_POINT('',(1.6,14.818777546583,61.9));
#2442 = ORIENTED_EDGE('',*,*,#2443,.T.);
#2443 = EDGE_CURVE('',#2397,#2444,#2446,.T.);
#2444 = VERTEX_POINT('',#2445);
#2445 = CARTESIAN_POINT('',(3.953690757654,15.,63.9));
#2446 = HYPERBOLA('',#2447,5.4,5.4);
#2447 = AXIS2_PLACEMENT_3D('',#2448,#2449,#2450);
#2448 = CARTESIAN_POINT('',(7.,21.2,63.9));
#2449 = DIRECTION('',(-0.,0.,1.));
#2450 = DIRECTION('',(0.,-1.,0.));
#2451 = ORIENTED_EDGE('',*,*,#2452,.F.);
#2452 = EDGE_CURVE('',#2385,#2444,#2453,.T.);
#2453 = CIRCLE('',#2454,6.2);
#2454 = AXIS2_PLACEMENT_3D('',#2455,#2456,#2457);
#2455 = CARTESIAN_POINT('',(7.,15.,58.5));
#2456 = DIRECTION('',(0.,-1.,0.));
#2457 = DIRECTION('',(0.,0.,1.));
#2458 = CONICAL_SURFACE('',#2459,7.,0.785398163397);
#2459 = AXIS2_PLACEMENT_3D('',#2460,#2461,#2462);
#2460 = CARTESIAN_POINT('',(7.,14.2,58.5));
#2461 = DIRECTION('',(0.,-1.,0.));
#2462 = DIRECTION('',(0.,0.,1.));
#2463 = ADVANCED_FACE('',(#2464),#2483,.F.);
#2464 = FACE_BOUND('',#2465,.F.);
#2465 = EDGE_LOOP('',(#2466,#2475,#2481,#2482));
#2466 = ORIENTED_EDGE('',*,*,#2467,.F.);
#2467 = EDGE_CURVE('',#2468,#1222,#2470,.T.);
#2468 = VERTEX_POINT('',#2469);
#2469 = CARTESIAN_POINT('',(3.6,12.6,63.9));
#2470 = CIRCLE('',#2471,2.);
#2471 = AXIS2_PLACEMENT_3D('',#2472,#2473,#2474);
#2472 = CARTESIAN_POINT('',(3.6,12.6,61.9));
#2473 = DIRECTION('',(0.,-1.,0.));
#2474 = DIRECTION('',(-2.442490654175E-15,0.,1.));
#2475 = ORIENTED_EDGE('',*,*,#2476,.T.);
#2476 = EDGE_CURVE('',#2468,#2397,#2477,.T.);
#2477 = LINE('',#2478,#2479);
#2478 = CARTESIAN_POINT('',(3.6,12.6,63.9));
#2479 = VECTOR('',#2480,1.);
#2480 = DIRECTION('',(0.,1.,0.));
#2481 = ORIENTED_EDGE('',*,*,#2396,.T.);
#2482 = ORIENTED_EDGE('',*,*,#1231,.F.);
#2483 = CYLINDRICAL_SURFACE('',#2484,2.);
#2484 = AXIS2_PLACEMENT_3D('',#2485,#2486,#2487);
#2485 = CARTESIAN_POINT('',(3.6,12.6,61.9));
#2486 = DIRECTION('',(0.,-1.,0.));
#2487 = DIRECTION('',(-2.442490654175E-15,0.,1.));
#2488 = ADVANCED_FACE('',(#2489),#2500,.T.);
#2489 = FACE_BOUND('',#2490,.T.);
#2490 = EDGE_LOOP('',(#2491,#2497,#2498,#2499));
#2491 = ORIENTED_EDGE('',*,*,#2492,.F.);
#2492 = EDGE_CURVE('',#2071,#1916,#2493,.T.);
#2493 = LINE('',#2494,#2495);
#2494 = CARTESIAN_POINT('',(120.6,0.6,18.36));
#2495 = VECTOR('',#2496,1.);
#2496 = DIRECTION('',(0.,0.,-1.));
#2497 = ORIENTED_EDGE('',*,*,#2082,.T.);
#2498 = ORIENTED_EDGE('',*,*,#1291,.F.);
#2499 = ORIENTED_EDGE('',*,*,#1926,.F.);
#2500 = PLANE('',#2501);
#2501 = AXIS2_PLACEMENT_3D('',#2502,#2503,#2504);
#2502 = CARTESIAN_POINT('',(120.6,0.6,18.36));
#2503 = DIRECTION('',(0.,1.,0.));
#2504 = DIRECTION('',(0.,0.,-1.));
#2505 = ADVANCED_FACE('',(#2506),#2532,.F.);
#2506 = FACE_BOUND('',#2507,.F.);
#2507 = EDGE_LOOP('',(#2508,#2509,#2517,#2526));
#2508 = ORIENTED_EDGE('',*,*,#1396,.F.);
#2509 = ORIENTED_EDGE('',*,*,#2510,.T.);
#2510 = EDGE_CURVE('',#1382,#2511,#2513,.T.);
#2511 = VERTEX_POINT('',#2512);
#2512 = CARTESIAN_POINT('',(78.5,1.8,8.05));
#2513 = LINE('',#2514,#2515);
#2514 = CARTESIAN_POINT('',(78.5,0.,8.05));
#2515 = VECTOR('',#2516,1.);
#2516 = DIRECTION('',(0.,1.,0.));
#2517 = ORIENTED_EDGE('',*,*,#2518,.T.);
#2518 = EDGE_CURVE('',#2511,#2519,#2521,.T.);
#2519 = VERTEX_POINT('',#2520);
#2520 = CARTESIAN_POINT('',(79.7,1.8,9.25));
#2521 = CIRCLE('',#2522,1.2);
#2522 = AXIS2_PLACEMENT_3D('',#2523,#2524,#2525);
#2523 = CARTESIAN_POINT('',(78.5,1.8,9.25));
#2524 = DIRECTION('',(0.,-1.,0.));
#2525 = DIRECTION('',(0.,0.,-1.));
#2526 = ORIENTED_EDGE('',*,*,#2527,.F.);
#2527 = EDGE_CURVE('',#1390,#2519,#2528,.T.);
#2528 = LINE('',#2529,#2530);
#2529 = CARTESIAN_POINT('',(79.7,0.,9.25));
#2530 = VECTOR('',#2531,1.);
#2531 = DIRECTION('',(0.,1.,0.));
#2532 = CYLINDRICAL_SURFACE('',#2533,1.2);
#2533 = AXIS2_PLACEMENT_3D('',#2534,#2535,#2536);
#2534 = CARTESIAN_POINT('',(78.5,0.,9.25));
#2535 = DIRECTION('',(0.,-1.,0.));
#2536 = DIRECTION('',(0.,0.,-1.));
#2537 = ADVANCED_FACE('',(#2538),#2556,.F.);
#2538 = FACE_BOUND('',#2539,.F.);
#2539 = EDGE_LOOP('',(#2540,#2541,#2542,#2550));
#2540 = ORIENTED_EDGE('',*,*,#1420,.F.);
#2541 = ORIENTED_EDGE('',*,*,#2527,.T.);
#2542 = ORIENTED_EDGE('',*,*,#2543,.T.);
#2543 = EDGE_CURVE('',#2519,#2544,#2546,.T.);
#2544 = VERTEX_POINT('',#2545);
#2545 = CARTESIAN_POINT('',(79.7,1.8,56.25));
#2546 = LINE('',#2547,#2548);
#2547 = CARTESIAN_POINT('',(79.7,1.8,21.));
#2548 = VECTOR('',#2549,1.);
#2549 = DIRECTION('',(0.,0.,1.));
#2550 = ORIENTED_EDGE('',*,*,#2551,.F.);
#2551 = EDGE_CURVE('',#1414,#2544,#2552,.T.);
#2552 = LINE('',#2553,#2554);
#2553 = CARTESIAN_POINT('',(79.7,0.,56.25));
#2554 = VECTOR('',#2555,1.);
#2555 = DIRECTION('',(0.,1.,0.));
#2556 = PLANE('',#2557);
#2557 = AXIS2_PLACEMENT_3D('',#2558,#2559,#2560);
#2558 = CARTESIAN_POINT('',(79.7,0.,9.25));
#2559 = DIRECTION('',(1.,0.,0.));
#2560 = DIRECTION('',(0.,0.,1.));
#2561 = ADVANCED_FACE('',(#2562),#2580,.F.);
#2562 = FACE_BOUND('',#2563,.F.);
#2563 = EDGE_LOOP('',(#2564,#2565,#2573,#2579));
#2564 = ORIENTED_EDGE('',*,*,#1443,.F.);
#2565 = ORIENTED_EDGE('',*,*,#2566,.T.);
#2566 = EDGE_CURVE('',#1435,#2567,#2569,.T.);
#2567 = VERTEX_POINT('',#2568);
#2568 = CARTESIAN_POINT('',(15.3,1.8,8.05));
#2569 = LINE('',#2570,#2571);
#2570 = CARTESIAN_POINT('',(15.3,0.,8.05));
#2571 = VECTOR('',#2572,1.);
#2572 = DIRECTION('',(0.,1.,0.));
#2573 = ORIENTED_EDGE('',*,*,#2574,.T.);
#2574 = EDGE_CURVE('',#2567,#2511,#2575,.T.);
#2575 = LINE('',#2576,#2577);
#2576 = CARTESIAN_POINT('',(38.275,1.8,8.05));
#2577 = VECTOR('',#2578,1.);
#2578 = DIRECTION('',(1.,0.,0.));
#2579 = ORIENTED_EDGE('',*,*,#2510,.F.);
#2580 = PLANE('',#2581);
#2581 = AXIS2_PLACEMENT_3D('',#2582,#2583,#2584);
#2582 = CARTESIAN_POINT('',(15.3,0.,8.05));
#2583 = DIRECTION('',(0.,0.,-1.));
#2584 = DIRECTION('',(1.,0.,0.));
#2585 = ADVANCED_FACE('',(#2586),#2605,.F.);
#2586 = FACE_BOUND('',#2587,.F.);
#2587 = EDGE_LOOP('',(#2588,#2589,#2590,#2599));
#2588 = ORIENTED_EDGE('',*,*,#1466,.F.);
#2589 = ORIENTED_EDGE('',*,*,#2551,.T.);
#2590 = ORIENTED_EDGE('',*,*,#2591,.T.);
#2591 = EDGE_CURVE('',#2544,#2592,#2594,.T.);
#2592 = VERTEX_POINT('',#2593);
#2593 = CARTESIAN_POINT('',(78.5,1.8,57.45));
#2594 = CIRCLE('',#2595,1.2);
#2595 = AXIS2_PLACEMENT_3D('',#2596,#2597,#2598);
#2596 = CARTESIAN_POINT('',(78.5,1.8,56.25));
#2597 = DIRECTION('',(0.,-1.,0.));
#2598 = DIRECTION('',(1.,0.,-5.921189464668E-15));
#2599 = ORIENTED_EDGE('',*,*,#2600,.F.);
#2600 = EDGE_CURVE('',#1460,#2592,#2601,.T.);
#2601 = LINE('',#2602,#2603);
#2602 = CARTESIAN_POINT('',(78.5,0.,57.45));
#2603 = VECTOR('',#2604,1.);
#2604 = DIRECTION('',(0.,1.,0.));
#2605 = CYLINDRICAL_SURFACE('',#2606,1.2);
#2606 = AXIS2_PLACEMENT_3D('',#2607,#2608,#2609);
#2607 = CARTESIAN_POINT('',(78.5,0.,56.25));
#2608 = DIRECTION('',(0.,-1.,0.));
#2609 = DIRECTION('',(1.,0.,-5.921189464668E-15));
#2610 = ADVANCED_FACE('',(#2611),#2630,.F.);
#2611 = FACE_BOUND('',#2612,.F.);
#2612 = EDGE_LOOP('',(#2613,#2614,#2622,#2629));
#2613 = ORIENTED_EDGE('',*,*,#1490,.F.);
#2614 = ORIENTED_EDGE('',*,*,#2615,.T.);
#2615 = EDGE_CURVE('',#1482,#2616,#2618,.T.);
#2616 = VERTEX_POINT('',#2617);
#2617 = CARTESIAN_POINT('',(14.1,1.8,9.25));
#2618 = LINE('',#2619,#2620);
#2619 = CARTESIAN_POINT('',(14.1,0.,9.25));
#2620 = VECTOR('',#2621,1.);
#2621 = DIRECTION('',(0.,1.,0.));
#2622 = ORIENTED_EDGE('',*,*,#2623,.T.);
#2623 = EDGE_CURVE('',#2616,#2567,#2624,.T.);
#2624 = CIRCLE('',#2625,1.2);
#2625 = AXIS2_PLACEMENT_3D('',#2626,#2627,#2628);
#2626 = CARTESIAN_POINT('',(15.3,1.8,9.25));
#2627 = DIRECTION('',(0.,-1.,0.));
#2628 = DIRECTION('',(-1.,0.,0.));
#2629 = ORIENTED_EDGE('',*,*,#2566,.F.);
#2630 = CYLINDRICAL_SURFACE('',#2631,1.2);
#2631 = AXIS2_PLACEMENT_3D('',#2632,#2633,#2634);
#2632 = CARTESIAN_POINT('',(15.3,0.,9.25));
#2633 = DIRECTION('',(0.,-1.,0.));
#2634 = DIRECTION('',(-1.,0.,0.));
#2635 = ADVANCED_FACE('',(#2636),#2654,.F.);
#2636 = FACE_BOUND('',#2637,.F.);
#2637 = EDGE_LOOP('',(#2638,#2639,#2640,#2648));
#2638 = ORIENTED_EDGE('',*,*,#1514,.F.);
#2639 = ORIENTED_EDGE('',*,*,#2600,.T.);
#2640 = ORIENTED_EDGE('',*,*,#2641,.T.);
#2641 = EDGE_CURVE('',#2592,#2642,#2644,.T.);
#2642 = VERTEX_POINT('',#2643);
#2643 = CARTESIAN_POINT('',(15.3,1.8,57.45));
#2644 = LINE('',#2645,#2646);
#2645 = CARTESIAN_POINT('',(69.875,1.8,57.45));
#2646 = VECTOR('',#2647,1.);
#2647 = DIRECTION('',(-1.,0.,0.));
#2648 = ORIENTED_EDGE('',*,*,#2649,.F.);
#2649 = EDGE_CURVE('',#1508,#2642,#2650,.T.);
#2650 = LINE('',#2651,#2652);
#2651 = CARTESIAN_POINT('',(15.3,0.,57.45));
#2652 = VECTOR('',#2653,1.);
#2653 = DIRECTION('',(0.,1.,0.));
#2654 = PLANE('',#2655);
#2655 = AXIS2_PLACEMENT_3D('',#2656,#2657,#2658);
#2656 = CARTESIAN_POINT('',(78.5,0.,57.45));
#2657 = DIRECTION('',(0.,0.,1.));
#2658 = DIRECTION('',(-1.,0.,0.));
#2659 = ADVANCED_FACE('',(#2660),#2678,.F.);
#2660 = FACE_BOUND('',#2661,.F.);
#2661 = EDGE_LOOP('',(#2662,#2663,#2671,#2677));
#2662 = ORIENTED_EDGE('',*,*,#1537,.F.);
#2663 = ORIENTED_EDGE('',*,*,#2664,.T.);
#2664 = EDGE_CURVE('',#1529,#2665,#2667,.T.);
#2665 = VERTEX_POINT('',#2666);
#2666 = CARTESIAN_POINT('',(14.1,1.8,56.25));
#2667 = LINE('',#2668,#2669);
#2668 = CARTESIAN_POINT('',(14.1,0.,56.25));
#2669 = VECTOR('',#2670,1.);
#2670 = DIRECTION('',(0.,1.,0.));
#2671 = ORIENTED_EDGE('',*,*,#2672,.T.);
#2672 = EDGE_CURVE('',#2665,#2616,#2673,.T.);
#2673 = LINE('',#2674,#2675);
#2674 = CARTESIAN_POINT('',(14.1,1.8,44.5));
#2675 = VECTOR('',#2676,1.);
#2676 = DIRECTION('',(0.,0.,-1.));
#2677 = ORIENTED_EDGE('',*,*,#2615,.F.);
#2678 = PLANE('',#2679);
#2679 = AXIS2_PLACEMENT_3D('',#2680,#2681,#2682);
#2680 = CARTESIAN_POINT('',(14.1,0.,56.25));
#2681 = DIRECTION('',(-1.,0.,0.));
#2682 = DIRECTION('',(0.,0.,-1.));
#2683 = ADVANCED_FACE('',(#2684),#2696,.F.);
#2684 = FACE_BOUND('',#2685,.F.);
#2685 = EDGE_LOOP('',(#2686,#2687,#2688,#2695));
#2686 = ORIENTED_EDGE('',*,*,#1554,.F.);
#2687 = ORIENTED_EDGE('',*,*,#2649,.T.);
#2688 = ORIENTED_EDGE('',*,*,#2689,.T.);
#2689 = EDGE_CURVE('',#2642,#2665,#2690,.T.);
#2690 = CIRCLE('',#2691,1.2);
#2691 = AXIS2_PLACEMENT_3D('',#2692,#2693,#2694);
#2692 = CARTESIAN_POINT('',(15.3,1.8,56.25));
#2693 = DIRECTION('',(0.,-1.,0.));
#2694 = DIRECTION('',(5.921189464668E-15,0.,1.));
#2695 = ORIENTED_EDGE('',*,*,#2664,.F.);
#2696 = CYLINDRICAL_SURFACE('',#2697,1.2);
#2697 = AXIS2_PLACEMENT_3D('',#2698,#2699,#2700);
#2698 = CARTESIAN_POINT('',(15.3,0.,56.25));
#2699 = DIRECTION('',(0.,-1.,0.));
#2700 = DIRECTION('',(5.921189464668E-15,0.,1.));
#2701 = ADVANCED_FACE('',(#2702),#2728,.F.);
#2702 = FACE_BOUND('',#2703,.F.);
#2703 = EDGE_LOOP('',(#2704,#2705,#2713,#2722));
#2704 = ORIENTED_EDGE('',*,*,#1584,.F.);
#2705 = ORIENTED_EDGE('',*,*,#2706,.T.);
#2706 = EDGE_CURVE('',#1570,#2707,#2709,.T.);
#2707 = VERTEX_POINT('',#2708);
#2708 = CARTESIAN_POINT('',(110.6,1.8,28.45));
#2709 = LINE('',#2710,#2711);
#2710 = CARTESIAN_POINT('',(110.6,0.,28.45));
#2711 = VECTOR('',#2712,1.);
#2712 = DIRECTION('',(0.,1.,0.));
#2713 = ORIENTED_EDGE('',*,*,#2714,.T.);
#2714 = EDGE_CURVE('',#2707,#2715,#2717,.T.);
#2715 = VERTEX_POINT('',#2716);
#2716 = CARTESIAN_POINT('',(111.6,1.8,29.45));
#2717 = CIRCLE('',#2718,1.);
#2718 = AXIS2_PLACEMENT_3D('',#2719,#2720,#2721);
#2719 = CARTESIAN_POINT('',(110.6,1.8,29.45));
#2720 = DIRECTION('',(0.,-1.,0.));
#2721 = DIRECTION('',(-1.42108547152E-14,-0.,-1.));
#2722 = ORIENTED_EDGE('',*,*,#2723,.F.);
#2723 = EDGE_CURVE('',#1578,#2715,#2724,.T.);
#2724 = LINE('',#2725,#2726);
#2725 = CARTESIAN_POINT('',(111.6,0.,29.45));
#2726 = VECTOR('',#2727,1.);
#2727 = DIRECTION('',(0.,1.,0.));
#2728 = CYLINDRICAL_SURFACE('',#2729,1.);
#2729 = AXIS2_PLACEMENT_3D('',#2730,#2731,#2732);
#2730 = CARTESIAN_POINT('',(110.6,0.,29.45));
#2731 = DIRECTION('',(0.,-1.,0.));
#2732 = DIRECTION('',(-1.42108547152E-14,-0.,-1.));
#2733 = ADVANCED_FACE('',(#2734),#2752,.F.);
#2734 = FACE_BOUND('',#2735,.F.);
#2735 = EDGE_LOOP('',(#2736,#2737,#2738,#2746));
#2736 = ORIENTED_EDGE('',*,*,#1608,.F.);
#2737 = ORIENTED_EDGE('',*,*,#2723,.T.);
#2738 = ORIENTED_EDGE('',*,*,#2739,.T.);
#2739 = EDGE_CURVE('',#2715,#2740,#2742,.T.);
#2740 = VERTEX_POINT('',#2741);
#2741 = CARTESIAN_POINT('',(111.6,1.8,56.45));
#2742 = LINE('',#2743,#2744);
#2743 = CARTESIAN_POINT('',(111.6,1.8,31.1));
#2744 = VECTOR('',#2745,1.);
#2745 = DIRECTION('',(0.,0.,1.));
#2746 = ORIENTED_EDGE('',*,*,#2747,.F.);
#2747 = EDGE_CURVE('',#1602,#2740,#2748,.T.);
#2748 = LINE('',#2749,#2750);
#2749 = CARTESIAN_POINT('',(111.6,0.,56.45));
#2750 = VECTOR('',#2751,1.);
#2751 = DIRECTION('',(0.,1.,0.));
#2752 = PLANE('',#2753);
#2753 = AXIS2_PLACEMENT_3D('',#2754,#2755,#2756);
#2754 = CARTESIAN_POINT('',(111.6,0.,29.45));
#2755 = DIRECTION('',(1.,0.,0.));
#2756 = DIRECTION('',(0.,0.,1.));
#2757 = ADVANCED_FACE('',(#2758),#2776,.F.);
#2758 = FACE_BOUND('',#2759,.F.);
#2759 = EDGE_LOOP('',(#2760,#2761,#2769,#2775));
#2760 = ORIENTED_EDGE('',*,*,#1631,.F.);
#2761 = ORIENTED_EDGE('',*,*,#2762,.T.);
#2762 = EDGE_CURVE('',#1623,#2763,#2765,.T.);
#2763 = VERTEX_POINT('',#2764);
#2764 = CARTESIAN_POINT('',(91.6,1.8,28.45));
#2765 = LINE('',#2766,#2767);
#2766 = CARTESIAN_POINT('',(91.6,0.,28.45));
#2767 = VECTOR('',#2768,1.);
#2768 = DIRECTION('',(0.,1.,0.));
#2769 = ORIENTED_EDGE('',*,*,#2770,.T.);
#2770 = EDGE_CURVE('',#2763,#2707,#2771,.T.);
#2771 = LINE('',#2772,#2773);
#2772 = CARTESIAN_POINT('',(76.425,1.8,28.45));
#2773 = VECTOR('',#2774,1.);
#2774 = DIRECTION('',(1.,0.,0.));
#2775 = ORIENTED_EDGE('',*,*,#2706,.F.);
#2776 = PLANE('',#2777);
#2777 = AXIS2_PLACEMENT_3D('',#2778,#2779,#2780);
#2778 = CARTESIAN_POINT('',(91.6,0.,28.45));
#2779 = DIRECTION('',(0.,0.,-1.));
#2780 = DIRECTION('',(1.,0.,0.));
#2781 = ADVANCED_FACE('',(#2782),#2801,.F.);
#2782 = FACE_BOUND('',#2783,.F.);
#2783 = EDGE_LOOP('',(#2784,#2785,#2786,#2795));
#2784 = ORIENTED_EDGE('',*,*,#1654,.F.);
#2785 = ORIENTED_EDGE('',*,*,#2747,.T.);
#2786 = ORIENTED_EDGE('',*,*,#2787,.T.);
#2787 = EDGE_CURVE('',#2740,#2788,#2790,.T.);
#2788 = VERTEX_POINT('',#2789);
#2789 = CARTESIAN_POINT('',(110.6,1.8,57.45));
#2790 = CIRCLE('',#2791,1.);
#2791 = AXIS2_PLACEMENT_3D('',#2792,#2793,#2794);
#2792 = CARTESIAN_POINT('',(110.6,1.8,56.45));
#2793 = DIRECTION('',(0.,-1.,0.));
#2794 = DIRECTION('',(1.,0.,-1.42108547152E-14));
#2795 = ORIENTED_EDGE('',*,*,#2796,.F.);
#2796 = EDGE_CURVE('',#1648,#2788,#2797,.T.);
#2797 = LINE('',#2798,#2799);
#2798 = CARTESIAN_POINT('',(110.6,0.,57.45));
#2799 = VECTOR('',#2800,1.);
#2800 = DIRECTION('',(0.,1.,0.));
#2801 = CYLINDRICAL_SURFACE('',#2802,1.);
#2802 = AXIS2_PLACEMENT_3D('',#2803,#2804,#2805);
#2803 = CARTESIAN_POINT('',(110.6,0.,56.45));
#2804 = DIRECTION('',(0.,-1.,0.));
#2805 = DIRECTION('',(1.,0.,-1.42108547152E-14));
#2806 = ADVANCED_FACE('',(#2807),#2826,.F.);
#2807 = FACE_BOUND('',#2808,.F.);
#2808 = EDGE_LOOP('',(#2809,#2810,#2818,#2825));
#2809 = ORIENTED_EDGE('',*,*,#1678,.F.);
#2810 = ORIENTED_EDGE('',*,*,#2811,.T.);
#2811 = EDGE_CURVE('',#1670,#2812,#2814,.T.);
#2812 = VERTEX_POINT('',#2813);
#2813 = CARTESIAN_POINT('',(90.6,1.8,29.45));
#2814 = LINE('',#2815,#2816);
#2815 = CARTESIAN_POINT('',(90.6,0.,29.45));
#2816 = VECTOR('',#2817,1.);
#2817 = DIRECTION('',(0.,1.,0.));
#2818 = ORIENTED_EDGE('',*,*,#2819,.T.);
#2819 = EDGE_CURVE('',#2812,#2763,#2820,.T.);
#2820 = CIRCLE('',#2821,1.);
#2821 = AXIS2_PLACEMENT_3D('',#2822,#2823,#2824);
#2822 = CARTESIAN_POINT('',(91.6,1.8,29.45));
#2823 = DIRECTION('',(0.,-1.,0.));
#2824 = DIRECTION('',(-1.,0.,7.105427357601E-15));
#2825 = ORIENTED_EDGE('',*,*,#2762,.F.);
#2826 = CYLINDRICAL_SURFACE('',#2827,1.);
#2827 = AXIS2_PLACEMENT_3D('',#2828,#2829,#2830);
#2828 = CARTESIAN_POINT('',(91.6,0.,29.45));
#2829 = DIRECTION('',(0.,-1.,0.));
#2830 = DIRECTION('',(-1.,0.,7.105427357601E-15));
#2831 = ADVANCED_FACE('',(#2832),#2850,.F.);
#2832 = FACE_BOUND('',#2833,.F.);
#2833 = EDGE_LOOP('',(#2834,#2835,#2836,#2844));
#2834 = ORIENTED_EDGE('',*,*,#1702,.F.);
#2835 = ORIENTED_EDGE('',*,*,#2796,.T.);
#2836 = ORIENTED_EDGE('',*,*,#2837,.T.);
#2837 = EDGE_CURVE('',#2788,#2838,#2840,.T.);
#2838 = VERTEX_POINT('',#2839);
#2839 = CARTESIAN_POINT('',(91.6,1.8,57.45));
#2840 = LINE('',#2841,#2842);
#2841 = CARTESIAN_POINT('',(85.925,1.8,57.45));
#2842 = VECTOR('',#2843,1.);
#2843 = DIRECTION('',(-1.,0.,0.));
#2844 = ORIENTED_EDGE('',*,*,#2845,.F.);
#2845 = EDGE_CURVE('',#1696,#2838,#2846,.T.);
#2846 = LINE('',#2847,#2848);
#2847 = CARTESIAN_POINT('',(91.6,0.,57.45));
#2848 = VECTOR('',#2849,1.);
#2849 = DIRECTION('',(0.,1.,0.));
#2850 = PLANE('',#2851);
#2851 = AXIS2_PLACEMENT_3D('',#2852,#2853,#2854);
#2852 = CARTESIAN_POINT('',(110.6,0.,57.45));
#2853 = DIRECTION('',(0.,0.,1.));
#2854 = DIRECTION('',(-1.,0.,0.));
#2855 = ADVANCED_FACE('',(#2856),#2874,.F.);
#2856 = FACE_BOUND('',#2857,.F.);
#2857 = EDGE_LOOP('',(#2858,#2859,#2867,#2873));
#2858 = ORIENTED_EDGE('',*,*,#1725,.F.);
#2859 = ORIENTED_EDGE('',*,*,#2860,.T.);
#2860 = EDGE_CURVE('',#1717,#2861,#2863,.T.);
#2861 = VERTEX_POINT('',#2862);
#2862 = CARTESIAN_POINT('',(90.6,1.8,56.45));
#2863 = LINE('',#2864,#2865);
#2864 = CARTESIAN_POINT('',(90.6,0.,56.45));
#2865 = VECTOR('',#2866,1.);
#2866 = DIRECTION('',(0.,1.,0.));
#2867 = ORIENTED_EDGE('',*,*,#2868,.T.);
#2868 = EDGE_CURVE('',#2861,#2812,#2869,.T.);
#2869 = LINE('',#2870,#2871);
#2870 = CARTESIAN_POINT('',(90.6,1.8,44.6));
#2871 = VECTOR('',#2872,1.);
#2872 = DIRECTION('',(0.,0.,-1.));
#2873 = ORIENTED_EDGE('',*,*,#2811,.F.);
#2874 = PLANE('',#2875);
#2875 = AXIS2_PLACEMENT_3D('',#2876,#2877,#2878);
#2876 = CARTESIAN_POINT('',(90.6,0.,56.45));
#2877 = DIRECTION('',(-1.,0.,0.));
#2878 = DIRECTION('',(0.,0.,-1.));
#2879 = ADVANCED_FACE('',(#2880),#2892,.F.);
#2880 = FACE_BOUND('',#2881,.F.);
#2881 = EDGE_LOOP('',(#2882,#2883,#2884,#2891));
#2882 = ORIENTED_EDGE('',*,*,#1742,.F.);
#2883 = ORIENTED_EDGE('',*,*,#2845,.T.);
#2884 = ORIENTED_EDGE('',*,*,#2885,.T.);
#2885 = EDGE_CURVE('',#2838,#2861,#2886,.T.);
#2886 = CIRCLE('',#2887,1.);
#2887 = AXIS2_PLACEMENT_3D('',#2888,#2889,#2890);
#2888 = CARTESIAN_POINT('',(91.6,1.8,56.45));
#2889 = DIRECTION('',(0.,-1.,0.));
#2890 = DIRECTION('',(1.42108547152E-14,0.,1.));
#2891 = ORIENTED_EDGE('',*,*,#2860,.F.);
#2892 = CYLINDRICAL_SURFACE('',#2893,1.);
#2893 = AXIS2_PLACEMENT_3D('',#2894,#2895,#2896);
#2894 = CARTESIAN_POINT('',(91.6,0.,56.45));
#2895 = DIRECTION('',(0.,-1.,0.));
#2896 = DIRECTION('',(1.42108547152E-14,0.,1.));
#2897 = ADVANCED_FACE('',(#2898,#3023,#3034,#3045,#3048),#3059,.F.);
#2898 = FACE_BOUND('',#2899,.F.);
#2899 = EDGE_LOOP('',(#2900,#2910,#2918,#2927,#2935,#2943,#2952,#2960,
    #2968,#2976,#2984,#2992,#3000,#3008,#3016));
#2900 = ORIENTED_EDGE('',*,*,#2901,.T.);
#2901 = EDGE_CURVE('',#2902,#2904,#2906,.T.);
#2902 = VERTEX_POINT('',#2903);
#2903 = CARTESIAN_POINT('',(120.1,1.8,3.9));
#2904 = VERTEX_POINT('',#2905);
#2905 = CARTESIAN_POINT('',(120.1,1.8,56.4));
#2906 = LINE('',#2907,#2908);
#2907 = CARTESIAN_POINT('',(120.1,1.8,3.9));
#2908 = VECTOR('',#2909,1.);
#2909 = DIRECTION('',(0.,0.,1.));
#2910 = ORIENTED_EDGE('',*,*,#2911,.T.);
#2911 = EDGE_CURVE('',#2904,#2912,#2914,.T.);
#2912 = VERTEX_POINT('',#2913);
#2913 = CARTESIAN_POINT('',(116.9,1.8,56.4));
#2914 = LINE('',#2915,#2916);
#2915 = CARTESIAN_POINT('',(89.075,1.8,56.4));
#2916 = VECTOR('',#2917,1.);
#2917 = DIRECTION('',(-1.,0.,0.));
#2918 = ORIENTED_EDGE('',*,*,#2919,.T.);
#2919 = EDGE_CURVE('',#2912,#2920,#2922,.T.);
#2920 = VERTEX_POINT('',#2921);
#2921 = CARTESIAN_POINT('',(113.75,1.8,58.374385369761));
#2922 = CIRCLE('',#2923,3.5);
#2923 = AXIS2_PLACEMENT_3D('',#2924,#2925,#2926);
#2924 = CARTESIAN_POINT('',(116.9,1.8,59.9));
#2925 = DIRECTION('',(0.,1.,0.));
#2926 = DIRECTION('',(0.,0.,1.));
#2927 = ORIENTED_EDGE('',*,*,#2928,.F.);
#2928 = EDGE_CURVE('',#2929,#2920,#2931,.T.);
#2929 = VERTEX_POINT('',#2930);
#2930 = CARTESIAN_POINT('',(113.75,1.8,58.75));
#2931 = LINE('',#2932,#2933);
#2932 = CARTESIAN_POINT('',(113.75,1.8,35.75));
#2933 = VECTOR('',#2934,1.);
#2934 = DIRECTION('',(0.,0.,-1.));
#2935 = ORIENTED_EDGE('',*,*,#2936,.T.);
#2936 = EDGE_CURVE('',#2929,#2937,#2939,.T.);
#2937 = VERTEX_POINT('',#2938);
#2938 = CARTESIAN_POINT('',(113.59432306478,1.8,58.75));
#2939 = LINE('',#2940,#2941);
#2940 = CARTESIAN_POINT('',(81.178721505119,1.8,58.75));
#2941 = VECTOR('',#2942,1.);
#2942 = DIRECTION('',(-1.,0.,0.));
#2943 = ORIENTED_EDGE('',*,*,#2944,.T.);
#2944 = EDGE_CURVE('',#2937,#2945,#2947,.T.);
#2945 = VERTEX_POINT('',#2946);
#2946 = CARTESIAN_POINT('',(113.45,1.8,59.310508693873));
#2947 = CIRCLE('',#2948,3.5);
#2948 = AXIS2_PLACEMENT_3D('',#2949,#2950,#2951);
#2949 = CARTESIAN_POINT('',(116.9,1.8,59.9));
#2950 = DIRECTION('',(0.,1.,0.));
#2951 = DIRECTION('',(0.,0.,1.));
#2952 = ORIENTED_EDGE('',*,*,#2953,.F.);
#2953 = EDGE_CURVE('',#2954,#2945,#2956,.T.);
#2954 = VERTEX_POINT('',#2955);
#2955 = CARTESIAN_POINT('',(113.45,1.8,25.85));
#2956 = LINE('',#2957,#2958);
#2957 = CARTESIAN_POINT('',(113.45,1.8,29.3));
#2958 = VECTOR('',#2959,1.);
#2959 = DIRECTION('',(0.,0.,1.));
#2960 = ORIENTED_EDGE('',*,*,#2961,.T.);
#2961 = EDGE_CURVE('',#2954,#2962,#2964,.T.);
#2962 = VERTEX_POINT('',#2963);
#2963 = CARTESIAN_POINT('',(101.5,1.8,25.85));
#2964 = LINE('',#2965,#2966);
#2965 = CARTESIAN_POINT('',(75.325,1.8,25.85));
#2966 = VECTOR('',#2967,1.);
#2967 = DIRECTION('',(-1.,0.,0.));
#2968 = ORIENTED_EDGE('',*,*,#2969,.F.);
#2969 = EDGE_CURVE('',#2970,#2962,#2972,.T.);
#2970 = VERTEX_POINT('',#2971);
#2971 = CARTESIAN_POINT('',(101.5,1.8,24.75));
#2972 = LINE('',#2973,#2974);
#2973 = CARTESIAN_POINT('',(101.5,1.8,24.75));
#2974 = VECTOR('',#2975,1.);
#2975 = DIRECTION('',(0.,0.,1.));
#2976 = ORIENTED_EDGE('',*,*,#2977,.F.);
#2977 = EDGE_CURVE('',#2978,#2970,#2980,.T.);
#2978 = VERTEX_POINT('',#2979);
#2979 = CARTESIAN_POINT('',(97.25,1.8,24.75));
#2980 = LINE('',#2981,#2982);
#2981 = CARTESIAN_POINT('',(95.25,1.8,24.75));
#2982 = VECTOR('',#2983,1.);
#2983 = DIRECTION('',(1.,0.,0.));
#2984 = ORIENTED_EDGE('',*,*,#2985,.F.);
#2985 = EDGE_CURVE('',#2986,#2978,#2988,.T.);
#2986 = VERTEX_POINT('',#2987);
#2987 = CARTESIAN_POINT('',(97.25,1.8,6.55));
#2988 = LINE('',#2989,#2990);
#2989 = CARTESIAN_POINT('',(97.25,1.8,2.39));
#2990 = VECTOR('',#2991,1.);
#2991 = DIRECTION('',(0.,0.,1.));
#2992 = ORIENTED_EDGE('',*,*,#2993,.T.);
#2993 = EDGE_CURVE('',#2986,#2994,#2996,.T.);
#2994 = VERTEX_POINT('',#2995);
#2995 = CARTESIAN_POINT('',(101.5,1.8,6.55));
#2996 = LINE('',#2997,#2998);
#2997 = CARTESIAN_POINT('',(95.25,1.8,6.55));
#2998 = VECTOR('',#2999,1.);
#2999 = DIRECTION('',(1.,0.,0.));
#3000 = ORIENTED_EDGE('',*,*,#3001,.F.);
#3001 = EDGE_CURVE('',#3002,#2994,#3004,.T.);
#3002 = VERTEX_POINT('',#3003);
#3003 = CARTESIAN_POINT('',(101.5,1.8,2.4));
#3004 = LINE('',#3005,#3006);
#3005 = CARTESIAN_POINT('',(101.5,1.8,2.39));
#3006 = VECTOR('',#3007,1.);
#3007 = DIRECTION('',(0.,0.,1.));
#3008 = ORIENTED_EDGE('',*,*,#3009,.T.);
#3009 = EDGE_CURVE('',#3002,#3010,#3012,.T.);
#3010 = VERTEX_POINT('',#3011);
#3011 = CARTESIAN_POINT('',(118.6,1.8,2.4));
#3012 = LINE('',#3013,#3014);
#3013 = CARTESIAN_POINT('',(3.9,1.8,2.4));
#3014 = VECTOR('',#3015,1.);
#3015 = DIRECTION('',(1.,0.,0.));
#3016 = ORIENTED_EDGE('',*,*,#3017,.T.);
#3017 = EDGE_CURVE('',#3010,#2902,#3018,.T.);
#3018 = CIRCLE('',#3019,1.5);
#3019 = AXIS2_PLACEMENT_3D('',#3020,#3021,#3022);
#3020 = CARTESIAN_POINT('',(118.6,1.8,3.9));
#3021 = DIRECTION('',(0.,-1.,0.));
#3022 = DIRECTION('',(0.,0.,-1.));
#3023 = FACE_BOUND('',#3024,.F.);
#3024 = EDGE_LOOP('',(#3025));
#3025 = ORIENTED_EDGE('',*,*,#3026,.T.);
#3026 = EDGE_CURVE('',#3027,#3027,#3029,.T.);
#3027 = VERTEX_POINT('',#3028);
#3028 = CARTESIAN_POINT('',(98.4,1.8,21.1));
#3029 = CIRCLE('',#3030,0.8);
#3030 = AXIS2_PLACEMENT_3D('',#3031,#3032,#3033);
#3031 = CARTESIAN_POINT('',(98.4,1.8,20.3));
#3032 = DIRECTION('',(0.,1.,0.));
#3033 = DIRECTION('',(0.,0.,1.));
#3034 = FACE_BOUND('',#3035,.F.);
#3035 = EDGE_LOOP('',(#3036));
#3036 = ORIENTED_EDGE('',*,*,#3037,.T.);
#3037 = EDGE_CURVE('',#3038,#3038,#3040,.T.);
#3038 = VERTEX_POINT('',#3039);
#3039 = CARTESIAN_POINT('',(98.4,1.8,11.8));
#3040 = CIRCLE('',#3041,0.8);
#3041 = AXIS2_PLACEMENT_3D('',#3042,#3043,#3044);
#3042 = CARTESIAN_POINT('',(98.4,1.8,11.));
#3043 = DIRECTION('',(0.,1.,0.));
#3044 = DIRECTION('',(0.,0.,1.));
#3045 = FACE_BOUND('',#3046,.F.);
#3046 = EDGE_LOOP('',(#3047));
#3047 = ORIENTED_EDGE('',*,*,#1757,.T.);
#3048 = FACE_BOUND('',#3049,.F.);
#3049 = EDGE_LOOP('',(#3050));
#3050 = ORIENTED_EDGE('',*,*,#3051,.T.);
#3051 = EDGE_CURVE('',#3052,#3052,#3054,.T.);
#3052 = VERTEX_POINT('',#3053);
#3053 = CARTESIAN_POINT('',(111.4,1.8,14.1));
#3054 = CIRCLE('',#3055,1.9);
#3055 = AXIS2_PLACEMENT_3D('',#3056,#3057,#3058);
#3056 = CARTESIAN_POINT('',(111.4,1.8,12.2));
#3057 = DIRECTION('',(0.,1.,0.));
#3058 = DIRECTION('',(0.,0.,1.));
#3059 = PLANE('',#3060);
#3060 = AXIS2_PLACEMENT_3D('',#3061,#3062,#3063);
#3061 = CARTESIAN_POINT('',(61.25,1.8,32.75));
#3062 = DIRECTION('',(-0.,-1.,-0.));
#3063 = DIRECTION('',(0.,0.,-1.));
#3064 = ADVANCED_FACE('',(#3065,#3101),#3104,.T.);
#3065 = FACE_BOUND('',#3066,.T.);
#3066 = EDGE_LOOP('',(#3067,#3078,#3087,#3095));
#3067 = ORIENTED_EDGE('',*,*,#3068,.T.);
#3068 = EDGE_CURVE('',#3069,#3071,#3073,.T.);
#3069 = VERTEX_POINT('',#3070);
#3070 = CARTESIAN_POINT('',(112.87309198626,3.29,11.));
#3071 = VERTEX_POINT('',#3072);
#3072 = CARTESIAN_POINT('',(111.4,3.29,14.1));
#3073 = CIRCLE('',#3074,1.9);
#3074 = AXIS2_PLACEMENT_3D('',#3075,#3076,#3077);
#3075 = CARTESIAN_POINT('',(111.4,3.29,12.2));
#3076 = DIRECTION('',(0.,1.,0.));
#3077 = DIRECTION('',(0.,0.,1.));
#3078 = ORIENTED_EDGE('',*,*,#3079,.T.);
#3079 = EDGE_CURVE('',#3071,#3080,#3082,.T.);
#3080 = VERTEX_POINT('',#3081);
#3081 = CARTESIAN_POINT('',(112.85,3.29,13.427802915781));
#3082 = CIRCLE('',#3083,1.9);
#3083 = AXIS2_PLACEMENT_3D('',#3084,#3085,#3086);
#3084 = CARTESIAN_POINT('',(111.4,3.29,12.2));
#3085 = DIRECTION('',(0.,1.,0.));
#3086 = DIRECTION('',(0.,0.,1.));
#3087 = ORIENTED_EDGE('',*,*,#3088,.T.);
#3088 = EDGE_CURVE('',#3080,#3089,#3091,.T.);
#3089 = VERTEX_POINT('',#3090);
#3090 = CARTESIAN_POINT('',(112.85,3.29,11.));
#3091 = LINE('',#3092,#3093);
#3092 = CARTESIAN_POINT('',(112.85,3.29,11.6));
#3093 = VECTOR('',#3094,1.);
#3094 = DIRECTION('',(0.,0.,-1.));
#3095 = ORIENTED_EDGE('',*,*,#3096,.T.);
#3096 = EDGE_CURVE('',#3089,#3069,#3097,.T.);
#3097 = LINE('',#3098,#3099);
#3098 = CARTESIAN_POINT('',(112.125,3.29,11.));
#3099 = VECTOR('',#3100,1.);
#3100 = DIRECTION('',(1.,0.,0.));
#3101 = FACE_BOUND('',#3102,.T.);
#3102 = EDGE_LOOP('',(#3103));
#3103 = ORIENTED_EDGE('',*,*,#1782,.F.);
#3104 = PLANE('',#3105);
#3105 = AXIS2_PLACEMENT_3D('',#3106,#3107,#3108);
#3106 = CARTESIAN_POINT('',(111.4,3.29,12.2));
#3107 = DIRECTION('',(0.,1.,0.));
#3108 = DIRECTION('',(0.,0.,1.));
#3109 = ADVANCED_FACE('',(#3110),#3193,.F.);
#3110 = FACE_BOUND('',#3111,.F.);
#3111 = EDGE_LOOP('',(#3112,#3121,#3122,#3169,#3177,#3186));
#3112 = ORIENTED_EDGE('',*,*,#3113,.F.);
#3113 = EDGE_CURVE('',#1833,#3114,#3116,.T.);
#3114 = VERTEX_POINT('',#3115);
#3115 = CARTESIAN_POINT('',(120.6,12.6,62.953565375285));
#3116 = CIRCLE('',#3117,2.);
#3117 = AXIS2_PLACEMENT_3D('',#3118,#3119,#3120);
#3118 = CARTESIAN_POINT('',(118.9,12.6,61.9));
#3119 = DIRECTION('',(0.,-1.,0.));
#3120 = DIRECTION('',(1.,0.,3.552713678801E-15));
#3121 = ORIENTED_EDGE('',*,*,#1859,.T.);
#3122 = ORIENTED_EDGE('',*,*,#3123,.T.);
#3123 = EDGE_CURVE('',#1851,#3124,#3126,.T.);
#3124 = VERTEX_POINT('',#3125);
#3125 = CARTESIAN_POINT('',(118.9,14.818777546582,63.9));
#3126 = B_SPLINE_CURVE_WITH_KNOTS('',6,(#3127,#3128,#3129,#3130,#3131,
    #3132,#3133,#3134,#3135,#3136,#3137,#3138,#3139,#3140,#3141,#3142,
    #3143,#3144,#3145,#3146,#3147,#3148,#3149,#3150,#3151,#3152,#3153,
    #3154,#3155,#3156,#3157,#3158,#3159,#3160,#3161,#3162,#3163,#3164,
    #3165,#3166,#3167,#3168),.UNSPECIFIED.,.F.,.F.,(7,5,5,5,5,5,5,5,7),(
    0.,0.253205569598,0.343767649004,0.39525947172,0.500442695421,
    0.605649508432,0.657167999751,0.749790318178,1.),.UNSPECIFIED.);
#3127 = CARTESIAN_POINT('',(120.9,14.818777546582,61.9));
#3128 = CARTESIAN_POINT('',(120.9,14.760338458187,62.009680242067));
#3129 = CARTESIAN_POINT('',(120.89278227842,14.70431550407,
    62.123248958048));
#3130 = CARTESIAN_POINT('',(120.87738636289,14.65111346187,
    62.240719454944));
#3131 = CARTESIAN_POINT('',(120.85259760892,14.601457038492,
    62.361718564308));
#3132 = CARTESIAN_POINT('',(120.81707691653,14.556330841185,
    62.485391644198));
#3133 = CARTESIAN_POINT('',(120.75262135737,14.50281623067,
    62.655036244096));
#3134 = CARTESIAN_POINT('',(120.73411775409,14.489453604579,
    62.699875741491));
#3135 = CARTESIAN_POINT('',(120.71404129845,14.476882663646,
    62.744788415554));
#3136 = CARTESIAN_POINT('',(120.69234967379,14.465164392183,
    62.789682202492));
#3137 = CARTESIAN_POINT('',(120.66901429332,14.454361038294,
    62.834448707841));
#3138 = CARTESIAN_POINT('',(120.62981961799,14.438944698008,
    62.904274142219));
#3139 = CARTESIAN_POINT('',(120.61507839011,14.433671765925,
    62.929503204247));
#3140 = CARTESIAN_POINT('',(120.59980167399,14.428725300984,
    62.954627760473));
#3141 = CARTESIAN_POINT('',(120.58399048716,14.424115978941,
    62.979623347845));
#3142 = CARTESIAN_POINT('',(120.56764844531,14.419853880606,
    63.004464223552));
#3143 = CARTESIAN_POINT('',(120.51632790132,14.407970887647,
    63.079495013509));
#3144 = CARTESIAN_POINT('',(120.4796805739,14.401480460684,
    63.12911524741));
#3145 = CARTESIAN_POINT('',(120.44090270854,14.396558910305,
    63.177742255552));
#3146 = CARTESIAN_POINT('',(120.40009957942,14.393267349542,
    63.225136761117));
#3147 = CARTESIAN_POINT('',(120.35742655051,14.391639406868,
    63.271069620795));
#3148 = CARTESIAN_POINT('',(120.26875714705,14.391709256897,
    63.359599153153));
#3149 = CARTESIAN_POINT('',(120.22275043764,14.393407803629,
    63.402204650399));
#3150 = CARTESIAN_POINT('',(120.17528910823,14.396769878068,
    63.442933558117));
#3151 = CARTESIAN_POINT('',(120.1266029249,14.401761031445,
    63.481631688428));
#3152 = CARTESIAN_POINT('',(120.07693134962,14.408319454703,
    63.518195110833));
#3153 = CARTESIAN_POINT('',(120.0018280504,14.420301791428,
    63.569391403278));
#3154 = CARTESIAN_POINT('',(119.97696018343,14.424597027671,
    63.585694932168));
#3155 = CARTESIAN_POINT('',(119.95193930018,14.429239136357,
    63.60146676067));
#3156 = CARTESIAN_POINT('',(119.92679111934,14.434217984016,
    63.616703413506));
#3157 = CARTESIAN_POINT('',(119.90154006394,14.439522852953,
    63.631404006054));
#3158 = CARTESIAN_POINT('',(119.830668377,14.4552455961,63.671038960528)
  );
#3159 = CARTESIAN_POINT('',(119.78486990012,14.466366154491,
    63.694779984742));
#3160 = CARTESIAN_POINT('',(119.73894607845,14.478439610922,
    63.716802883413));
#3161 = CARTESIAN_POINT('',(119.6930118931,14.491399365366,
    63.737139243282));
#3162 = CARTESIAN_POINT('',(119.64716448968,14.50518033935,
    63.755835335539));
#3163 = CARTESIAN_POINT('',(119.47807770068,14.559006994344,
    63.819164187102));
#3164 = CARTESIAN_POINT('',(119.35599609844,14.603809985596,
    63.853762038315));
#3165 = CARTESIAN_POINT('',(119.23655438594,14.653001736086,
    63.87792909198));
#3166 = CARTESIAN_POINT('',(119.12056182327,14.705641290565,
    63.892952670368));
#3167 = CARTESIAN_POINT('',(119.008377743,14.761032446971,63.9));
#3168 = CARTESIAN_POINT('',(118.9,14.818777546582,63.9));
#3169 = ORIENTED_EDGE('',*,*,#3170,.F.);
#3170 = EDGE_CURVE('',#3171,#3124,#3173,.T.);
#3171 = VERTEX_POINT('',#3172);
#3172 = CARTESIAN_POINT('',(118.9,12.6,63.9));
#3173 = LINE('',#3174,#3175);
#3174 = CARTESIAN_POINT('',(118.9,12.6,63.9));
#3175 = VECTOR('',#3176,1.);
#3176 = DIRECTION('',(0.,1.,0.));
#3177 = ORIENTED_EDGE('',*,*,#3178,.F.);
#3178 = EDGE_CURVE('',#3179,#3171,#3181,.T.);
#3179 = VERTEX_POINT('',#3180);
#3180 = CARTESIAN_POINT('',(119.95356537528,12.6,63.6));
#3181 = CIRCLE('',#3182,2.);
#3182 = AXIS2_PLACEMENT_3D('',#3183,#3184,#3185);
#3183 = CARTESIAN_POINT('',(118.9,12.6,61.9));
#3184 = DIRECTION('',(0.,-1.,0.));
#3185 = DIRECTION('',(1.,0.,3.552713678801E-15));
#3186 = ORIENTED_EDGE('',*,*,#3187,.F.);
#3187 = EDGE_CURVE('',#3114,#3179,#3188,.T.);
#3188 = CIRCLE('',#3189,2.);
#3189 = AXIS2_PLACEMENT_3D('',#3190,#3191,#3192);
#3190 = CARTESIAN_POINT('',(118.9,12.6,61.9));
#3191 = DIRECTION('',(0.,-1.,0.));
#3192 = DIRECTION('',(1.,0.,3.552713678801E-15));
#3193 = CYLINDRICAL_SURFACE('',#3194,2.);
#3194 = AXIS2_PLACEMENT_3D('',#3195,#3196,#3197);
#3195 = CARTESIAN_POINT('',(118.9,12.6,61.9));
#3196 = DIRECTION('',(0.,-1.,0.));
#3197 = DIRECTION('',(1.,0.,3.552713678801E-15));
#3198 = ADVANCED_FACE('',(#3199),#3230,.T.);
#3199 = FACE_BOUND('',#3200,.F.);
#3200 = EDGE_LOOP('',(#3201,#3202,#3203,#3211,#3220,#3227,#3228,#3229));
#3201 = ORIENTED_EDGE('',*,*,#1900,.F.);
#3202 = ORIENTED_EDGE('',*,*,#2097,.T.);
#3203 = ORIENTED_EDGE('',*,*,#3204,.T.);
#3204 = EDGE_CURVE('',#2098,#3205,#3207,.T.);
#3205 = VERTEX_POINT('',#3206);
#3206 = CARTESIAN_POINT('',(115.5,15.,64.7));
#3207 = LINE('',#3208,#3209);
#3208 = CARTESIAN_POINT('',(115.5,14.2,65.5));
#3209 = VECTOR('',#3210,1.);
#3210 = DIRECTION('',(-1.36666144656E-15,0.707106781187,-0.707106781187)
  );
#3211 = ORIENTED_EDGE('',*,*,#3212,.F.);
#3212 = EDGE_CURVE('',#3213,#3205,#3215,.T.);
#3213 = VERTEX_POINT('',#3214);
#3214 = CARTESIAN_POINT('',(118.54630924234,15.,63.9));
#3215 = CIRCLE('',#3216,6.2);
#3216 = AXIS2_PLACEMENT_3D('',#3217,#3218,#3219);
#3217 = CARTESIAN_POINT('',(115.5,15.,58.5));
#3218 = DIRECTION('',(0.,-1.,0.));
#3219 = DIRECTION('',(1.,0.,1.015061051086E-15));
#3220 = ORIENTED_EDGE('',*,*,#3221,.T.);
#3221 = EDGE_CURVE('',#3213,#3124,#3222,.T.);
#3222 = HYPERBOLA('',#3223,5.4,5.4);
#3223 = AXIS2_PLACEMENT_3D('',#3224,#3225,#3226);
#3224 = CARTESIAN_POINT('',(115.5,21.2,63.9));
#3225 = DIRECTION('',(-0.,0.,1.));
#3226 = DIRECTION('',(0.,-1.,0.));
#3227 = ORIENTED_EDGE('',*,*,#3123,.F.);
#3228 = ORIENTED_EDGE('',*,*,#1850,.T.);
#3229 = ORIENTED_EDGE('',*,*,#1883,.F.);
#3230 = CONICAL_SURFACE('',#3231,7.,0.785398163397);
#3231 = AXIS2_PLACEMENT_3D('',#3232,#3233,#3234);
#3232 = CARTESIAN_POINT('',(115.5,14.2,58.5));
#3233 = DIRECTION('',(0.,-1.,0.));
#3234 = DIRECTION('',(1.,0.,1.015061051086E-15));
#3235 = ADVANCED_FACE('',(#3236,#3246),#3316,.T.);
#3236 = FACE_BOUND('',#3237,.T.);
#3237 = EDGE_LOOP('',(#3238,#3239,#3240,#3241,#3242,#3243,#3244,#3245));
#3238 = ORIENTED_EDGE('',*,*,#1948,.T.);
#3239 = ORIENTED_EDGE('',*,*,#1972,.T.);
#3240 = ORIENTED_EDGE('',*,*,#1997,.T.);
#3241 = ORIENTED_EDGE('',*,*,#2021,.T.);
#3242 = ORIENTED_EDGE('',*,*,#2046,.T.);
#3243 = ORIENTED_EDGE('',*,*,#2070,.T.);
#3244 = ORIENTED_EDGE('',*,*,#2492,.T.);
#3245 = ORIENTED_EDGE('',*,*,#1915,.T.);
#3246 = FACE_BOUND('',#3247,.T.);
#3247 = EDGE_LOOP('',(#3248,#3258,#3267,#3275,#3284,#3292,#3301,#3309));
#3248 = ORIENTED_EDGE('',*,*,#3249,.F.);
#3249 = EDGE_CURVE('',#3250,#3252,#3254,.T.);
#3250 = VERTEX_POINT('',#3251);
#3251 = CARTESIAN_POINT('',(120.6,6.05,12.89));
#3252 = VERTEX_POINT('',#3253);
#3253 = CARTESIAN_POINT('',(120.6,6.05,18.41));
#3254 = LINE('',#3255,#3256);
#3255 = CARTESIAN_POINT('',(120.6,6.05,14.27));
#3256 = VECTOR('',#3257,1.);
#3257 = DIRECTION('',(0.,0.,1.));
#3258 = ORIENTED_EDGE('',*,*,#3259,.T.);
#3259 = EDGE_CURVE('',#3250,#3260,#3262,.T.);
#3260 = VERTEX_POINT('',#3261);
#3261 = CARTESIAN_POINT('',(120.6,4.31,11.15));
#3262 = CIRCLE('',#3263,1.74);
#3263 = AXIS2_PLACEMENT_3D('',#3264,#3265,#3266);
#3264 = CARTESIAN_POINT('',(120.6,4.31,12.89));
#3265 = DIRECTION('',(-1.,1.110223024625E-16,0.));
#3266 = DIRECTION('',(-3.541940127609E-33,-3.190296047773E-17,-1.));
#3267 = ORIENTED_EDGE('',*,*,#3268,.F.);
#3268 = EDGE_CURVE('',#3269,#3260,#3271,.T.);
#3269 = VERTEX_POINT('',#3270);
#3270 = CARTESIAN_POINT('',(120.6,4.29,11.15));
#3271 = LINE('',#3272,#3273);
#3272 = CARTESIAN_POINT('',(120.6,4.295,11.15));
#3273 = VECTOR('',#3274,1.);
#3274 = DIRECTION('',(1.110223024625E-16,1.,0.));
#3275 = ORIENTED_EDGE('',*,*,#3276,.T.);
#3276 = EDGE_CURVE('',#3269,#3277,#3279,.T.);
#3277 = VERTEX_POINT('',#3278);
#3278 = CARTESIAN_POINT('',(120.6,2.55,12.89));
#3279 = CIRCLE('',#3280,1.74);
#3280 = AXIS2_PLACEMENT_3D('',#3281,#3282,#3283);
#3281 = CARTESIAN_POINT('',(120.6,4.29,12.89));
#3282 = DIRECTION('',(-1.,1.110223024625E-16,0.));
#3283 = DIRECTION('',(-1.110223024625E-16,-1.,0.));
#3284 = ORIENTED_EDGE('',*,*,#3285,.F.);
#3285 = EDGE_CURVE('',#3286,#3277,#3288,.T.);
#3286 = VERTEX_POINT('',#3287);
#3287 = CARTESIAN_POINT('',(120.6,2.55,18.41));
#3288 = LINE('',#3289,#3290);
#3289 = CARTESIAN_POINT('',(120.6,2.55,17.03));
#3290 = VECTOR('',#3291,1.);
#3291 = DIRECTION('',(0.,0.,-1.));
#3292 = ORIENTED_EDGE('',*,*,#3293,.T.);
#3293 = EDGE_CURVE('',#3286,#3294,#3296,.T.);
#3294 = VERTEX_POINT('',#3295);
#3295 = CARTESIAN_POINT('',(120.6,4.29,20.15));
#3296 = CIRCLE('',#3297,1.74);
#3297 = AXIS2_PLACEMENT_3D('',#3298,#3299,#3300);
#3298 = CARTESIAN_POINT('',(120.6,4.29,18.41));
#3299 = DIRECTION('',(-1.,1.110223024625E-16,0.));
#3300 = DIRECTION('',(-2.408519286774E-31,-2.169401312486E-15,1.));
#3301 = ORIENTED_EDGE('',*,*,#3302,.F.);
#3302 = EDGE_CURVE('',#3303,#3294,#3305,.T.);
#3303 = VERTEX_POINT('',#3304);
#3304 = CARTESIAN_POINT('',(120.6,4.31,20.15));
#3305 = LINE('',#3306,#3307);
#3306 = CARTESIAN_POINT('',(120.6,4.305,20.15));
#3307 = VECTOR('',#3308,1.);
#3308 = DIRECTION('',(-1.110223024625E-16,-1.,0.));
#3309 = ORIENTED_EDGE('',*,*,#3310,.T.);
#3310 = EDGE_CURVE('',#3303,#3252,#3311,.T.);
#3311 = CIRCLE('',#3312,1.74);
#3312 = AXIS2_PLACEMENT_3D('',#3313,#3314,#3315);
#3313 = CARTESIAN_POINT('',(120.6,4.31,18.41));
#3314 = DIRECTION('',(-1.,1.110223024625E-16,0.));
#3315 = DIRECTION('',(1.110223024625E-16,1.,2.041789470575E-15));
#3316 = PLANE('',#3317);
#3317 = AXIS2_PLACEMENT_3D('',#3318,#3319,#3320);
#3318 = CARTESIAN_POINT('',(120.6,4.3,15.65));
#3319 = DIRECTION('',(1.,-1.110223024625E-16,-0.));
#3320 = DIRECTION('',(0.,0.,-1.));
#3321 = ADVANCED_FACE('',(#3322),#3347,.T.);
#3322 = FACE_BOUND('',#3323,.T.);
#3323 = EDGE_LOOP('',(#3324,#3332,#3333,#3341));
#3324 = ORIENTED_EDGE('',*,*,#3325,.F.);
#3325 = EDGE_CURVE('',#2118,#3326,#3328,.T.);
#3326 = VERTEX_POINT('',#3327);
#3327 = CARTESIAN_POINT('',(120.6,1.79,63.6));
#3328 = LINE('',#3329,#3330);
#3329 = CARTESIAN_POINT('',(120.6,1.79,56.4));
#3330 = VECTOR('',#3331,1.);
#3331 = DIRECTION('',(0.,0.,1.));
#3332 = ORIENTED_EDGE('',*,*,#2115,.F.);
#3333 = ORIENTED_EDGE('',*,*,#3334,.T.);
#3334 = EDGE_CURVE('',#2116,#3335,#3337,.T.);
#3335 = VERTEX_POINT('',#3336);
#3336 = CARTESIAN_POINT('',(120.6,12.6,63.6));
#3337 = LINE('',#3338,#3339);
#3338 = CARTESIAN_POINT('',(120.6,12.6,56.4));
#3339 = VECTOR('',#3340,1.);
#3340 = DIRECTION('',(0.,0.,1.));
#3341 = ORIENTED_EDGE('',*,*,#3342,.F.);
#3342 = EDGE_CURVE('',#3326,#3335,#3343,.T.);
#3343 = LINE('',#3344,#3345);
#3344 = CARTESIAN_POINT('',(120.6,1.79,63.6));
#3345 = VECTOR('',#3346,1.);
#3346 = DIRECTION('',(0.,1.,0.));
#3347 = PLANE('',#3348);
#3348 = AXIS2_PLACEMENT_3D('',#3349,#3350,#3351);
#3349 = CARTESIAN_POINT('',(120.6,1.79,56.4));
#3350 = DIRECTION('',(1.,0.,0.));
#3351 = DIRECTION('',(0.,0.,1.));
#3352 = ADVANCED_FACE('',(#3353),#3363,.T.);
#3353 = FACE_BOUND('',#3354,.T.);
#3354 = EDGE_LOOP('',(#3355,#3356,#3357));
#3355 = ORIENTED_EDGE('',*,*,#3334,.F.);
#3356 = ORIENTED_EDGE('',*,*,#2142,.T.);
#3357 = ORIENTED_EDGE('',*,*,#3358,.T.);
#3358 = EDGE_CURVE('',#2135,#3335,#3359,.T.);
#3359 = LINE('',#3360,#3361);
#3360 = CARTESIAN_POINT('',(116.9,12.6,63.6));
#3361 = VECTOR('',#3362,1.);
#3362 = DIRECTION('',(1.,0.,0.));
#3363 = PLANE('',#3364);
#3364 = AXIS2_PLACEMENT_3D('',#3365,#3366,#3367);
#3365 = CARTESIAN_POINT('',(116.9,12.6,56.4));
#3366 = DIRECTION('',(0.,1.,0.));
#3367 = DIRECTION('',(0.,0.,1.));
#3368 = ADVANCED_FACE('',(#3369),#3380,.T.);
#3369 = FACE_BOUND('',#3370,.T.);
#3370 = EDGE_LOOP('',(#3371,#3372,#3378,#3379));
#3371 = ORIENTED_EDGE('',*,*,#2134,.T.);
#3372 = ORIENTED_EDGE('',*,*,#3373,.T.);
#3373 = EDGE_CURVE('',#2126,#3326,#3374,.T.);
#3374 = LINE('',#3375,#3376);
#3375 = CARTESIAN_POINT('',(116.9,1.79,63.6));
#3376 = VECTOR('',#3377,1.);
#3377 = DIRECTION('',(1.,0.,0.));
#3378 = ORIENTED_EDGE('',*,*,#3342,.T.);
#3379 = ORIENTED_EDGE('',*,*,#3358,.F.);
#3380 = PLANE('',#3381);
#3381 = AXIS2_PLACEMENT_3D('',#3382,#3383,#3384);
#3382 = CARTESIAN_POINT('',(116.9,1.79,63.6));
#3383 = DIRECTION('',(0.,0.,1.));
#3384 = DIRECTION('',(1.,0.,0.));
#3385 = ADVANCED_FACE('',(#3386),#3391,.F.);
#3386 = FACE_BOUND('',#3387,.F.);
#3387 = EDGE_LOOP('',(#3388,#3389,#3390));
#3388 = ORIENTED_EDGE('',*,*,#3325,.F.);
#3389 = ORIENTED_EDGE('',*,*,#2125,.T.);
#3390 = ORIENTED_EDGE('',*,*,#3373,.T.);
#3391 = PLANE('',#3392);
#3392 = AXIS2_PLACEMENT_3D('',#3393,#3394,#3395);
#3393 = CARTESIAN_POINT('',(116.9,1.79,56.4));
#3394 = DIRECTION('',(0.,1.,0.));
#3395 = DIRECTION('',(0.,0.,1.));
#3396 = ADVANCED_FACE('',(#3397),#3415,.F.);
#3397 = FACE_BOUND('',#3398,.F.);
#3398 = EDGE_LOOP('',(#3399,#3405,#3406,#3407,#3413,#3414));
#3399 = ORIENTED_EDGE('',*,*,#3400,.F.);
#3400 = EDGE_CURVE('',#3171,#2468,#3401,.T.);
#3401 = LINE('',#3402,#3403);
#3402 = CARTESIAN_POINT('',(118.9,12.6,63.9));
#3403 = VECTOR('',#3404,1.);
#3404 = DIRECTION('',(-1.,0.,0.));
#3405 = ORIENTED_EDGE('',*,*,#3170,.T.);
#3406 = ORIENTED_EDGE('',*,*,#3221,.F.);
#3407 = ORIENTED_EDGE('',*,*,#3408,.T.);
#3408 = EDGE_CURVE('',#3213,#2444,#3409,.T.);
#3409 = LINE('',#3410,#3411);
#3410 = CARTESIAN_POINT('',(90.075,15.,63.9));
#3411 = VECTOR('',#3412,1.);
#3412 = DIRECTION('',(-1.,0.,0.));
#3413 = ORIENTED_EDGE('',*,*,#2443,.F.);
#3414 = ORIENTED_EDGE('',*,*,#2476,.F.);
#3415 = PLANE('',#3416);
#3416 = AXIS2_PLACEMENT_3D('',#3417,#3418,#3419);
#3417 = CARTESIAN_POINT('',(118.9,12.6,63.9));
#3418 = DIRECTION('',(0.,0.,1.));
#3419 = DIRECTION('',(-1.,0.,0.));
#3420 = ADVANCED_FACE('',(#3421),#3494,.F.);
#3421 = FACE_BOUND('',#3422,.F.);
#3422 = EDGE_LOOP('',(#3423,#3433,#3441,#3449,#3455,#3456,#3464,#3472,
    #3480,#3488));
#3423 = ORIENTED_EDGE('',*,*,#3424,.F.);
#3424 = EDGE_CURVE('',#3425,#3427,#3429,.T.);
#3425 = VERTEX_POINT('',#3426);
#3426 = CARTESIAN_POINT('',(3.9,1.8,2.4));
#3427 = VERTEX_POINT('',#3428);
#3428 = CARTESIAN_POINT('',(95.25,1.8,2.4));
#3429 = LINE('',#3430,#3431);
#3430 = CARTESIAN_POINT('',(3.9,1.8,2.4));
#3431 = VECTOR('',#3432,1.);
#3432 = DIRECTION('',(1.,0.,0.));
#3433 = ORIENTED_EDGE('',*,*,#3434,.T.);
#3434 = EDGE_CURVE('',#3425,#3435,#3437,.T.);
#3435 = VERTEX_POINT('',#3436);
#3436 = CARTESIAN_POINT('',(3.9,12.6,2.4));
#3437 = LINE('',#3438,#3439);
#3438 = CARTESIAN_POINT('',(3.9,1.8,2.4));
#3439 = VECTOR('',#3440,1.);
#3440 = DIRECTION('',(0.,1.,0.));
#3441 = ORIENTED_EDGE('',*,*,#3442,.F.);
#3442 = EDGE_CURVE('',#3443,#3435,#3445,.T.);
#3443 = VERTEX_POINT('',#3444);
#3444 = CARTESIAN_POINT('',(118.6,12.6,2.4));
#3445 = LINE('',#3446,#3447);
#3446 = CARTESIAN_POINT('',(32.575,12.6,2.4));
#3447 = VECTOR('',#3448,1.);
#3448 = DIRECTION('',(-1.,0.,0.));
#3449 = ORIENTED_EDGE('',*,*,#3450,.F.);
#3450 = EDGE_CURVE('',#3010,#3443,#3451,.T.);
#3451 = LINE('',#3452,#3453);
#3452 = CARTESIAN_POINT('',(118.6,1.8,2.4));
#3453 = VECTOR('',#3454,1.);
#3454 = DIRECTION('',(0.,1.,0.));
#3455 = ORIENTED_EDGE('',*,*,#3009,.F.);
#3456 = ORIENTED_EDGE('',*,*,#3457,.F.);
#3457 = EDGE_CURVE('',#3458,#3002,#3460,.T.);
#3458 = VERTEX_POINT('',#3459);
#3459 = CARTESIAN_POINT('',(101.5,7.3,2.4));
#3460 = LINE('',#3461,#3462);
#3461 = CARTESIAN_POINT('',(101.5,1.8,2.4));
#3462 = VECTOR('',#3463,1.);
#3463 = DIRECTION('',(0.,-1.,0.));
#3464 = ORIENTED_EDGE('',*,*,#3465,.F.);
#3465 = EDGE_CURVE('',#3466,#3458,#3468,.T.);
#3466 = VERTEX_POINT('',#3467);
#3467 = CARTESIAN_POINT('',(97.25,7.3,2.4));
#3468 = LINE('',#3469,#3470);
#3469 = CARTESIAN_POINT('',(49.575,7.3,2.4));
#3470 = VECTOR('',#3471,1.);
#3471 = DIRECTION('',(1.,0.,0.));
#3472 = ORIENTED_EDGE('',*,*,#3473,.F.);
#3473 = EDGE_CURVE('',#3474,#3466,#3476,.T.);
#3474 = VERTEX_POINT('',#3475);
#3475 = CARTESIAN_POINT('',(97.25,7.7,2.4));
#3476 = LINE('',#3477,#3478);
#3477 = CARTESIAN_POINT('',(97.25,1.8,2.4));
#3478 = VECTOR('',#3479,1.);
#3479 = DIRECTION('',(0.,-1.,0.));
#3480 = ORIENTED_EDGE('',*,*,#3481,.F.);
#3481 = EDGE_CURVE('',#3482,#3474,#3484,.T.);
#3482 = VERTEX_POINT('',#3483);
#3483 = CARTESIAN_POINT('',(95.25,7.7,2.4));
#3484 = LINE('',#3485,#3486);
#3485 = CARTESIAN_POINT('',(49.575,7.7,2.4));
#3486 = VECTOR('',#3487,1.);
#3487 = DIRECTION('',(1.,0.,0.));
#3488 = ORIENTED_EDGE('',*,*,#3489,.T.);
#3489 = EDGE_CURVE('',#3482,#3427,#3490,.T.);
#3490 = LINE('',#3491,#3492);
#3491 = CARTESIAN_POINT('',(95.25,1.8,2.4));
#3492 = VECTOR('',#3493,1.);
#3493 = DIRECTION('',(0.,-1.,0.));
#3494 = PLANE('',#3495);
#3495 = AXIS2_PLACEMENT_3D('',#3496,#3497,#3498);
#3496 = CARTESIAN_POINT('',(3.9,1.8,2.4));
#3497 = DIRECTION('',(0.,0.,-1.));
#3498 = DIRECTION('',(1.,0.,0.));
#3499 = ADVANCED_FACE('',(#3500,#3582,#3652,#3722),#3792,.F.);
#3500 = FACE_BOUND('',#3501,.F.);
#3501 = EDGE_LOOP('',(#3502,#3512,#3520,#3528,#3536,#3544,#3552,#3560,
    #3568,#3576));
#3502 = ORIENTED_EDGE('',*,*,#3503,.F.);
#3503 = EDGE_CURVE('',#3504,#3506,#3508,.T.);
#3504 = VERTEX_POINT('',#3505);
#3505 = CARTESIAN_POINT('',(113.4,2.4,63.1));
#3506 = VERTEX_POINT('',#3507);
#3507 = CARTESIAN_POINT('',(112.85,2.4,63.1));
#3508 = LINE('',#3509,#3510);
#3509 = CARTESIAN_POINT('',(115.725,2.4,63.1));
#3510 = VECTOR('',#3511,1.);
#3511 = DIRECTION('',(-1.,0.,0.));
#3512 = ORIENTED_EDGE('',*,*,#3513,.T.);
#3513 = EDGE_CURVE('',#3504,#3514,#3516,.T.);
#3514 = VERTEX_POINT('',#3515);
#3515 = CARTESIAN_POINT('',(113.4,12.6,63.1));
#3516 = LINE('',#3517,#3518);
#3517 = CARTESIAN_POINT('',(113.4,1.795,63.1));
#3518 = VECTOR('',#3519,1.);
#3519 = DIRECTION('',(0.,1.,0.));
#3520 = ORIENTED_EDGE('',*,*,#3521,.F.);
#3521 = EDGE_CURVE('',#3522,#3514,#3524,.T.);
#3522 = VERTEX_POINT('',#3523);
#3523 = CARTESIAN_POINT('',(3.9,12.6,63.1));
#3524 = LINE('',#3525,#3526);
#3525 = CARTESIAN_POINT('',(89.925,12.6,63.1));
#3526 = VECTOR('',#3527,1.);
#3527 = DIRECTION('',(1.,0.,0.));
#3528 = ORIENTED_EDGE('',*,*,#3529,.F.);
#3529 = EDGE_CURVE('',#3530,#3522,#3532,.T.);
#3530 = VERTEX_POINT('',#3531);
#3531 = CARTESIAN_POINT('',(3.9,1.8,63.1));
#3532 = LINE('',#3533,#3534);
#3533 = CARTESIAN_POINT('',(3.9,1.8,63.1));
#3534 = VECTOR('',#3535,1.);
#3535 = DIRECTION('',(0.,1.,0.));
#3536 = ORIENTED_EDGE('',*,*,#3537,.F.);
#3537 = EDGE_CURVE('',#3538,#3530,#3540,.T.);
#3538 = VERTEX_POINT('',#3539);
#3539 = CARTESIAN_POINT('',(89.4,1.8,63.1));
#3540 = LINE('',#3541,#3542);
#3541 = CARTESIAN_POINT('',(118.6,1.8,63.1));
#3542 = VECTOR('',#3543,1.);
#3543 = DIRECTION('',(-1.,0.,0.));
#3544 = ORIENTED_EDGE('',*,*,#3545,.T.);
#3545 = EDGE_CURVE('',#3538,#3546,#3548,.T.);
#3546 = VERTEX_POINT('',#3547);
#3547 = CARTESIAN_POINT('',(89.4,2.4,63.1));
#3548 = LINE('',#3549,#3550);
#3549 = CARTESIAN_POINT('',(89.4,1.8,63.1));
#3550 = VECTOR('',#3551,1.);
#3551 = DIRECTION('',(0.,1.,0.));
#3552 = ORIENTED_EDGE('',*,*,#3553,.F.);
#3553 = EDGE_CURVE('',#3554,#3546,#3556,.T.);
#3554 = VERTEX_POINT('',#3555);
#3555 = CARTESIAN_POINT('',(112.8,2.4,63.1));
#3556 = LINE('',#3557,#3558);
#3557 = CARTESIAN_POINT('',(104.,2.4,63.1));
#3558 = VECTOR('',#3559,1.);
#3559 = DIRECTION('',(-1.,0.,0.));
#3560 = ORIENTED_EDGE('',*,*,#3561,.F.);
#3561 = EDGE_CURVE('',#3562,#3554,#3564,.T.);
#3562 = VERTEX_POINT('',#3563);
#3563 = CARTESIAN_POINT('',(112.8,1.8,63.1));
#3564 = LINE('',#3565,#3566);
#3565 = CARTESIAN_POINT('',(112.8,1.8,63.1));
#3566 = VECTOR('',#3567,1.);
#3567 = DIRECTION('',(0.,1.,0.));
#3568 = ORIENTED_EDGE('',*,*,#3569,.F.);
#3569 = EDGE_CURVE('',#3570,#3562,#3572,.T.);
#3570 = VERTEX_POINT('',#3571);
#3571 = CARTESIAN_POINT('',(112.85,1.8,63.1));
#3572 = LINE('',#3573,#3574);
#3573 = CARTESIAN_POINT('',(118.6,1.8,63.1));
#3574 = VECTOR('',#3575,1.);
#3575 = DIRECTION('',(-1.,0.,0.));
#3576 = ORIENTED_EDGE('',*,*,#3577,.T.);
#3577 = EDGE_CURVE('',#3570,#3506,#3578,.T.);
#3578 = LINE('',#3579,#3580);
#3579 = CARTESIAN_POINT('',(112.85,1.795,63.1));
#3580 = VECTOR('',#3581,1.);
#3581 = DIRECTION('',(0.,1.,0.));
#3582 = FACE_BOUND('',#3583,.F.);
#3583 = EDGE_LOOP('',(#3584,#3595,#3603,#3612,#3620,#3629,#3637,#3646));
#3584 = ORIENTED_EDGE('',*,*,#3585,.T.);
#3585 = EDGE_CURVE('',#3586,#3588,#3590,.T.);
#3586 = VERTEX_POINT('',#3587);
#3587 = CARTESIAN_POINT('',(112.5,5.79,63.1));
#3588 = VERTEX_POINT('',#3589);
#3589 = CARTESIAN_POINT('',(111.71,5.,63.1));
#3590 = CIRCLE('',#3591,0.79);
#3591 = AXIS2_PLACEMENT_3D('',#3592,#3593,#3594);
#3592 = CARTESIAN_POINT('',(111.71,5.79,63.1));
#3593 = DIRECTION('',(0.,1.110223024625E-16,-1.));
#3594 = DIRECTION('',(0.,-1.,-1.110223024625E-16));
#3595 = ORIENTED_EDGE('',*,*,#3596,.T.);
#3596 = EDGE_CURVE('',#3588,#3597,#3599,.T.);
#3597 = VERTEX_POINT('',#3598);
#3598 = CARTESIAN_POINT('',(111.69,5.,63.1));
#3599 = LINE('',#3600,#3601);
#3600 = CARTESIAN_POINT('',(115.145,5.,63.1));
#3601 = VECTOR('',#3602,1.);
#3602 = DIRECTION('',(-1.,0.,0.));
#3603 = ORIENTED_EDGE('',*,*,#3604,.T.);
#3604 = EDGE_CURVE('',#3597,#3605,#3607,.T.);
#3605 = VERTEX_POINT('',#3606);
#3606 = CARTESIAN_POINT('',(110.9,5.79,63.1));
#3607 = CIRCLE('',#3608,0.79);
#3608 = AXIS2_PLACEMENT_3D('',#3609,#3610,#3611);
#3609 = CARTESIAN_POINT('',(111.69,5.79,63.1));
#3610 = DIRECTION('',(0.,1.110223024625E-16,-1.));
#3611 = DIRECTION('',(-1.,-1.855056193045E-14,-2.059526097492E-30));
#3612 = ORIENTED_EDGE('',*,*,#3613,.T.);
#3613 = EDGE_CURVE('',#3605,#3614,#3616,.T.);
#3614 = VERTEX_POINT('',#3615);
#3615 = CARTESIAN_POINT('',(110.9,11.21,63.1));
#3616 = LINE('',#3617,#3618);
#3617 = CARTESIAN_POINT('',(110.9,6.505,63.1));
#3618 = VECTOR('',#3619,1.);
#3619 = DIRECTION('',(0.,1.,0.));
#3620 = ORIENTED_EDGE('',*,*,#3621,.T.);
#3621 = EDGE_CURVE('',#3614,#3622,#3624,.T.);
#3622 = VERTEX_POINT('',#3623);
#3623 = CARTESIAN_POINT('',(111.69,12.,63.1));
#3624 = CIRCLE('',#3625,0.79);
#3625 = AXIS2_PLACEMENT_3D('',#3626,#3627,#3628);
#3626 = CARTESIAN_POINT('',(111.69,11.21,63.1));
#3627 = DIRECTION('',(0.,1.110223024625E-16,-1.));
#3628 = DIRECTION('',(0.,1.,1.110223024625E-16));
#3629 = ORIENTED_EDGE('',*,*,#3630,.T.);
#3630 = EDGE_CURVE('',#3622,#3631,#3633,.T.);
#3631 = VERTEX_POINT('',#3632);
#3632 = CARTESIAN_POINT('',(111.71,12.,63.1));
#3633 = LINE('',#3634,#3635);
#3634 = CARTESIAN_POINT('',(115.155,12.,63.1));
#3635 = VECTOR('',#3636,1.);
#3636 = DIRECTION('',(1.,0.,0.));
#3637 = ORIENTED_EDGE('',*,*,#3638,.T.);
#3638 = EDGE_CURVE('',#3631,#3639,#3641,.T.);
#3639 = VERTEX_POINT('',#3640);
#3640 = CARTESIAN_POINT('',(112.5,11.21,63.1));
#3641 = CIRCLE('',#3642,0.79);
#3642 = AXIS2_PLACEMENT_3D('',#3643,#3644,#3645);
#3643 = CARTESIAN_POINT('',(111.71,11.21,63.1));
#3644 = DIRECTION('',(0.,1.110223024625E-16,-1.));
#3645 = DIRECTION('',(1.,1.855056193045E-14,2.059526097492E-30));
#3646 = ORIENTED_EDGE('',*,*,#3647,.T.);
#3647 = EDGE_CURVE('',#3639,#3586,#3648,.T.);
#3648 = LINE('',#3649,#3650);
#3649 = CARTESIAN_POINT('',(112.5,3.795,63.1));
#3650 = VECTOR('',#3651,1.);
#3651 = DIRECTION('',(0.,-1.,0.));
#3652 = FACE_BOUND('',#3653,.F.);
#3653 = EDGE_LOOP('',(#3654,#3665,#3673,#3682,#3690,#3699,#3707,#3716));
#3654 = ORIENTED_EDGE('',*,*,#3655,.T.);
#3655 = EDGE_CURVE('',#3656,#3658,#3660,.T.);
#3656 = VERTEX_POINT('',#3657);
#3657 = CARTESIAN_POINT('',(106.5,5.79,63.1));
#3658 = VERTEX_POINT('',#3659);
#3659 = CARTESIAN_POINT('',(105.71,5.,63.1));
#3660 = CIRCLE('',#3661,0.79);
#3661 = AXIS2_PLACEMENT_3D('',#3662,#3663,#3664);
#3662 = CARTESIAN_POINT('',(105.71,5.79,63.1));
#3663 = DIRECTION('',(0.,1.110223024625E-16,-1.));
#3664 = DIRECTION('',(0.,-1.,-1.110223024625E-16));
#3665 = ORIENTED_EDGE('',*,*,#3666,.T.);
#3666 = EDGE_CURVE('',#3658,#3667,#3669,.T.);
#3667 = VERTEX_POINT('',#3668);
#3668 = CARTESIAN_POINT('',(105.69,5.,63.1));
#3669 = LINE('',#3670,#3671);
#3670 = CARTESIAN_POINT('',(112.145,5.,63.1));
#3671 = VECTOR('',#3672,1.);
#3672 = DIRECTION('',(-1.,0.,0.));
#3673 = ORIENTED_EDGE('',*,*,#3674,.T.);
#3674 = EDGE_CURVE('',#3667,#3675,#3677,.T.);
#3675 = VERTEX_POINT('',#3676);
#3676 = CARTESIAN_POINT('',(104.9,5.79,63.1));
#3677 = CIRCLE('',#3678,0.79);
#3678 = AXIS2_PLACEMENT_3D('',#3679,#3680,#3681);
#3679 = CARTESIAN_POINT('',(105.69,5.79,63.1));
#3680 = DIRECTION('',(0.,1.110223024625E-16,-1.));
#3681 = DIRECTION('',(-1.,-1.855056193045E-14,-2.059526097492E-30));
#3682 = ORIENTED_EDGE('',*,*,#3683,.T.);
#3683 = EDGE_CURVE('',#3675,#3684,#3686,.T.);
#3684 = VERTEX_POINT('',#3685);
#3685 = CARTESIAN_POINT('',(104.9,11.21,63.1));
#3686 = LINE('',#3687,#3688);
#3687 = CARTESIAN_POINT('',(104.9,6.505,63.1));
#3688 = VECTOR('',#3689,1.);
#3689 = DIRECTION('',(0.,1.,0.));
#3690 = ORIENTED_EDGE('',*,*,#3691,.T.);
#3691 = EDGE_CURVE('',#3684,#3692,#3694,.T.);
#3692 = VERTEX_POINT('',#3693);
#3693 = CARTESIAN_POINT('',(105.69,12.,63.1));
#3694 = CIRCLE('',#3695,0.79);
#3695 = AXIS2_PLACEMENT_3D('',#3696,#3697,#3698);
#3696 = CARTESIAN_POINT('',(105.69,11.21,63.1));
#3697 = DIRECTION('',(0.,1.110223024625E-16,-1.));
#3698 = DIRECTION('',(0.,1.,1.110223024625E-16));
#3699 = ORIENTED_EDGE('',*,*,#3700,.T.);
#3700 = EDGE_CURVE('',#3692,#3701,#3703,.T.);
#3701 = VERTEX_POINT('',#3702);
#3702 = CARTESIAN_POINT('',(105.71,12.,63.1));
#3703 = LINE('',#3704,#3705);
#3704 = CARTESIAN_POINT('',(112.155,12.,63.1));
#3705 = VECTOR('',#3706,1.);
#3706 = DIRECTION('',(1.,0.,0.));
#3707 = ORIENTED_EDGE('',*,*,#3708,.T.);
#3708 = EDGE_CURVE('',#3701,#3709,#3711,.T.);
#3709 = VERTEX_POINT('',#3710);
#3710 = CARTESIAN_POINT('',(106.5,11.21,63.1));
#3711 = CIRCLE('',#3712,0.79);
#3712 = AXIS2_PLACEMENT_3D('',#3713,#3714,#3715);
#3713 = CARTESIAN_POINT('',(105.71,11.21,63.1));
#3714 = DIRECTION('',(0.,1.110223024625E-16,-1.));
#3715 = DIRECTION('',(1.,1.855056193045E-14,2.059526097492E-30));
#3716 = ORIENTED_EDGE('',*,*,#3717,.T.);
#3717 = EDGE_CURVE('',#3709,#3656,#3718,.T.);
#3718 = LINE('',#3719,#3720);
#3719 = CARTESIAN_POINT('',(106.5,3.795,63.1));
#3720 = VECTOR('',#3721,1.);
#3721 = DIRECTION('',(0.,-1.,0.));
#3722 = FACE_BOUND('',#3723,.F.);
#3723 = EDGE_LOOP('',(#3724,#3735,#3743,#3752,#3760,#3769,#3777,#3786));
#3724 = ORIENTED_EDGE('',*,*,#3725,.T.);
#3725 = EDGE_CURVE('',#3726,#3728,#3730,.T.);
#3726 = VERTEX_POINT('',#3727);
#3727 = CARTESIAN_POINT('',(100.5,5.79,63.1));
#3728 = VERTEX_POINT('',#3729);
#3729 = CARTESIAN_POINT('',(99.71,5.,63.1));
#3730 = CIRCLE('',#3731,0.79);
#3731 = AXIS2_PLACEMENT_3D('',#3732,#3733,#3734);
#3732 = CARTESIAN_POINT('',(99.71,5.79,63.1));
#3733 = DIRECTION('',(0.,1.110223024625E-16,-1.));
#3734 = DIRECTION('',(0.,-1.,-1.110223024625E-16));
#3735 = ORIENTED_EDGE('',*,*,#3736,.T.);
#3736 = EDGE_CURVE('',#3728,#3737,#3739,.T.);
#3737 = VERTEX_POINT('',#3738);
#3738 = CARTESIAN_POINT('',(99.69,5.,63.1));
#3739 = LINE('',#3740,#3741);
#3740 = CARTESIAN_POINT('',(109.145,5.,63.1));
#3741 = VECTOR('',#3742,1.);
#3742 = DIRECTION('',(-1.,0.,0.));
#3743 = ORIENTED_EDGE('',*,*,#3744,.T.);
#3744 = EDGE_CURVE('',#3737,#3745,#3747,.T.);
#3745 = VERTEX_POINT('',#3746);
#3746 = CARTESIAN_POINT('',(98.9,5.79,63.1));
#3747 = CIRCLE('',#3748,0.79);
#3748 = AXIS2_PLACEMENT_3D('',#3749,#3750,#3751);
#3749 = CARTESIAN_POINT('',(99.69,5.79,63.1));
#3750 = DIRECTION('',(0.,1.110223024625E-16,-1.));
#3751 = DIRECTION('',(-1.,-1.855056193045E-14,-2.059526097492E-30));
#3752 = ORIENTED_EDGE('',*,*,#3753,.T.);
#3753 = EDGE_CURVE('',#3745,#3754,#3756,.T.);
#3754 = VERTEX_POINT('',#3755);
#3755 = CARTESIAN_POINT('',(98.9,11.21,63.1));
#3756 = LINE('',#3757,#3758);
#3757 = CARTESIAN_POINT('',(98.9,6.505,63.1));
#3758 = VECTOR('',#3759,1.);
#3759 = DIRECTION('',(0.,1.,0.));
#3760 = ORIENTED_EDGE('',*,*,#3761,.T.);
#3761 = EDGE_CURVE('',#3754,#3762,#3764,.T.);
#3762 = VERTEX_POINT('',#3763);
#3763 = CARTESIAN_POINT('',(99.69,12.,63.1));
#3764 = CIRCLE('',#3765,0.79);
#3765 = AXIS2_PLACEMENT_3D('',#3766,#3767,#3768);
#3766 = CARTESIAN_POINT('',(99.69,11.21,63.1));
#3767 = DIRECTION('',(0.,1.110223024625E-16,-1.));
#3768 = DIRECTION('',(0.,1.,1.110223024625E-16));
#3769 = ORIENTED_EDGE('',*,*,#3770,.T.);
#3770 = EDGE_CURVE('',#3762,#3771,#3773,.T.);
#3771 = VERTEX_POINT('',#3772);
#3772 = CARTESIAN_POINT('',(99.71,12.,63.1));
#3773 = LINE('',#3774,#3775);
#3774 = CARTESIAN_POINT('',(109.155,12.,63.1));
#3775 = VECTOR('',#3776,1.);
#3776 = DIRECTION('',(1.,0.,0.));
#3777 = ORIENTED_EDGE('',*,*,#3778,.T.);
#3778 = EDGE_CURVE('',#3771,#3779,#3781,.T.);
#3779 = VERTEX_POINT('',#3780);
#3780 = CARTESIAN_POINT('',(100.5,11.21,63.1));
#3781 = CIRCLE('',#3782,0.79);
#3782 = AXIS2_PLACEMENT_3D('',#3783,#3784,#3785);
#3783 = CARTESIAN_POINT('',(99.71,11.21,63.1));
#3784 = DIRECTION('',(0.,1.110223024625E-16,-1.));
#3785 = DIRECTION('',(1.,1.855056193045E-14,2.059526097492E-30));
#3786 = ORIENTED_EDGE('',*,*,#3787,.T.);
#3787 = EDGE_CURVE('',#3779,#3726,#3788,.T.);
#3788 = LINE('',#3789,#3790);
#3789 = CARTESIAN_POINT('',(100.5,3.795,63.1));
#3790 = VECTOR('',#3791,1.);
#3791 = DIRECTION('',(0.,-1.,0.));
#3792 = PLANE('',#3793);
#3793 = AXIS2_PLACEMENT_3D('',#3794,#3795,#3796);
#3794 = CARTESIAN_POINT('',(118.6,1.8,63.1));
#3795 = DIRECTION('',(0.,0.,1.));
#3796 = DIRECTION('',(-1.,0.,0.));
#3797 = ADVANCED_FACE('',(#3798),#3825,.F.);
#3798 = FACE_BOUND('',#3799,.F.);
#3799 = EDGE_LOOP('',(#3800,#3809,#3810,#3819));
#3800 = ORIENTED_EDGE('',*,*,#3801,.F.);
#3801 = EDGE_CURVE('',#3530,#3802,#3804,.T.);
#3802 = VERTEX_POINT('',#3803);
#3803 = CARTESIAN_POINT('',(2.4,1.8,61.6));
#3804 = CIRCLE('',#3805,1.5);
#3805 = AXIS2_PLACEMENT_3D('',#3806,#3807,#3808);
#3806 = CARTESIAN_POINT('',(3.9,1.8,61.6));
#3807 = DIRECTION('',(0.,-1.,0.));
#3808 = DIRECTION('',(1.480297366167E-15,0.,1.));
#3809 = ORIENTED_EDGE('',*,*,#3529,.T.);
#3810 = ORIENTED_EDGE('',*,*,#3811,.T.);
#3811 = EDGE_CURVE('',#3522,#3812,#3814,.T.);
#3812 = VERTEX_POINT('',#3813);
#3813 = CARTESIAN_POINT('',(2.4,12.6,61.6));
#3814 = CIRCLE('',#3815,1.5);
#3815 = AXIS2_PLACEMENT_3D('',#3816,#3817,#3818);
#3816 = CARTESIAN_POINT('',(3.9,12.6,61.6));
#3817 = DIRECTION('',(0.,-1.,0.));
#3818 = DIRECTION('',(1.480297366167E-15,0.,1.));
#3819 = ORIENTED_EDGE('',*,*,#3820,.F.);
#3820 = EDGE_CURVE('',#3802,#3812,#3821,.T.);
#3821 = LINE('',#3822,#3823);
#3822 = CARTESIAN_POINT('',(2.4,1.8,61.6));
#3823 = VECTOR('',#3824,1.);
#3824 = DIRECTION('',(0.,1.,0.));
#3825 = CYLINDRICAL_SURFACE('',#3826,1.5);
#3826 = AXIS2_PLACEMENT_3D('',#3827,#3828,#3829);
#3827 = CARTESIAN_POINT('',(3.9,1.8,61.6));
#3828 = DIRECTION('',(0.,-1.,0.));
#3829 = DIRECTION('',(1.480297366167E-15,0.,1.));
#3830 = ADVANCED_FACE('',(#3831),#3856,.F.);
#3831 = FACE_BOUND('',#3832,.F.);
#3832 = EDGE_LOOP('',(#3833,#3841,#3842,#3850));
#3833 = ORIENTED_EDGE('',*,*,#3834,.F.);
#3834 = EDGE_CURVE('',#3802,#3835,#3837,.T.);
#3835 = VERTEX_POINT('',#3836);
#3836 = CARTESIAN_POINT('',(2.4,1.8,3.9));
#3837 = LINE('',#3838,#3839);
#3838 = CARTESIAN_POINT('',(2.4,1.8,61.6));
#3839 = VECTOR('',#3840,1.);
#3840 = DIRECTION('',(0.,0.,-1.));
#3841 = ORIENTED_EDGE('',*,*,#3820,.T.);
#3842 = ORIENTED_EDGE('',*,*,#3843,.F.);
#3843 = EDGE_CURVE('',#3844,#3812,#3846,.T.);
#3844 = VERTEX_POINT('',#3845);
#3845 = CARTESIAN_POINT('',(2.4,12.6,3.9));
#3846 = LINE('',#3847,#3848);
#3847 = CARTESIAN_POINT('',(2.4,12.6,47.175));
#3848 = VECTOR('',#3849,1.);
#3849 = DIRECTION('',(0.,0.,1.));
#3850 = ORIENTED_EDGE('',*,*,#3851,.F.);
#3851 = EDGE_CURVE('',#3835,#3844,#3852,.T.);
#3852 = LINE('',#3853,#3854);
#3853 = CARTESIAN_POINT('',(2.4,1.8,3.9));
#3854 = VECTOR('',#3855,1.);
#3855 = DIRECTION('',(0.,1.,0.));
#3856 = PLANE('',#3857);
#3857 = AXIS2_PLACEMENT_3D('',#3858,#3859,#3860);
#3858 = CARTESIAN_POINT('',(2.4,1.8,61.6));
#3859 = DIRECTION('',(-1.,0.,0.));
#3860 = DIRECTION('',(0.,0.,-1.));
#3861 = ADVANCED_FACE('',(#3862),#3880,.F.);
#3862 = FACE_BOUND('',#3863,.F.);
#3863 = EDGE_LOOP('',(#3864,#3871,#3872,#3879));
#3864 = ORIENTED_EDGE('',*,*,#3865,.F.);
#3865 = EDGE_CURVE('',#3835,#3425,#3866,.T.);
#3866 = CIRCLE('',#3867,1.5);
#3867 = AXIS2_PLACEMENT_3D('',#3868,#3869,#3870);
#3868 = CARTESIAN_POINT('',(3.9,1.8,3.9));
#3869 = DIRECTION('',(0.,-1.,0.));
#3870 = DIRECTION('',(-1.,0.,0.));
#3871 = ORIENTED_EDGE('',*,*,#3851,.T.);
#3872 = ORIENTED_EDGE('',*,*,#3873,.T.);
#3873 = EDGE_CURVE('',#3844,#3435,#3874,.T.);
#3874 = CIRCLE('',#3875,1.5);
#3875 = AXIS2_PLACEMENT_3D('',#3876,#3877,#3878);
#3876 = CARTESIAN_POINT('',(3.9,12.6,3.9));
#3877 = DIRECTION('',(0.,-1.,0.));
#3878 = DIRECTION('',(-1.,0.,0.));
#3879 = ORIENTED_EDGE('',*,*,#3434,.F.);
#3880 = CYLINDRICAL_SURFACE('',#3881,1.5);
#3881 = AXIS2_PLACEMENT_3D('',#3882,#3883,#3884);
#3882 = CARTESIAN_POINT('',(3.9,1.8,3.9));
#3883 = DIRECTION('',(0.,-1.,0.));
#3884 = DIRECTION('',(-1.,0.,0.));
#3885 = ADVANCED_FACE('',(#3886),#3905,.F.);
#3886 = FACE_BOUND('',#3887,.F.);
#3887 = EDGE_LOOP('',(#3888,#3889,#3890,#3899));
#3888 = ORIENTED_EDGE('',*,*,#3017,.F.);
#3889 = ORIENTED_EDGE('',*,*,#3450,.T.);
#3890 = ORIENTED_EDGE('',*,*,#3891,.T.);
#3891 = EDGE_CURVE('',#3443,#3892,#3894,.T.);
#3892 = VERTEX_POINT('',#3893);
#3893 = CARTESIAN_POINT('',(120.1,12.6,3.9));
#3894 = CIRCLE('',#3895,1.5);
#3895 = AXIS2_PLACEMENT_3D('',#3896,#3897,#3898);
#3896 = CARTESIAN_POINT('',(118.6,12.6,3.9));
#3897 = DIRECTION('',(0.,-1.,0.));
#3898 = DIRECTION('',(0.,0.,-1.));
#3899 = ORIENTED_EDGE('',*,*,#3900,.F.);
#3900 = EDGE_CURVE('',#2902,#3892,#3901,.T.);
#3901 = LINE('',#3902,#3903);
#3902 = CARTESIAN_POINT('',(120.1,1.8,3.9));
#3903 = VECTOR('',#3904,1.);
#3904 = DIRECTION('',(0.,1.,0.));
#3905 = CYLINDRICAL_SURFACE('',#3906,1.5);
#3906 = AXIS2_PLACEMENT_3D('',#3907,#3908,#3909);
#3907 = CARTESIAN_POINT('',(118.6,1.8,3.9));
#3908 = DIRECTION('',(0.,-1.,0.));
#3909 = DIRECTION('',(0.,0.,-1.));
#3910 = ADVANCED_FACE('',(#3911,#3929),#3999,.F.);
#3911 = FACE_BOUND('',#3912,.F.);
#3912 = EDGE_LOOP('',(#3913,#3914,#3915,#3923));
#3913 = ORIENTED_EDGE('',*,*,#2901,.F.);
#3914 = ORIENTED_EDGE('',*,*,#3900,.T.);
#3915 = ORIENTED_EDGE('',*,*,#3916,.F.);
#3916 = EDGE_CURVE('',#3917,#3892,#3919,.T.);
#3917 = VERTEX_POINT('',#3918);
#3918 = CARTESIAN_POINT('',(120.1,12.6,56.4));
#3919 = LINE('',#3920,#3921);
#3920 = CARTESIAN_POINT('',(120.1,12.6,18.325));
#3921 = VECTOR('',#3922,1.);
#3922 = DIRECTION('',(0.,0.,-1.));
#3923 = ORIENTED_EDGE('',*,*,#3924,.T.);
#3924 = EDGE_CURVE('',#3917,#2904,#3925,.T.);
#3925 = LINE('',#3926,#3927);
#3926 = CARTESIAN_POINT('',(120.1,1.795,56.4));
#3927 = VECTOR('',#3928,1.);
#3928 = DIRECTION('',(0.,-1.,0.));
#3929 = FACE_BOUND('',#3930,.F.);
#3930 = EDGE_LOOP('',(#3931,#3942,#3950,#3959,#3967,#3976,#3984,#3993));
#3931 = ORIENTED_EDGE('',*,*,#3932,.T.);
#3932 = EDGE_CURVE('',#3933,#3935,#3937,.T.);
#3933 = VERTEX_POINT('',#3934);
#3934 = CARTESIAN_POINT('',(120.1,6.05,12.89));
#3935 = VERTEX_POINT('',#3936);
#3936 = CARTESIAN_POINT('',(120.1,4.31,11.15));
#3937 = CIRCLE('',#3938,1.74);
#3938 = AXIS2_PLACEMENT_3D('',#3939,#3940,#3941);
#3939 = CARTESIAN_POINT('',(120.1,4.31,12.89));
#3940 = DIRECTION('',(-1.,1.110223024625E-16,0.));
#3941 = DIRECTION('',(-3.541940127609E-33,-3.190296047773E-17,-1.));
#3942 = ORIENTED_EDGE('',*,*,#3943,.T.);
#3943 = EDGE_CURVE('',#3935,#3944,#3946,.T.);
#3944 = VERTEX_POINT('',#3945);
#3945 = CARTESIAN_POINT('',(120.1,4.29,11.15));
#3946 = LINE('',#3947,#3948);
#3947 = CARTESIAN_POINT('',(120.1,3.045,11.15));
#3948 = VECTOR('',#3949,1.);
#3949 = DIRECTION('',(0.,-1.,0.));
#3950 = ORIENTED_EDGE('',*,*,#3951,.T.);
#3951 = EDGE_CURVE('',#3944,#3952,#3954,.T.);
#3952 = VERTEX_POINT('',#3953);
#3953 = CARTESIAN_POINT('',(120.1,2.55,12.89));
#3954 = CIRCLE('',#3955,1.74);
#3955 = AXIS2_PLACEMENT_3D('',#3956,#3957,#3958);
#3956 = CARTESIAN_POINT('',(120.1,4.29,12.89));
#3957 = DIRECTION('',(-1.,1.110223024625E-16,0.));
#3958 = DIRECTION('',(-1.110223024625E-16,-1.,0.));
#3959 = ORIENTED_EDGE('',*,*,#3960,.T.);
#3960 = EDGE_CURVE('',#3952,#3961,#3963,.T.);
#3961 = VERTEX_POINT('',#3962);
#3962 = CARTESIAN_POINT('',(120.1,2.55,18.41));
#3963 = LINE('',#3964,#3965);
#3964 = CARTESIAN_POINT('',(120.1,2.55,11.155));
#3965 = VECTOR('',#3966,1.);
#3966 = DIRECTION('',(0.,0.,1.));
#3967 = ORIENTED_EDGE('',*,*,#3968,.T.);
#3968 = EDGE_CURVE('',#3961,#3969,#3971,.T.);
#3969 = VERTEX_POINT('',#3970);
#3970 = CARTESIAN_POINT('',(120.1,4.29,20.15));
#3971 = CIRCLE('',#3972,1.74);
#3972 = AXIS2_PLACEMENT_3D('',#3973,#3974,#3975);
#3973 = CARTESIAN_POINT('',(120.1,4.29,18.41));
#3974 = DIRECTION('',(-1.,1.110223024625E-16,0.));
#3975 = DIRECTION('',(-2.408519286774E-31,-2.169401312486E-15,1.));
#3976 = ORIENTED_EDGE('',*,*,#3977,.T.);
#3977 = EDGE_CURVE('',#3969,#3978,#3980,.T.);
#3978 = VERTEX_POINT('',#3979);
#3979 = CARTESIAN_POINT('',(120.1,4.31,20.15));
#3980 = LINE('',#3981,#3982);
#3981 = CARTESIAN_POINT('',(120.1,3.055,20.15));
#3982 = VECTOR('',#3983,1.);
#3983 = DIRECTION('',(0.,1.,0.));
#3984 = ORIENTED_EDGE('',*,*,#3985,.T.);
#3985 = EDGE_CURVE('',#3978,#3986,#3988,.T.);
#3986 = VERTEX_POINT('',#3987);
#3987 = CARTESIAN_POINT('',(120.1,6.05,18.41));
#3988 = CIRCLE('',#3989,1.74);
#3989 = AXIS2_PLACEMENT_3D('',#3990,#3991,#3992);
#3990 = CARTESIAN_POINT('',(120.1,4.31,18.41));
#3991 = DIRECTION('',(-1.,1.110223024625E-16,0.));
#3992 = DIRECTION('',(1.110223024625E-16,1.,2.041789470575E-15));
#3993 = ORIENTED_EDGE('',*,*,#3994,.T.);
#3994 = EDGE_CURVE('',#3986,#3933,#3995,.T.);
#3995 = LINE('',#3996,#3997);
#3996 = CARTESIAN_POINT('',(120.1,6.05,8.395));
#3997 = VECTOR('',#3998,1.);
#3998 = DIRECTION('',(0.,0.,-1.));
#3999 = PLANE('',#4000);
#4000 = AXIS2_PLACEMENT_3D('',#4001,#4002,#4003);
#4001 = CARTESIAN_POINT('',(120.1,1.8,3.9));
#4002 = DIRECTION('',(1.,0.,0.));
#4003 = DIRECTION('',(0.,0.,1.));
#4004 = ADVANCED_FACE('',(#4005),#4016,.F.);
#4005 = FACE_BOUND('',#4006,.F.);
#4006 = EDGE_LOOP('',(#4007,#4008,#4009,#4010));
#4007 = ORIENTED_EDGE('',*,*,#3204,.F.);
#4008 = ORIENTED_EDGE('',*,*,#2158,.T.);
#4009 = ORIENTED_EDGE('',*,*,#2384,.T.);
#4010 = ORIENTED_EDGE('',*,*,#4011,.F.);
#4011 = EDGE_CURVE('',#3205,#2385,#4012,.T.);
#4012 = LINE('',#4013,#4014);
#4013 = CARTESIAN_POINT('',(115.5,15.,64.7));
#4014 = VECTOR('',#4015,1.);
#4015 = DIRECTION('',(-1.,0.,0.));
#4016 = PLANE('',#4017);
#4017 = AXIS2_PLACEMENT_3D('',#4018,#4019,#4020);
#4018 = CARTESIAN_POINT('',(115.5,14.6,65.1));
#4019 = DIRECTION('',(6.983161618628E-18,-0.707106781187,-0.707106781187
    ));
#4020 = DIRECTION('',(-1.,-4.937840934654E-18,-4.937840934654E-18));
#4021 = ADVANCED_FACE('',(#4022),#4038,.F.);
#4022 = FACE_BOUND('',#4023,.T.);
#4023 = EDGE_LOOP('',(#4024,#4025,#4031,#4032));
#4024 = ORIENTED_EDGE('',*,*,#3585,.T.);
#4025 = ORIENTED_EDGE('',*,*,#4026,.T.);
#4026 = EDGE_CURVE('',#3588,#2171,#4027,.T.);
#4027 = LINE('',#4028,#4029);
#4028 = CARTESIAN_POINT('',(111.71,5.,62.1));
#4029 = VECTOR('',#4030,1.);
#4030 = DIRECTION('',(0.,0.,1.));
#4031 = ORIENTED_EDGE('',*,*,#2168,.F.);
#4032 = ORIENTED_EDGE('',*,*,#4033,.F.);
#4033 = EDGE_CURVE('',#3586,#2169,#4034,.T.);
#4034 = LINE('',#4035,#4036);
#4035 = CARTESIAN_POINT('',(112.5,5.79,62.1));
#4036 = VECTOR('',#4037,1.);
#4037 = DIRECTION('',(0.,0.,1.));
#4038 = CYLINDRICAL_SURFACE('',#4039,0.79);
#4039 = AXIS2_PLACEMENT_3D('',#4040,#4041,#4042);
#4040 = CARTESIAN_POINT('',(111.71,5.79,62.1));
#4041 = DIRECTION('',(0.,1.110223024625E-16,-1.));
#4042 = DIRECTION('',(0.,-1.,-1.110223024625E-16));
#4043 = ADVANCED_FACE('',(#4044),#4055,.T.);
#4044 = FACE_BOUND('',#4045,.T.);
#4045 = EDGE_LOOP('',(#4046,#4047,#4048,#4049));
#4046 = ORIENTED_EDGE('',*,*,#3647,.T.);
#4047 = ORIENTED_EDGE('',*,*,#4033,.T.);
#4048 = ORIENTED_EDGE('',*,*,#2230,.F.);
#4049 = ORIENTED_EDGE('',*,*,#4050,.F.);
#4050 = EDGE_CURVE('',#3639,#2222,#4051,.T.);
#4051 = LINE('',#4052,#4053);
#4052 = CARTESIAN_POINT('',(112.5,11.21,62.1));
#4053 = VECTOR('',#4054,1.);
#4054 = DIRECTION('',(0.,0.,1.));
#4055 = PLANE('',#4056);
#4056 = AXIS2_PLACEMENT_3D('',#4057,#4058,#4059);
#4057 = CARTESIAN_POINT('',(112.5,5.79,62.1));
#4058 = DIRECTION('',(-1.,0.,0.));
#4059 = DIRECTION('',(0.,1.,1.110223024625E-16));
#4060 = ADVANCED_FACE('',(#4061),#4072,.F.);
#4061 = FACE_BOUND('',#4062,.T.);
#4062 = EDGE_LOOP('',(#4063,#4064,#4065,#4066));
#4063 = ORIENTED_EDGE('',*,*,#3638,.T.);
#4064 = ORIENTED_EDGE('',*,*,#4050,.T.);
#4065 = ORIENTED_EDGE('',*,*,#2221,.F.);
#4066 = ORIENTED_EDGE('',*,*,#4067,.F.);
#4067 = EDGE_CURVE('',#3631,#2214,#4068,.T.);
#4068 = LINE('',#4069,#4070);
#4069 = CARTESIAN_POINT('',(111.71,12.,62.1));
#4070 = VECTOR('',#4071,1.);
#4071 = DIRECTION('',(0.,0.,1.));
#4072 = CYLINDRICAL_SURFACE('',#4073,0.79);
#4073 = AXIS2_PLACEMENT_3D('',#4074,#4075,#4076);
#4074 = CARTESIAN_POINT('',(111.71,11.21,62.1));
#4075 = DIRECTION('',(0.,1.110223024625E-16,-1.));
#4076 = DIRECTION('',(1.,1.855056193045E-14,2.059526097492E-30));
#4077 = ADVANCED_FACE('',(#4078),#4089,.T.);
#4078 = FACE_BOUND('',#4079,.T.);
#4079 = EDGE_LOOP('',(#4080,#4081,#4082,#4083));
#4080 = ORIENTED_EDGE('',*,*,#3630,.T.);
#4081 = ORIENTED_EDGE('',*,*,#4067,.T.);
#4082 = ORIENTED_EDGE('',*,*,#2213,.F.);
#4083 = ORIENTED_EDGE('',*,*,#4084,.F.);
#4084 = EDGE_CURVE('',#3622,#2205,#4085,.T.);
#4085 = LINE('',#4086,#4087);
#4086 = CARTESIAN_POINT('',(111.69,12.,62.1));
#4087 = VECTOR('',#4088,1.);
#4088 = DIRECTION('',(0.,0.,1.));
#4089 = PLANE('',#4090);
#4090 = AXIS2_PLACEMENT_3D('',#4091,#4092,#4093);
#4091 = CARTESIAN_POINT('',(111.71,12.,62.1));
#4092 = DIRECTION('',(0.,-1.,0.));
#4093 = DIRECTION('',(-1.,0.,0.));
#4094 = ADVANCED_FACE('',(#4095),#4106,.F.);
#4095 = FACE_BOUND('',#4096,.T.);
#4096 = EDGE_LOOP('',(#4097,#4098,#4099,#4100));
#4097 = ORIENTED_EDGE('',*,*,#3621,.T.);
#4098 = ORIENTED_EDGE('',*,*,#4084,.T.);
#4099 = ORIENTED_EDGE('',*,*,#2204,.F.);
#4100 = ORIENTED_EDGE('',*,*,#4101,.F.);
#4101 = EDGE_CURVE('',#3614,#2197,#4102,.T.);
#4102 = LINE('',#4103,#4104);
#4103 = CARTESIAN_POINT('',(110.9,11.21,62.1));
#4104 = VECTOR('',#4105,1.);
#4105 = DIRECTION('',(0.,0.,1.));
#4106 = CYLINDRICAL_SURFACE('',#4107,0.79);
#4107 = AXIS2_PLACEMENT_3D('',#4108,#4109,#4110);
#4108 = CARTESIAN_POINT('',(111.69,11.21,62.1));
#4109 = DIRECTION('',(0.,1.110223024625E-16,-1.));
#4110 = DIRECTION('',(0.,1.,1.110223024625E-16));
#4111 = ADVANCED_FACE('',(#4112),#4123,.T.);
#4112 = FACE_BOUND('',#4113,.T.);
#4113 = EDGE_LOOP('',(#4114,#4115,#4116,#4117));
#4114 = ORIENTED_EDGE('',*,*,#3613,.T.);
#4115 = ORIENTED_EDGE('',*,*,#4101,.T.);
#4116 = ORIENTED_EDGE('',*,*,#2196,.F.);
#4117 = ORIENTED_EDGE('',*,*,#4118,.F.);
#4118 = EDGE_CURVE('',#3605,#2188,#4119,.T.);
#4119 = LINE('',#4120,#4121);
#4120 = CARTESIAN_POINT('',(110.9,5.79,62.1));
#4121 = VECTOR('',#4122,1.);
#4122 = DIRECTION('',(0.,0.,1.));
#4123 = PLANE('',#4124);
#4124 = AXIS2_PLACEMENT_3D('',#4125,#4126,#4127);
#4125 = CARTESIAN_POINT('',(110.9,11.21,62.1));
#4126 = DIRECTION('',(1.,0.,0.));
#4127 = DIRECTION('',(0.,-1.,-1.110223024625E-16));
#4128 = ADVANCED_FACE('',(#4129),#4140,.F.);
#4129 = FACE_BOUND('',#4130,.T.);
#4130 = EDGE_LOOP('',(#4131,#4132,#4133,#4134));
#4131 = ORIENTED_EDGE('',*,*,#3604,.T.);
#4132 = ORIENTED_EDGE('',*,*,#4118,.T.);
#4133 = ORIENTED_EDGE('',*,*,#2187,.F.);
#4134 = ORIENTED_EDGE('',*,*,#4135,.F.);
#4135 = EDGE_CURVE('',#3597,#2180,#4136,.T.);
#4136 = LINE('',#4137,#4138);
#4137 = CARTESIAN_POINT('',(111.69,5.,62.1));
#4138 = VECTOR('',#4139,1.);
#4139 = DIRECTION('',(0.,0.,1.));
#4140 = CYLINDRICAL_SURFACE('',#4141,0.79);
#4141 = AXIS2_PLACEMENT_3D('',#4142,#4143,#4144);
#4142 = CARTESIAN_POINT('',(111.69,5.79,62.1));
#4143 = DIRECTION('',(0.,1.110223024625E-16,-1.));
#4144 = DIRECTION('',(-1.,-1.855056193045E-14,-2.059526097492E-30));
#4145 = ADVANCED_FACE('',(#4146),#4152,.T.);
#4146 = FACE_BOUND('',#4147,.T.);
#4147 = EDGE_LOOP('',(#4148,#4149,#4150,#4151));
#4148 = ORIENTED_EDGE('',*,*,#3596,.T.);
#4149 = ORIENTED_EDGE('',*,*,#4135,.T.);
#4150 = ORIENTED_EDGE('',*,*,#2179,.F.);
#4151 = ORIENTED_EDGE('',*,*,#4026,.F.);
#4152 = PLANE('',#4153);
#4153 = AXIS2_PLACEMENT_3D('',#4154,#4155,#4156);
#4154 = CARTESIAN_POINT('',(111.69,5.,62.1));
#4155 = DIRECTION('',(0.,1.,0.));
#4156 = DIRECTION('',(1.,0.,0.));
#4157 = ADVANCED_FACE('',(#4158),#4174,.F.);
#4158 = FACE_BOUND('',#4159,.T.);
#4159 = EDGE_LOOP('',(#4160,#4161,#4167,#4168));
#4160 = ORIENTED_EDGE('',*,*,#3655,.T.);
#4161 = ORIENTED_EDGE('',*,*,#4162,.T.);
#4162 = EDGE_CURVE('',#3658,#2241,#4163,.T.);
#4163 = LINE('',#4164,#4165);
#4164 = CARTESIAN_POINT('',(105.71,5.,62.1));
#4165 = VECTOR('',#4166,1.);
#4166 = DIRECTION('',(0.,0.,1.));
#4167 = ORIENTED_EDGE('',*,*,#2238,.F.);
#4168 = ORIENTED_EDGE('',*,*,#4169,.F.);
#4169 = EDGE_CURVE('',#3656,#2239,#4170,.T.);
#4170 = LINE('',#4171,#4172);
#4171 = CARTESIAN_POINT('',(106.5,5.79,62.1));
#4172 = VECTOR('',#4173,1.);
#4173 = DIRECTION('',(0.,0.,1.));
#4174 = CYLINDRICAL_SURFACE('',#4175,0.79);
#4175 = AXIS2_PLACEMENT_3D('',#4176,#4177,#4178);
#4176 = CARTESIAN_POINT('',(105.71,5.79,62.1));
#4177 = DIRECTION('',(0.,1.110223024625E-16,-1.));
#4178 = DIRECTION('',(0.,-1.,-1.110223024625E-16));
#4179 = ADVANCED_FACE('',(#4180),#4191,.T.);
#4180 = FACE_BOUND('',#4181,.T.);
#4181 = EDGE_LOOP('',(#4182,#4183,#4184,#4185));
#4182 = ORIENTED_EDGE('',*,*,#3717,.T.);
#4183 = ORIENTED_EDGE('',*,*,#4169,.T.);
#4184 = ORIENTED_EDGE('',*,*,#2300,.F.);
#4185 = ORIENTED_EDGE('',*,*,#4186,.F.);
#4186 = EDGE_CURVE('',#3709,#2292,#4187,.T.);
#4187 = LINE('',#4188,#4189);
#4188 = CARTESIAN_POINT('',(106.5,11.21,62.1));
#4189 = VECTOR('',#4190,1.);
#4190 = DIRECTION('',(0.,0.,1.));
#4191 = PLANE('',#4192);
#4192 = AXIS2_PLACEMENT_3D('',#4193,#4194,#4195);
#4193 = CARTESIAN_POINT('',(106.5,5.79,62.1));
#4194 = DIRECTION('',(-1.,0.,0.));
#4195 = DIRECTION('',(0.,1.,1.110223024625E-16));
#4196 = ADVANCED_FACE('',(#4197),#4208,.T.);
#4197 = FACE_BOUND('',#4198,.T.);
#4198 = EDGE_LOOP('',(#4199,#4200,#4206,#4207));
#4199 = ORIENTED_EDGE('',*,*,#3666,.T.);
#4200 = ORIENTED_EDGE('',*,*,#4201,.T.);
#4201 = EDGE_CURVE('',#3667,#2250,#4202,.T.);
#4202 = LINE('',#4203,#4204);
#4203 = CARTESIAN_POINT('',(105.69,5.,62.1));
#4204 = VECTOR('',#4205,1.);
#4205 = DIRECTION('',(0.,0.,1.));
#4206 = ORIENTED_EDGE('',*,*,#2249,.F.);
#4207 = ORIENTED_EDGE('',*,*,#4162,.F.);
#4208 = PLANE('',#4209);
#4209 = AXIS2_PLACEMENT_3D('',#4210,#4211,#4212);
#4210 = CARTESIAN_POINT('',(105.69,5.,62.1));
#4211 = DIRECTION('',(0.,1.,0.));
#4212 = DIRECTION('',(1.,0.,0.));
#4213 = ADVANCED_FACE('',(#4214),#4225,.F.);
#4214 = FACE_BOUND('',#4215,.T.);
#4215 = EDGE_LOOP('',(#4216,#4217,#4218,#4219));
#4216 = ORIENTED_EDGE('',*,*,#3708,.T.);
#4217 = ORIENTED_EDGE('',*,*,#4186,.T.);
#4218 = ORIENTED_EDGE('',*,*,#2291,.F.);
#4219 = ORIENTED_EDGE('',*,*,#4220,.F.);
#4220 = EDGE_CURVE('',#3701,#2284,#4221,.T.);
#4221 = LINE('',#4222,#4223);
#4222 = CARTESIAN_POINT('',(105.71,12.,62.1));
#4223 = VECTOR('',#4224,1.);
#4224 = DIRECTION('',(0.,0.,1.));
#4225 = CYLINDRICAL_SURFACE('',#4226,0.79);
#4226 = AXIS2_PLACEMENT_3D('',#4227,#4228,#4229);
#4227 = CARTESIAN_POINT('',(105.71,11.21,62.1));
#4228 = DIRECTION('',(0.,1.110223024625E-16,-1.));
#4229 = DIRECTION('',(1.,1.855056193045E-14,2.059526097492E-30));
#4230 = ADVANCED_FACE('',(#4231),#4242,.F.);
#4231 = FACE_BOUND('',#4232,.T.);
#4232 = EDGE_LOOP('',(#4233,#4234,#4240,#4241));
#4233 = ORIENTED_EDGE('',*,*,#3674,.T.);
#4234 = ORIENTED_EDGE('',*,*,#4235,.T.);
#4235 = EDGE_CURVE('',#3675,#2258,#4236,.T.);
#4236 = LINE('',#4237,#4238);
#4237 = CARTESIAN_POINT('',(104.9,5.79,62.1));
#4238 = VECTOR('',#4239,1.);
#4239 = DIRECTION('',(0.,0.,1.));
#4240 = ORIENTED_EDGE('',*,*,#2257,.F.);
#4241 = ORIENTED_EDGE('',*,*,#4201,.F.);
#4242 = CYLINDRICAL_SURFACE('',#4243,0.79);
#4243 = AXIS2_PLACEMENT_3D('',#4244,#4245,#4246);
#4244 = CARTESIAN_POINT('',(105.69,5.79,62.1));
#4245 = DIRECTION('',(0.,1.110223024625E-16,-1.));
#4246 = DIRECTION('',(-1.,-1.855056193045E-14,-2.059526097492E-30));
#4247 = ADVANCED_FACE('',(#4248),#4259,.T.);
#4248 = FACE_BOUND('',#4249,.T.);
#4249 = EDGE_LOOP('',(#4250,#4251,#4252,#4253));
#4250 = ORIENTED_EDGE('',*,*,#3700,.T.);
#4251 = ORIENTED_EDGE('',*,*,#4220,.T.);
#4252 = ORIENTED_EDGE('',*,*,#2283,.F.);
#4253 = ORIENTED_EDGE('',*,*,#4254,.F.);
#4254 = EDGE_CURVE('',#3692,#2275,#4255,.T.);
#4255 = LINE('',#4256,#4257);
#4256 = CARTESIAN_POINT('',(105.69,12.,62.1));
#4257 = VECTOR('',#4258,1.);
#4258 = DIRECTION('',(0.,0.,1.));
#4259 = PLANE('',#4260);
#4260 = AXIS2_PLACEMENT_3D('',#4261,#4262,#4263);
#4261 = CARTESIAN_POINT('',(105.71,12.,62.1));
#4262 = DIRECTION('',(0.,-1.,0.));
#4263 = DIRECTION('',(-1.,0.,0.));
#4264 = ADVANCED_FACE('',(#4265),#4276,.T.);
#4265 = FACE_BOUND('',#4266,.T.);
#4266 = EDGE_LOOP('',(#4267,#4268,#4274,#4275));
#4267 = ORIENTED_EDGE('',*,*,#3683,.T.);
#4268 = ORIENTED_EDGE('',*,*,#4269,.T.);
#4269 = EDGE_CURVE('',#3684,#2267,#4270,.T.);
#4270 = LINE('',#4271,#4272);
#4271 = CARTESIAN_POINT('',(104.9,11.21,62.1));
#4272 = VECTOR('',#4273,1.);
#4273 = DIRECTION('',(0.,0.,1.));
#4274 = ORIENTED_EDGE('',*,*,#2266,.F.);
#4275 = ORIENTED_EDGE('',*,*,#4235,.F.);
#4276 = PLANE('',#4277);
#4277 = AXIS2_PLACEMENT_3D('',#4278,#4279,#4280);
#4278 = CARTESIAN_POINT('',(104.9,11.21,62.1));
#4279 = DIRECTION('',(1.,0.,0.));
#4280 = DIRECTION('',(0.,-1.,-1.110223024625E-16));
#4281 = ADVANCED_FACE('',(#4282),#4288,.F.);
#4282 = FACE_BOUND('',#4283,.T.);
#4283 = EDGE_LOOP('',(#4284,#4285,#4286,#4287));
#4284 = ORIENTED_EDGE('',*,*,#3691,.T.);
#4285 = ORIENTED_EDGE('',*,*,#4254,.T.);
#4286 = ORIENTED_EDGE('',*,*,#2274,.F.);
#4287 = ORIENTED_EDGE('',*,*,#4269,.F.);
#4288 = CYLINDRICAL_SURFACE('',#4289,0.79);
#4289 = AXIS2_PLACEMENT_3D('',#4290,#4291,#4292);
#4290 = CARTESIAN_POINT('',(105.69,11.21,62.1));
#4291 = DIRECTION('',(0.,1.110223024625E-16,-1.));
#4292 = DIRECTION('',(0.,1.,1.110223024625E-16));
#4293 = ADVANCED_FACE('',(#4294),#4310,.F.);
#4294 = FACE_BOUND('',#4295,.T.);
#4295 = EDGE_LOOP('',(#4296,#4297,#4303,#4304));
#4296 = ORIENTED_EDGE('',*,*,#3725,.T.);
#4297 = ORIENTED_EDGE('',*,*,#4298,.T.);
#4298 = EDGE_CURVE('',#3728,#2311,#4299,.T.);
#4299 = LINE('',#4300,#4301);
#4300 = CARTESIAN_POINT('',(99.71,5.,62.1));
#4301 = VECTOR('',#4302,1.);
#4302 = DIRECTION('',(0.,0.,1.));
#4303 = ORIENTED_EDGE('',*,*,#2308,.F.);
#4304 = ORIENTED_EDGE('',*,*,#4305,.F.);
#4305 = EDGE_CURVE('',#3726,#2309,#4306,.T.);
#4306 = LINE('',#4307,#4308);
#4307 = CARTESIAN_POINT('',(100.5,5.79,62.1));
#4308 = VECTOR('',#4309,1.);
#4309 = DIRECTION('',(0.,0.,1.));
#4310 = CYLINDRICAL_SURFACE('',#4311,0.79);
#4311 = AXIS2_PLACEMENT_3D('',#4312,#4313,#4314);
#4312 = CARTESIAN_POINT('',(99.71,5.79,62.1));
#4313 = DIRECTION('',(0.,1.110223024625E-16,-1.));
#4314 = DIRECTION('',(0.,-1.,-1.110223024625E-16));
#4315 = ADVANCED_FACE('',(#4316),#4327,.T.);
#4316 = FACE_BOUND('',#4317,.T.);
#4317 = EDGE_LOOP('',(#4318,#4319,#4320,#4321));
#4318 = ORIENTED_EDGE('',*,*,#3787,.T.);
#4319 = ORIENTED_EDGE('',*,*,#4305,.T.);
#4320 = ORIENTED_EDGE('',*,*,#2370,.F.);
#4321 = ORIENTED_EDGE('',*,*,#4322,.F.);
#4322 = EDGE_CURVE('',#3779,#2362,#4323,.T.);
#4323 = LINE('',#4324,#4325);
#4324 = CARTESIAN_POINT('',(100.5,11.21,62.1));
#4325 = VECTOR('',#4326,1.);
#4326 = DIRECTION('',(0.,0.,1.));
#4327 = PLANE('',#4328);
#4328 = AXIS2_PLACEMENT_3D('',#4329,#4330,#4331);
#4329 = CARTESIAN_POINT('',(100.5,5.79,62.1));
#4330 = DIRECTION('',(-1.,0.,0.));
#4331 = DIRECTION('',(0.,1.,1.110223024625E-16));
#4332 = ADVANCED_FACE('',(#4333),#4344,.T.);
#4333 = FACE_BOUND('',#4334,.T.);
#4334 = EDGE_LOOP('',(#4335,#4336,#4342,#4343));
#4335 = ORIENTED_EDGE('',*,*,#3736,.T.);
#4336 = ORIENTED_EDGE('',*,*,#4337,.T.);
#4337 = EDGE_CURVE('',#3737,#2320,#4338,.T.);
#4338 = LINE('',#4339,#4340);
#4339 = CARTESIAN_POINT('',(99.69,5.,62.1));
#4340 = VECTOR('',#4341,1.);
#4341 = DIRECTION('',(0.,0.,1.));
#4342 = ORIENTED_EDGE('',*,*,#2319,.F.);
#4343 = ORIENTED_EDGE('',*,*,#4298,.F.);
#4344 = PLANE('',#4345);
#4345 = AXIS2_PLACEMENT_3D('',#4346,#4347,#4348);
#4346 = CARTESIAN_POINT('',(99.69,5.,62.1));
#4347 = DIRECTION('',(0.,1.,0.));
#4348 = DIRECTION('',(1.,0.,0.));
#4349 = ADVANCED_FACE('',(#4350),#4361,.F.);
#4350 = FACE_BOUND('',#4351,.T.);
#4351 = EDGE_LOOP('',(#4352,#4353,#4354,#4355));
#4352 = ORIENTED_EDGE('',*,*,#3778,.T.);
#4353 = ORIENTED_EDGE('',*,*,#4322,.T.);
#4354 = ORIENTED_EDGE('',*,*,#2361,.F.);
#4355 = ORIENTED_EDGE('',*,*,#4356,.F.);
#4356 = EDGE_CURVE('',#3771,#2354,#4357,.T.);
#4357 = LINE('',#4358,#4359);
#4358 = CARTESIAN_POINT('',(99.71,12.,62.1));
#4359 = VECTOR('',#4360,1.);
#4360 = DIRECTION('',(0.,0.,1.));
#4361 = CYLINDRICAL_SURFACE('',#4362,0.79);
#4362 = AXIS2_PLACEMENT_3D('',#4363,#4364,#4365);
#4363 = CARTESIAN_POINT('',(99.71,11.21,62.1));
#4364 = DIRECTION('',(0.,1.110223024625E-16,-1.));
#4365 = DIRECTION('',(1.,1.855056193045E-14,2.059526097492E-30));
#4366 = ADVANCED_FACE('',(#4367),#4378,.F.);
#4367 = FACE_BOUND('',#4368,.T.);
#4368 = EDGE_LOOP('',(#4369,#4370,#4376,#4377));
#4369 = ORIENTED_EDGE('',*,*,#3744,.T.);
#4370 = ORIENTED_EDGE('',*,*,#4371,.T.);
#4371 = EDGE_CURVE('',#3745,#2328,#4372,.T.);
#4372 = LINE('',#4373,#4374);
#4373 = CARTESIAN_POINT('',(98.9,5.79,62.1));
#4374 = VECTOR('',#4375,1.);
#4375 = DIRECTION('',(0.,0.,1.));
#4376 = ORIENTED_EDGE('',*,*,#2327,.F.);
#4377 = ORIENTED_EDGE('',*,*,#4337,.F.);
#4378 = CYLINDRICAL_SURFACE('',#4379,0.79);
#4379 = AXIS2_PLACEMENT_3D('',#4380,#4381,#4382);
#4380 = CARTESIAN_POINT('',(99.69,5.79,62.1));
#4381 = DIRECTION('',(0.,1.110223024625E-16,-1.));
#4382 = DIRECTION('',(-1.,-1.855056193045E-14,-2.059526097492E-30));
#4383 = ADVANCED_FACE('',(#4384),#4395,.T.);
#4384 = FACE_BOUND('',#4385,.T.);
#4385 = EDGE_LOOP('',(#4386,#4387,#4388,#4389));
#4386 = ORIENTED_EDGE('',*,*,#3770,.T.);
#4387 = ORIENTED_EDGE('',*,*,#4356,.T.);
#4388 = ORIENTED_EDGE('',*,*,#2353,.F.);
#4389 = ORIENTED_EDGE('',*,*,#4390,.F.);
#4390 = EDGE_CURVE('',#3762,#2345,#4391,.T.);
#4391 = LINE('',#4392,#4393);
#4392 = CARTESIAN_POINT('',(99.69,12.,62.1));
#4393 = VECTOR('',#4394,1.);
#4394 = DIRECTION('',(0.,0.,1.));
#4395 = PLANE('',#4396);
#4396 = AXIS2_PLACEMENT_3D('',#4397,#4398,#4399);
#4397 = CARTESIAN_POINT('',(99.71,12.,62.1));
#4398 = DIRECTION('',(0.,-1.,0.));
#4399 = DIRECTION('',(-1.,0.,0.));
#4400 = ADVANCED_FACE('',(#4401),#4412,.T.);
#4401 = FACE_BOUND('',#4402,.T.);
#4402 = EDGE_LOOP('',(#4403,#4404,#4410,#4411));
#4403 = ORIENTED_EDGE('',*,*,#3753,.T.);
#4404 = ORIENTED_EDGE('',*,*,#4405,.T.);
#4405 = EDGE_CURVE('',#3754,#2337,#4406,.T.);
#4406 = LINE('',#4407,#4408);
#4407 = CARTESIAN_POINT('',(98.9,11.21,62.1));
#4408 = VECTOR('',#4409,1.);
#4409 = DIRECTION('',(0.,0.,1.));
#4410 = ORIENTED_EDGE('',*,*,#2336,.F.);
#4411 = ORIENTED_EDGE('',*,*,#4371,.F.);
#4412 = PLANE('',#4413);
#4413 = AXIS2_PLACEMENT_3D('',#4414,#4415,#4416);
#4414 = CARTESIAN_POINT('',(98.9,11.21,62.1));
#4415 = DIRECTION('',(1.,0.,0.));
#4416 = DIRECTION('',(0.,-1.,-1.110223024625E-16));
#4417 = ADVANCED_FACE('',(#4418),#4424,.F.);
#4418 = FACE_BOUND('',#4419,.T.);
#4419 = EDGE_LOOP('',(#4420,#4421,#4422,#4423));
#4420 = ORIENTED_EDGE('',*,*,#3761,.T.);
#4421 = ORIENTED_EDGE('',*,*,#4390,.T.);
#4422 = ORIENTED_EDGE('',*,*,#2344,.F.);
#4423 = ORIENTED_EDGE('',*,*,#4405,.F.);
#4424 = CYLINDRICAL_SURFACE('',#4425,0.79);
#4425 = AXIS2_PLACEMENT_3D('',#4426,#4427,#4428);
#4426 = CARTESIAN_POINT('',(99.69,11.21,62.1));
#4427 = DIRECTION('',(0.,1.110223024625E-16,-1.));
#4428 = DIRECTION('',(0.,1.,1.110223024625E-16));
#4429 = ADVANCED_FACE('',(#4430),#4436,.F.);
#4430 = FACE_BOUND('',#4431,.F.);
#4431 = EDGE_LOOP('',(#4432,#4433,#4434,#4435));
#4432 = ORIENTED_EDGE('',*,*,#2452,.T.);
#4433 = ORIENTED_EDGE('',*,*,#3408,.F.);
#4434 = ORIENTED_EDGE('',*,*,#3212,.T.);
#4435 = ORIENTED_EDGE('',*,*,#4011,.T.);
#4436 = PLANE('',#4437);
#4437 = AXIS2_PLACEMENT_3D('',#4438,#4439,#4440);
#4438 = CARTESIAN_POINT('',(61.25,15.,32.75));
#4439 = DIRECTION('',(-0.,-1.,-0.));
#4440 = DIRECTION('',(0.,0.,-1.));
#4441 = ADVANCED_FACE('',(#4442),#4460,.T.);
#4442 = FACE_BOUND('',#4443,.T.);
#4443 = EDGE_LOOP('',(#4444,#4445,#4446,#4454));
#4444 = ORIENTED_EDGE('',*,*,#3001,.F.);
#4445 = ORIENTED_EDGE('',*,*,#3457,.F.);
#4446 = ORIENTED_EDGE('',*,*,#4447,.T.);
#4447 = EDGE_CURVE('',#3458,#4448,#4450,.T.);
#4448 = VERTEX_POINT('',#4449);
#4449 = CARTESIAN_POINT('',(101.5,7.3,6.55));
#4450 = LINE('',#4451,#4452);
#4451 = CARTESIAN_POINT('',(101.5,7.3,2.39));
#4452 = VECTOR('',#4453,1.);
#4453 = DIRECTION('',(0.,0.,1.));
#4454 = ORIENTED_EDGE('',*,*,#4455,.F.);
#4455 = EDGE_CURVE('',#2994,#4448,#4456,.T.);
#4456 = LINE('',#4457,#4458);
#4457 = CARTESIAN_POINT('',(101.5,1.8,6.55));
#4458 = VECTOR('',#4459,1.);
#4459 = DIRECTION('',(0.,1.,0.));
#4460 = PLANE('',#4461);
#4461 = AXIS2_PLACEMENT_3D('',#4462,#4463,#4464);
#4462 = CARTESIAN_POINT('',(101.5,1.8,2.39));
#4463 = DIRECTION('',(1.,0.,0.));
#4464 = DIRECTION('',(0.,0.,1.));
#4465 = ADVANCED_FACE('',(#4466),#4484,.T.);
#4466 = FACE_BOUND('',#4467,.T.);
#4467 = EDGE_LOOP('',(#4468,#4476,#4477,#4478));
#4468 = ORIENTED_EDGE('',*,*,#4469,.T.);
#4469 = EDGE_CURVE('',#4470,#2986,#4472,.T.);
#4470 = VERTEX_POINT('',#4471);
#4471 = CARTESIAN_POINT('',(97.25,7.3,6.55));
#4472 = LINE('',#4473,#4474);
#4473 = CARTESIAN_POINT('',(97.25,1.8,6.55));
#4474 = VECTOR('',#4475,1.);
#4475 = DIRECTION('',(0.,-1.,0.));
#4476 = ORIENTED_EDGE('',*,*,#2993,.T.);
#4477 = ORIENTED_EDGE('',*,*,#4455,.T.);
#4478 = ORIENTED_EDGE('',*,*,#4479,.F.);
#4479 = EDGE_CURVE('',#4470,#4448,#4480,.T.);
#4480 = LINE('',#4481,#4482);
#4481 = CARTESIAN_POINT('',(95.25,7.3,6.55));
#4482 = VECTOR('',#4483,1.);
#4483 = DIRECTION('',(1.,0.,0.));
#4484 = PLANE('',#4485);
#4485 = AXIS2_PLACEMENT_3D('',#4486,#4487,#4488);
#4486 = CARTESIAN_POINT('',(95.25,1.8,6.55));
#4487 = DIRECTION('',(0.,0.,1.));
#4488 = DIRECTION('',(1.,0.,0.));
#4489 = ADVANCED_FACE('',(#4490),#4531,.T.);
#4490 = FACE_BOUND('',#4491,.T.);
#4491 = EDGE_LOOP('',(#4492,#4493,#4494,#4500,#4501,#4509,#4517,#4525));
#4492 = ORIENTED_EDGE('',*,*,#2985,.F.);
#4493 = ORIENTED_EDGE('',*,*,#4469,.F.);
#4494 = ORIENTED_EDGE('',*,*,#4495,.F.);
#4495 = EDGE_CURVE('',#3466,#4470,#4496,.T.);
#4496 = LINE('',#4497,#4498);
#4497 = CARTESIAN_POINT('',(97.25,7.3,2.39));
#4498 = VECTOR('',#4499,1.);
#4499 = DIRECTION('',(0.,0.,1.));
#4500 = ORIENTED_EDGE('',*,*,#3473,.F.);
#4501 = ORIENTED_EDGE('',*,*,#4502,.T.);
#4502 = EDGE_CURVE('',#3474,#4503,#4505,.T.);
#4503 = VERTEX_POINT('',#4504);
#4504 = CARTESIAN_POINT('',(97.25,7.7,25.95));
#4505 = LINE('',#4506,#4507);
#4506 = CARTESIAN_POINT('',(97.25,7.7,2.39));
#4507 = VECTOR('',#4508,1.);
#4508 = DIRECTION('',(0.,0.,1.));
#4509 = ORIENTED_EDGE('',*,*,#4510,.F.);
#4510 = EDGE_CURVE('',#4511,#4503,#4513,.T.);
#4511 = VERTEX_POINT('',#4512);
#4512 = CARTESIAN_POINT('',(97.25,7.3,25.95));
#4513 = LINE('',#4514,#4515);
#4514 = CARTESIAN_POINT('',(97.25,1.8,25.95));
#4515 = VECTOR('',#4516,1.);
#4516 = DIRECTION('',(0.,1.,0.));
#4517 = ORIENTED_EDGE('',*,*,#4518,.F.);
#4518 = EDGE_CURVE('',#4519,#4511,#4521,.T.);
#4519 = VERTEX_POINT('',#4520);
#4520 = CARTESIAN_POINT('',(97.25,7.3,24.75));
#4521 = LINE('',#4522,#4523);
#4522 = CARTESIAN_POINT('',(97.25,7.3,13.57));
#4523 = VECTOR('',#4524,1.);
#4524 = DIRECTION('',(0.,0.,1.));
#4525 = ORIENTED_EDGE('',*,*,#4526,.T.);
#4526 = EDGE_CURVE('',#4519,#2978,#4527,.T.);
#4527 = LINE('',#4528,#4529);
#4528 = CARTESIAN_POINT('',(97.25,1.8,24.75));
#4529 = VECTOR('',#4530,1.);
#4530 = DIRECTION('',(0.,-1.,0.));
#4531 = PLANE('',#4532);
#4532 = AXIS2_PLACEMENT_3D('',#4533,#4534,#4535);
#4533 = CARTESIAN_POINT('',(97.25,1.8,2.39));
#4534 = DIRECTION('',(1.,0.,0.));
#4535 = DIRECTION('',(0.,0.,1.));
#4536 = ADVANCED_FACE('',(#4537),#4555,.F.);
#4537 = FACE_BOUND('',#4538,.F.);
#4538 = EDGE_LOOP('',(#4539,#4540,#4541,#4549));
#4539 = ORIENTED_EDGE('',*,*,#4526,.T.);
#4540 = ORIENTED_EDGE('',*,*,#2977,.T.);
#4541 = ORIENTED_EDGE('',*,*,#4542,.T.);
#4542 = EDGE_CURVE('',#2970,#4543,#4545,.T.);
#4543 = VERTEX_POINT('',#4544);
#4544 = CARTESIAN_POINT('',(101.5,7.3,24.75));
#4545 = LINE('',#4546,#4547);
#4546 = CARTESIAN_POINT('',(101.5,1.8,24.75));
#4547 = VECTOR('',#4548,1.);
#4548 = DIRECTION('',(0.,1.,0.));
#4549 = ORIENTED_EDGE('',*,*,#4550,.F.);
#4550 = EDGE_CURVE('',#4519,#4543,#4551,.T.);
#4551 = LINE('',#4552,#4553);
#4552 = CARTESIAN_POINT('',(95.25,7.3,24.75));
#4553 = VECTOR('',#4554,1.);
#4554 = DIRECTION('',(1.,0.,0.));
#4555 = PLANE('',#4556);
#4556 = AXIS2_PLACEMENT_3D('',#4557,#4558,#4559);
#4557 = CARTESIAN_POINT('',(95.25,1.8,24.75));
#4558 = DIRECTION('',(0.,0.,1.));
#4559 = DIRECTION('',(1.,0.,0.));
#4560 = ADVANCED_FACE('',(#4561),#4586,.T.);
#4561 = FACE_BOUND('',#4562,.T.);
#4562 = EDGE_LOOP('',(#4563,#4564,#4565,#4573,#4579,#4580));
#4563 = ORIENTED_EDGE('',*,*,#2969,.F.);
#4564 = ORIENTED_EDGE('',*,*,#4542,.T.);
#4565 = ORIENTED_EDGE('',*,*,#4566,.T.);
#4566 = EDGE_CURVE('',#4543,#4567,#4569,.T.);
#4567 = VERTEX_POINT('',#4568);
#4568 = CARTESIAN_POINT('',(101.5,7.3,25.95));
#4569 = LINE('',#4570,#4571);
#4570 = CARTESIAN_POINT('',(101.5,7.3,24.75));
#4571 = VECTOR('',#4572,1.);
#4572 = DIRECTION('',(0.,0.,1.));
#4573 = ORIENTED_EDGE('',*,*,#4574,.F.);
#4574 = EDGE_CURVE('',#119,#4567,#4575,.T.);
#4575 = LINE('',#4576,#4577);
#4576 = CARTESIAN_POINT('',(101.5,1.8,25.95));
#4577 = VECTOR('',#4578,1.);
#4578 = DIRECTION('',(0.,1.,0.));
#4579 = ORIENTED_EDGE('',*,*,#118,.F.);
#4580 = ORIENTED_EDGE('',*,*,#4581,.T.);
#4581 = EDGE_CURVE('',#111,#2962,#4582,.T.);
#4582 = LINE('',#4583,#4584);
#4583 = CARTESIAN_POINT('',(101.5,1.795,25.85));
#4584 = VECTOR('',#4585,1.);
#4585 = DIRECTION('',(0.,-1.,0.));
#4586 = PLANE('',#4587);
#4587 = AXIS2_PLACEMENT_3D('',#4588,#4589,#4590);
#4588 = CARTESIAN_POINT('',(101.5,1.8,24.75));
#4589 = DIRECTION('',(1.,0.,0.));
#4590 = DIRECTION('',(0.,0.,1.));
#4591 = ADVANCED_FACE('',(#4592),#4603,.F.);
#4592 = FACE_BOUND('',#4593,.F.);
#4593 = EDGE_LOOP('',(#4594,#4595,#4601,#4602));
#4594 = ORIENTED_EDGE('',*,*,#2961,.F.);
#4595 = ORIENTED_EDGE('',*,*,#4596,.T.);
#4596 = EDGE_CURVE('',#2954,#103,#4597,.T.);
#4597 = LINE('',#4598,#4599);
#4598 = CARTESIAN_POINT('',(113.45,1.79,25.85));
#4599 = VECTOR('',#4600,1.);
#4600 = DIRECTION('',(0.,1.,0.));
#4601 = ORIENTED_EDGE('',*,*,#110,.F.);
#4602 = ORIENTED_EDGE('',*,*,#4581,.T.);
#4603 = PLANE('',#4604);
#4604 = AXIS2_PLACEMENT_3D('',#4605,#4606,#4607);
#4605 = CARTESIAN_POINT('',(89.4,1.79,25.85));
#4606 = DIRECTION('',(0.,0.,1.));
#4607 = DIRECTION('',(1.,0.,0.));
#4608 = ADVANCED_FACE('',(#4609),#4685,.T.);
#4609 = FACE_BOUND('',#4610,.T.);
#4610 = EDGE_LOOP('',(#4611,#4619,#4620,#4628,#4637,#4646,#4652,#4653,
    #4661,#4670,#4678));
#4611 = ORIENTED_EDGE('',*,*,#4612,.F.);
#4612 = EDGE_CURVE('',#2912,#4613,#4615,.T.);
#4613 = VERTEX_POINT('',#4614);
#4614 = CARTESIAN_POINT('',(116.9,12.6,56.4));
#4615 = LINE('',#4616,#4617);
#4616 = CARTESIAN_POINT('',(116.9,1.79,56.4));
#4617 = VECTOR('',#4618,1.);
#4618 = DIRECTION('',(0.,1.,0.));
#4619 = ORIENTED_EDGE('',*,*,#2919,.T.);
#4620 = ORIENTED_EDGE('',*,*,#4621,.T.);
#4621 = EDGE_CURVE('',#2920,#4622,#4624,.T.);
#4622 = VERTEX_POINT('',#4623);
#4623 = CARTESIAN_POINT('',(113.75,2.7,58.374385369762));
#4624 = LINE('',#4625,#4626);
#4625 = CARTESIAN_POINT('',(113.75,1.79,58.374385369761));
#4626 = VECTOR('',#4627,1.);
#4627 = DIRECTION('',(0.,1.,0.));
#4628 = ORIENTED_EDGE('',*,*,#4629,.F.);
#4629 = EDGE_CURVE('',#4630,#4622,#4632,.T.);
#4630 = VERTEX_POINT('',#4631);
#4631 = CARTESIAN_POINT('',(113.63615371546,2.813846284534,
    58.636153715466));
#4632 = ELLIPSE('',#4633,4.949747468306,3.5);
#4633 = AXIS2_PLACEMENT_3D('',#4634,#4635,#4636);
#4634 = CARTESIAN_POINT('',(116.9,-0.45,59.9));
#4635 = DIRECTION('',(-0.707106781187,-0.707106781187,-0.));
#4636 = DIRECTION('',(-0.707106781187,0.707106781187,0.));
#4637 = ORIENTED_EDGE('',*,*,#4638,.T.);
#4638 = EDGE_CURVE('',#4630,#4639,#4641,.T.);
#4639 = VERTEX_POINT('',#4640);
#4640 = CARTESIAN_POINT('',(113.59432306478,2.7,58.75));
#4641 = ELLIPSE('',#4642,4.949747468306,3.5);
#4642 = AXIS2_PLACEMENT_3D('',#4643,#4644,#4645);
#4643 = CARTESIAN_POINT('',(116.9,1.55,59.9));
#4644 = DIRECTION('',(0.,0.707106781187,0.707106781187));
#4645 = DIRECTION('',(0.,0.707106781187,-0.707106781187));
#4646 = ORIENTED_EDGE('',*,*,#4647,.F.);
#4647 = EDGE_CURVE('',#2937,#4639,#4648,.T.);
#4648 = LINE('',#4649,#4650);
#4649 = CARTESIAN_POINT('',(113.59432306478,1.79,58.75));
#4650 = VECTOR('',#4651,1.);
#4651 = DIRECTION('',(0.,1.,0.));
#4652 = ORIENTED_EDGE('',*,*,#2944,.T.);
#4653 = ORIENTED_EDGE('',*,*,#4654,.T.);
#4654 = EDGE_CURVE('',#2945,#4655,#4657,.T.);
#4655 = VERTEX_POINT('',#4656);
#4656 = CARTESIAN_POINT('',(113.45,2.4,59.310508693875));
#4657 = LINE('',#4658,#4659);
#4658 = CARTESIAN_POINT('',(113.45,1.79,59.310508693872));
#4659 = VECTOR('',#4660,1.);
#4660 = DIRECTION('',(0.,1.,0.));
#4661 = ORIENTED_EDGE('',*,*,#4662,.T.);
#4662 = EDGE_CURVE('',#4655,#4663,#4665,.T.);
#4663 = VERTEX_POINT('',#4664);
#4664 = CARTESIAN_POINT('',(113.4,2.4,59.9));
#4665 = CIRCLE('',#4666,3.5);
#4666 = AXIS2_PLACEMENT_3D('',#4667,#4668,#4669);
#4667 = CARTESIAN_POINT('',(116.9,2.4,59.9));
#4668 = DIRECTION('',(0.,1.,0.));
#4669 = DIRECTION('',(0.,0.,1.));
#4670 = ORIENTED_EDGE('',*,*,#4671,.T.);
#4671 = EDGE_CURVE('',#4663,#4672,#4674,.T.);
#4672 = VERTEX_POINT('',#4673);
#4673 = CARTESIAN_POINT('',(113.4,12.6,59.9));
#4674 = LINE('',#4675,#4676);
#4675 = CARTESIAN_POINT('',(113.4,1.79,59.9));
#4676 = VECTOR('',#4677,1.);
#4677 = DIRECTION('',(0.,1.,0.));
#4678 = ORIENTED_EDGE('',*,*,#4679,.F.);
#4679 = EDGE_CURVE('',#4613,#4672,#4680,.T.);
#4680 = CIRCLE('',#4681,3.5);
#4681 = AXIS2_PLACEMENT_3D('',#4682,#4683,#4684);
#4682 = CARTESIAN_POINT('',(116.9,12.6,59.9));
#4683 = DIRECTION('',(0.,1.,0.));
#4684 = DIRECTION('',(0.,0.,1.));
#4685 = CYLINDRICAL_SURFACE('',#4686,3.5);
#4686 = AXIS2_PLACEMENT_3D('',#4687,#4688,#4689);
#4687 = CARTESIAN_POINT('',(116.9,1.79,59.9));
#4688 = DIRECTION('',(0.,1.,0.));
#4689 = DIRECTION('',(0.,0.,1.));
#4690 = ADVANCED_FACE('',(#4691),#4709,.F.);
#4691 = FACE_BOUND('',#4692,.F.);
#4692 = EDGE_LOOP('',(#4693,#4694,#4695,#4703));
#4693 = ORIENTED_EDGE('',*,*,#4647,.F.);
#4694 = ORIENTED_EDGE('',*,*,#2936,.F.);
#4695 = ORIENTED_EDGE('',*,*,#4696,.T.);
#4696 = EDGE_CURVE('',#2929,#4697,#4699,.T.);
#4697 = VERTEX_POINT('',#4698);
#4698 = CARTESIAN_POINT('',(113.75,2.7,58.75));
#4699 = LINE('',#4700,#4701);
#4700 = CARTESIAN_POINT('',(113.75,-1.,58.75));
#4701 = VECTOR('',#4702,1.);
#4702 = DIRECTION('',(0.,1.,0.));
#4703 = ORIENTED_EDGE('',*,*,#4704,.F.);
#4704 = EDGE_CURVE('',#4639,#4697,#4705,.T.);
#4705 = LINE('',#4706,#4707);
#4706 = CARTESIAN_POINT('',(93.75,2.7,58.75));
#4707 = VECTOR('',#4708,1.);
#4708 = DIRECTION('',(1.,0.,0.));
#4709 = PLANE('',#4710);
#4710 = AXIS2_PLACEMENT_3D('',#4711,#4712,#4713);
#4711 = CARTESIAN_POINT('',(101.10744301023,7.921067811865,58.75));
#4712 = DIRECTION('',(0.,0.,1.));
#4713 = DIRECTION('',(1.,0.,0.));
#4714 = ADVANCED_FACE('',(#4715),#4726,.T.);
#4715 = FACE_BOUND('',#4716,.T.);
#4716 = EDGE_LOOP('',(#4717,#4718,#4719,#4720));
#4717 = ORIENTED_EDGE('',*,*,#4621,.F.);
#4718 = ORIENTED_EDGE('',*,*,#2928,.F.);
#4719 = ORIENTED_EDGE('',*,*,#4696,.T.);
#4720 = ORIENTED_EDGE('',*,*,#4721,.F.);
#4721 = EDGE_CURVE('',#4622,#4697,#4722,.T.);
#4722 = LINE('',#4723,#4724);
#4723 = CARTESIAN_POINT('',(113.75,2.7,38.75));
#4724 = VECTOR('',#4725,1.);
#4725 = DIRECTION('',(0.,0.,1.));
#4726 = PLANE('',#4727);
#4727 = AXIS2_PLACEMENT_3D('',#4728,#4729,#4730);
#4728 = CARTESIAN_POINT('',(113.75,-1.,38.75));
#4729 = DIRECTION('',(-1.,0.,0.));
#4730 = DIRECTION('',(0.,1.,0.));
#4731 = ADVANCED_FACE('',(#4732),#4743,.F.);
#4732 = FACE_BOUND('',#4733,.F.);
#4733 = EDGE_LOOP('',(#4734,#4735,#4736,#4737));
#4734 = ORIENTED_EDGE('',*,*,#4612,.F.);
#4735 = ORIENTED_EDGE('',*,*,#2911,.F.);
#4736 = ORIENTED_EDGE('',*,*,#3924,.F.);
#4737 = ORIENTED_EDGE('',*,*,#4738,.F.);
#4738 = EDGE_CURVE('',#4613,#3917,#4739,.T.);
#4739 = LINE('',#4740,#4741);
#4740 = CARTESIAN_POINT('',(116.9,12.6,56.4));
#4741 = VECTOR('',#4742,1.);
#4742 = DIRECTION('',(1.,0.,0.));
#4743 = PLANE('',#4744);
#4744 = AXIS2_PLACEMENT_3D('',#4745,#4746,#4747);
#4745 = CARTESIAN_POINT('',(116.9,1.79,56.4));
#4746 = DIRECTION('',(0.,0.,1.));
#4747 = DIRECTION('',(1.,0.,0.));
#4748 = ADVANCED_FACE('',(#4749),#4768,.T.);
#4749 = FACE_BOUND('',#4750,.T.);
#4750 = EDGE_LOOP('',(#4751,#4760,#4766,#4767));
#4751 = ORIENTED_EDGE('',*,*,#4752,.F.);
#4752 = EDGE_CURVE('',#4753,#4753,#4755,.T.);
#4753 = VERTEX_POINT('',#4754);
#4754 = CARTESIAN_POINT('',(98.4,5.8,21.1));
#4755 = CIRCLE('',#4756,0.8);
#4756 = AXIS2_PLACEMENT_3D('',#4757,#4758,#4759);
#4757 = CARTESIAN_POINT('',(98.4,5.8,20.3));
#4758 = DIRECTION('',(0.,1.,0.));
#4759 = DIRECTION('',(0.,0.,1.));
#4760 = ORIENTED_EDGE('',*,*,#4761,.F.);
#4761 = EDGE_CURVE('',#3027,#4753,#4762,.T.);
#4762 = LINE('',#4763,#4764);
#4763 = CARTESIAN_POINT('',(98.4,1.8,21.1));
#4764 = VECTOR('',#4765,1.);
#4765 = DIRECTION('',(0.,1.,0.));
#4766 = ORIENTED_EDGE('',*,*,#3026,.T.);
#4767 = ORIENTED_EDGE('',*,*,#4761,.T.);
#4768 = CYLINDRICAL_SURFACE('',#4769,0.8);
#4769 = AXIS2_PLACEMENT_3D('',#4770,#4771,#4772);
#4770 = CARTESIAN_POINT('',(98.4,1.8,20.3));
#4771 = DIRECTION('',(0.,1.,0.));
#4772 = DIRECTION('',(0.,0.,1.));
#4773 = ADVANCED_FACE('',(#4774),#4793,.T.);
#4774 = FACE_BOUND('',#4775,.T.);
#4775 = EDGE_LOOP('',(#4776,#4785,#4791,#4792));
#4776 = ORIENTED_EDGE('',*,*,#4777,.F.);
#4777 = EDGE_CURVE('',#4778,#4778,#4780,.T.);
#4778 = VERTEX_POINT('',#4779);
#4779 = CARTESIAN_POINT('',(98.4,5.8,11.8));
#4780 = CIRCLE('',#4781,0.8);
#4781 = AXIS2_PLACEMENT_3D('',#4782,#4783,#4784);
#4782 = CARTESIAN_POINT('',(98.4,5.8,11.));
#4783 = DIRECTION('',(0.,1.,0.));
#4784 = DIRECTION('',(0.,0.,1.));
#4785 = ORIENTED_EDGE('',*,*,#4786,.F.);
#4786 = EDGE_CURVE('',#3038,#4778,#4787,.T.);
#4787 = LINE('',#4788,#4789);
#4788 = CARTESIAN_POINT('',(98.4,1.8,11.8));
#4789 = VECTOR('',#4790,1.);
#4790 = DIRECTION('',(0.,1.,0.));
#4791 = ORIENTED_EDGE('',*,*,#3037,.T.);
#4792 = ORIENTED_EDGE('',*,*,#4786,.T.);
#4793 = CYLINDRICAL_SURFACE('',#4794,0.8);
#4794 = AXIS2_PLACEMENT_3D('',#4795,#4796,#4797);
#4795 = CARTESIAN_POINT('',(98.4,1.8,11.));
#4796 = DIRECTION('',(0.,1.,0.));
#4797 = DIRECTION('',(0.,0.,1.));
#4798 = ADVANCED_FACE('',(#4799),#4834,.T.);
#4799 = FACE_BOUND('',#4800,.T.);
#4800 = EDGE_LOOP('',(#4801,#4802,#4808,#4809,#4817,#4826,#4832,#4833));
#4801 = ORIENTED_EDGE('',*,*,#3051,.T.);
#4802 = ORIENTED_EDGE('',*,*,#4803,.T.);
#4803 = EDGE_CURVE('',#3052,#3071,#4804,.T.);
#4804 = LINE('',#4805,#4806);
#4805 = CARTESIAN_POINT('',(111.4,1.79,14.1));
#4806 = VECTOR('',#4807,1.);
#4807 = DIRECTION('',(0.,1.,0.));
#4808 = ORIENTED_EDGE('',*,*,#3068,.F.);
#4809 = ORIENTED_EDGE('',*,*,#4810,.F.);
#4810 = EDGE_CURVE('',#4811,#3069,#4813,.T.);
#4811 = VERTEX_POINT('',#4812);
#4812 = CARTESIAN_POINT('',(112.87309198626,2.5,11.));
#4813 = LINE('',#4814,#4815);
#4814 = CARTESIAN_POINT('',(112.87309198626,1.79,11.));
#4815 = VECTOR('',#4816,1.);
#4816 = DIRECTION('',(0.,1.,0.));
#4817 = ORIENTED_EDGE('',*,*,#4818,.F.);
#4818 = EDGE_CURVE('',#4819,#4811,#4821,.T.);
#4819 = VERTEX_POINT('',#4820);
#4820 = CARTESIAN_POINT('',(112.85,2.5,13.427802915783));
#4821 = CIRCLE('',#4822,1.9);
#4822 = AXIS2_PLACEMENT_3D('',#4823,#4824,#4825);
#4823 = CARTESIAN_POINT('',(111.4,2.5,12.2));
#4824 = DIRECTION('',(0.,1.,0.));
#4825 = DIRECTION('',(0.,0.,1.));
#4826 = ORIENTED_EDGE('',*,*,#4827,.T.);
#4827 = EDGE_CURVE('',#4819,#3080,#4828,.T.);
#4828 = LINE('',#4829,#4830);
#4829 = CARTESIAN_POINT('',(112.85,1.79,13.427802915781));
#4830 = VECTOR('',#4831,1.);
#4831 = DIRECTION('',(0.,1.,0.));
#4832 = ORIENTED_EDGE('',*,*,#3079,.F.);
#4833 = ORIENTED_EDGE('',*,*,#4803,.F.);
#4834 = CYLINDRICAL_SURFACE('',#4835,1.9);
#4835 = AXIS2_PLACEMENT_3D('',#4836,#4837,#4838);
#4836 = CARTESIAN_POINT('',(111.4,1.79,12.2));
#4837 = DIRECTION('',(0.,1.,0.));
#4838 = DIRECTION('',(0.,0.,1.));
#4839 = ADVANCED_FACE('',(#4840),#4858,.T.);
#4840 = FACE_BOUND('',#4841,.T.);
#4841 = EDGE_LOOP('',(#4842,#4850,#4856,#4857));
#4842 = ORIENTED_EDGE('',*,*,#4843,.F.);
#4843 = EDGE_CURVE('',#4844,#3089,#4846,.T.);
#4844 = VERTEX_POINT('',#4845);
#4845 = CARTESIAN_POINT('',(112.85,2.5,11.));
#4846 = LINE('',#4847,#4848);
#4847 = CARTESIAN_POINT('',(112.85,2.5,11.));
#4848 = VECTOR('',#4849,1.);
#4849 = DIRECTION('',(0.,1.,0.));
#4850 = ORIENTED_EDGE('',*,*,#4851,.T.);
#4851 = EDGE_CURVE('',#4844,#4811,#4852,.T.);
#4852 = LINE('',#4853,#4854);
#4853 = CARTESIAN_POINT('',(112.85,2.5,11.));
#4854 = VECTOR('',#4855,1.);
#4855 = DIRECTION('',(1.,0.,0.));
#4856 = ORIENTED_EDGE('',*,*,#4810,.T.);
#4857 = ORIENTED_EDGE('',*,*,#3096,.F.);
#4858 = PLANE('',#4859);
#4859 = AXIS2_PLACEMENT_3D('',#4860,#4861,#4862);
#4860 = CARTESIAN_POINT('',(112.85,2.5,11.));
#4861 = DIRECTION('',(0.,0.,1.));
#4862 = DIRECTION('',(1.,0.,0.));
#4863 = ADVANCED_FACE('',(#4864),#4875,.T.);
#4864 = FACE_BOUND('',#4865,.T.);
#4865 = EDGE_LOOP('',(#4866,#4867,#4873,#4874));
#4866 = ORIENTED_EDGE('',*,*,#4827,.F.);
#4867 = ORIENTED_EDGE('',*,*,#4868,.F.);
#4868 = EDGE_CURVE('',#4844,#4819,#4869,.T.);
#4869 = LINE('',#4870,#4871);
#4870 = CARTESIAN_POINT('',(112.85,2.5,11.));
#4871 = VECTOR('',#4872,1.);
#4872 = DIRECTION('',(0.,0.,1.));
#4873 = ORIENTED_EDGE('',*,*,#4843,.T.);
#4874 = ORIENTED_EDGE('',*,*,#3088,.F.);
#4875 = PLANE('',#4876);
#4876 = AXIS2_PLACEMENT_3D('',#4877,#4878,#4879);
#4877 = CARTESIAN_POINT('',(112.85,2.5,11.));
#4878 = DIRECTION('',(1.,0.,0.));
#4879 = DIRECTION('',(0.,0.,1.));
#4880 = ADVANCED_FACE('',(#4881),#4897,.T.);
#4881 = FACE_BOUND('',#4882,.T.);
#4882 = EDGE_LOOP('',(#4883,#4889,#4890,#4896));
#4883 = ORIENTED_EDGE('',*,*,#4884,.F.);
#4884 = EDGE_CURVE('',#3986,#3252,#4885,.T.);
#4885 = LINE('',#4886,#4887);
#4886 = CARTESIAN_POINT('',(119.1,6.05,18.41));
#4887 = VECTOR('',#4888,1.);
#4888 = DIRECTION('',(1.,0.,0.));
#4889 = ORIENTED_EDGE('',*,*,#3994,.T.);
#4890 = ORIENTED_EDGE('',*,*,#4891,.T.);
#4891 = EDGE_CURVE('',#3933,#3250,#4892,.T.);
#4892 = LINE('',#4893,#4894);
#4893 = CARTESIAN_POINT('',(119.1,6.05,12.89));
#4894 = VECTOR('',#4895,1.);
#4895 = DIRECTION('',(1.,0.,0.));
#4896 = ORIENTED_EDGE('',*,*,#3249,.T.);
#4897 = PLANE('',#4898);
#4898 = AXIS2_PLACEMENT_3D('',#4899,#4900,#4901);
#4899 = CARTESIAN_POINT('',(119.1,6.05,12.89));
#4900 = DIRECTION('',(0.,-1.,0.));
#4901 = DIRECTION('',(0.,0.,1.));
#4902 = ADVANCED_FACE('',(#4903),#4914,.F.);
#4903 = FACE_BOUND('',#4904,.T.);
#4904 = EDGE_LOOP('',(#4905,#4911,#4912,#4913));
#4905 = ORIENTED_EDGE('',*,*,#4906,.F.);
#4906 = EDGE_CURVE('',#3978,#3303,#4907,.T.);
#4907 = LINE('',#4908,#4909);
#4908 = CARTESIAN_POINT('',(119.1,4.31,20.15));
#4909 = VECTOR('',#4910,1.);
#4910 = DIRECTION('',(1.,0.,0.));
#4911 = ORIENTED_EDGE('',*,*,#3985,.T.);
#4912 = ORIENTED_EDGE('',*,*,#4884,.T.);
#4913 = ORIENTED_EDGE('',*,*,#3310,.F.);
#4914 = CYLINDRICAL_SURFACE('',#4915,1.74);
#4915 = AXIS2_PLACEMENT_3D('',#4916,#4917,#4918);
#4916 = CARTESIAN_POINT('',(119.1,4.31,18.41));
#4917 = DIRECTION('',(-1.,1.110223024625E-16,0.));
#4918 = DIRECTION('',(1.110223024625E-16,1.,2.041789470575E-15));
#4919 = ADVANCED_FACE('',(#4920),#4931,.T.);
#4920 = FACE_BOUND('',#4921,.T.);
#4921 = EDGE_LOOP('',(#4922,#4928,#4929,#4930));
#4922 = ORIENTED_EDGE('',*,*,#4923,.F.);
#4923 = EDGE_CURVE('',#3969,#3294,#4924,.T.);
#4924 = LINE('',#4925,#4926);
#4925 = CARTESIAN_POINT('',(119.1,4.29,20.15));
#4926 = VECTOR('',#4927,1.);
#4927 = DIRECTION('',(1.,0.,0.));
#4928 = ORIENTED_EDGE('',*,*,#3977,.T.);
#4929 = ORIENTED_EDGE('',*,*,#4906,.T.);
#4930 = ORIENTED_EDGE('',*,*,#3302,.T.);
#4931 = PLANE('',#4932);
#4932 = AXIS2_PLACEMENT_3D('',#4933,#4934,#4935);
#4933 = CARTESIAN_POINT('',(119.1,4.31,20.15));
#4934 = DIRECTION('',(0.,0.,-1.));
#4935 = DIRECTION('',(-1.110223024625E-16,-1.,0.));
#4936 = ADVANCED_FACE('',(#4937),#4948,.F.);
#4937 = FACE_BOUND('',#4938,.T.);
#4938 = EDGE_LOOP('',(#4939,#4945,#4946,#4947));
#4939 = ORIENTED_EDGE('',*,*,#4940,.F.);
#4940 = EDGE_CURVE('',#3961,#3286,#4941,.T.);
#4941 = LINE('',#4942,#4943);
#4942 = CARTESIAN_POINT('',(119.1,2.55,18.41));
#4943 = VECTOR('',#4944,1.);
#4944 = DIRECTION('',(1.,0.,0.));
#4945 = ORIENTED_EDGE('',*,*,#3968,.T.);
#4946 = ORIENTED_EDGE('',*,*,#4923,.T.);
#4947 = ORIENTED_EDGE('',*,*,#3293,.F.);
#4948 = CYLINDRICAL_SURFACE('',#4949,1.74);
#4949 = AXIS2_PLACEMENT_3D('',#4950,#4951,#4952);
#4950 = CARTESIAN_POINT('',(119.1,4.29,18.41));
#4951 = DIRECTION('',(-1.,1.110223024625E-16,0.));
#4952 = DIRECTION('',(-2.408519286774E-31,-2.169401312486E-15,1.));
#4953 = ADVANCED_FACE('',(#4954),#4965,.T.);
#4954 = FACE_BOUND('',#4955,.T.);
#4955 = EDGE_LOOP('',(#4956,#4962,#4963,#4964));
#4956 = ORIENTED_EDGE('',*,*,#4957,.F.);
#4957 = EDGE_CURVE('',#3952,#3277,#4958,.T.);
#4958 = LINE('',#4959,#4960);
#4959 = CARTESIAN_POINT('',(119.1,2.55,12.89));
#4960 = VECTOR('',#4961,1.);
#4961 = DIRECTION('',(1.,0.,0.));
#4962 = ORIENTED_EDGE('',*,*,#3960,.T.);
#4963 = ORIENTED_EDGE('',*,*,#4940,.T.);
#4964 = ORIENTED_EDGE('',*,*,#3285,.T.);
#4965 = PLANE('',#4966);
#4966 = AXIS2_PLACEMENT_3D('',#4967,#4968,#4969);
#4967 = CARTESIAN_POINT('',(119.1,2.55,18.41));
#4968 = DIRECTION('',(0.,1.,0.));
#4969 = DIRECTION('',(0.,0.,-1.));
#4970 = ADVANCED_FACE('',(#4971),#4982,.F.);
#4971 = FACE_BOUND('',#4972,.T.);
#4972 = EDGE_LOOP('',(#4973,#4979,#4980,#4981));
#4973 = ORIENTED_EDGE('',*,*,#4974,.F.);
#4974 = EDGE_CURVE('',#3944,#3269,#4975,.T.);
#4975 = LINE('',#4976,#4977);
#4976 = CARTESIAN_POINT('',(119.1,4.29,11.15));
#4977 = VECTOR('',#4978,1.);
#4978 = DIRECTION('',(1.,0.,0.));
#4979 = ORIENTED_EDGE('',*,*,#3951,.T.);
#4980 = ORIENTED_EDGE('',*,*,#4957,.T.);
#4981 = ORIENTED_EDGE('',*,*,#3276,.F.);
#4982 = CYLINDRICAL_SURFACE('',#4983,1.74);
#4983 = AXIS2_PLACEMENT_3D('',#4984,#4985,#4986);
#4984 = CARTESIAN_POINT('',(119.1,4.29,12.89));
#4985 = DIRECTION('',(-1.,1.110223024625E-16,0.));
#4986 = DIRECTION('',(-1.110223024625E-16,-1.,0.));
#4987 = ADVANCED_FACE('',(#4988),#4999,.T.);
#4988 = FACE_BOUND('',#4989,.T.);
#4989 = EDGE_LOOP('',(#4990,#4996,#4997,#4998));
#4990 = ORIENTED_EDGE('',*,*,#4991,.F.);
#4991 = EDGE_CURVE('',#3935,#3260,#4992,.T.);
#4992 = LINE('',#4993,#4994);
#4993 = CARTESIAN_POINT('',(119.1,4.31,11.15));
#4994 = VECTOR('',#4995,1.);
#4995 = DIRECTION('',(1.,0.,0.));
#4996 = ORIENTED_EDGE('',*,*,#3943,.T.);
#4997 = ORIENTED_EDGE('',*,*,#4974,.T.);
#4998 = ORIENTED_EDGE('',*,*,#3268,.T.);
#4999 = PLANE('',#5000);
#5000 = AXIS2_PLACEMENT_3D('',#5001,#5002,#5003);
#5001 = CARTESIAN_POINT('',(119.1,4.29,11.15));
#5002 = DIRECTION('',(0.,0.,1.));
#5003 = DIRECTION('',(1.110223024625E-16,1.,0.));
#5004 = ADVANCED_FACE('',(#5005),#5011,.F.);
#5005 = FACE_BOUND('',#5006,.T.);
#5006 = EDGE_LOOP('',(#5007,#5008,#5009,#5010));
#5007 = ORIENTED_EDGE('',*,*,#4891,.F.);
#5008 = ORIENTED_EDGE('',*,*,#3932,.T.);
#5009 = ORIENTED_EDGE('',*,*,#4991,.T.);
#5010 = ORIENTED_EDGE('',*,*,#3259,.F.);
#5011 = CYLINDRICAL_SURFACE('',#5012,1.74);
#5012 = AXIS2_PLACEMENT_3D('',#5013,#5014,#5015);
#5013 = CARTESIAN_POINT('',(119.1,4.31,12.89));
#5014 = DIRECTION('',(-1.,1.110223024625E-16,0.));
#5015 = DIRECTION('',(-3.541940127609E-33,-3.190296047773E-17,-1.));
#5016 = ADVANCED_FACE('',(#5017),#5049,.T.);
#5017 = FACE_BOUND('',#5018,.T.);
#5018 = EDGE_LOOP('',(#5019,#5029,#5035,#5036,#5042,#5043));
#5019 = ORIENTED_EDGE('',*,*,#5020,.F.);
#5020 = EDGE_CURVE('',#5021,#5023,#5025,.T.);
#5021 = VERTEX_POINT('',#5022);
#5022 = CARTESIAN_POINT('',(112.85,2.4,27.45));
#5023 = VERTEX_POINT('',#5024);
#5024 = CARTESIAN_POINT('',(113.45,2.4,27.45));
#5025 = LINE('',#5026,#5027);
#5026 = CARTESIAN_POINT('',(112.85,2.4,27.45));
#5027 = VECTOR('',#5028,1.);
#5028 = DIRECTION('',(1.,0.,0.));
#5029 = ORIENTED_EDGE('',*,*,#5030,.T.);
#5030 = EDGE_CURVE('',#5021,#3506,#5031,.T.);
#5031 = LINE('',#5032,#5033);
#5032 = CARTESIAN_POINT('',(112.85,2.4,27.45));
#5033 = VECTOR('',#5034,1.);
#5034 = DIRECTION('',(0.,0.,1.));
#5035 = ORIENTED_EDGE('',*,*,#3503,.F.);
#5036 = ORIENTED_EDGE('',*,*,#5037,.T.);
#5037 = EDGE_CURVE('',#3504,#4663,#5038,.T.);
#5038 = LINE('',#5039,#5040);
#5039 = CARTESIAN_POINT('',(113.4,2.4,43.675));
#5040 = VECTOR('',#5041,1.);
#5041 = DIRECTION('',(0.,0.,-1.));
#5042 = ORIENTED_EDGE('',*,*,#4662,.F.);
#5043 = ORIENTED_EDGE('',*,*,#5044,.F.);
#5044 = EDGE_CURVE('',#5023,#4655,#5045,.T.);
#5045 = LINE('',#5046,#5047);
#5046 = CARTESIAN_POINT('',(113.45,2.4,27.45));
#5047 = VECTOR('',#5048,1.);
#5048 = DIRECTION('',(0.,0.,1.));
#5049 = PLANE('',#5050);
#5050 = AXIS2_PLACEMENT_3D('',#5051,#5052,#5053);
#5051 = CARTESIAN_POINT('',(112.85,2.4,27.45));
#5052 = DIRECTION('',(0.,1.,0.));
#5053 = DIRECTION('',(0.,0.,1.));
#5054 = ADVANCED_FACE('',(#5055),#5073,.F.);
#5055 = FACE_BOUND('',#5056,.F.);
#5056 = EDGE_LOOP('',(#5057,#5065,#5071,#5072));
#5057 = ORIENTED_EDGE('',*,*,#5058,.F.);
#5058 = EDGE_CURVE('',#5059,#3570,#5061,.T.);
#5059 = VERTEX_POINT('',#5060);
#5060 = CARTESIAN_POINT('',(112.85,1.8,27.45));
#5061 = LINE('',#5062,#5063);
#5062 = CARTESIAN_POINT('',(112.85,1.8,30.1));
#5063 = VECTOR('',#5064,1.);
#5064 = DIRECTION('',(0.,0.,1.));
#5065 = ORIENTED_EDGE('',*,*,#5066,.T.);
#5066 = EDGE_CURVE('',#5059,#5021,#5067,.T.);
#5067 = LINE('',#5068,#5069);
#5068 = CARTESIAN_POINT('',(112.85,1.79,27.45));
#5069 = VECTOR('',#5070,1.);
#5070 = DIRECTION('',(0.,1.,0.));
#5071 = ORIENTED_EDGE('',*,*,#5030,.T.);
#5072 = ORIENTED_EDGE('',*,*,#3577,.F.);
#5073 = PLANE('',#5074);
#5074 = AXIS2_PLACEMENT_3D('',#5075,#5076,#5077);
#5075 = CARTESIAN_POINT('',(112.85,1.79,27.45));
#5076 = DIRECTION('',(1.,0.,0.));
#5077 = DIRECTION('',(0.,0.,1.));
#5078 = ADVANCED_FACE('',(#5079),#5104,.F.);
#5079 = FACE_BOUND('',#5080,.F.);
#5080 = EDGE_LOOP('',(#5081,#5089,#5090,#5098));
#5081 = ORIENTED_EDGE('',*,*,#5082,.F.);
#5082 = EDGE_CURVE('',#3562,#5083,#5085,.T.);
#5083 = VERTEX_POINT('',#5084);
#5084 = CARTESIAN_POINT('',(112.8,1.8,63.11));
#5085 = LINE('',#5086,#5087);
#5086 = CARTESIAN_POINT('',(112.8,1.8,27.45));
#5087 = VECTOR('',#5088,1.);
#5088 = DIRECTION('',(0.,0.,1.));
#5089 = ORIENTED_EDGE('',*,*,#3561,.T.);
#5090 = ORIENTED_EDGE('',*,*,#5091,.T.);
#5091 = EDGE_CURVE('',#3554,#5092,#5094,.T.);
#5092 = VERTEX_POINT('',#5093);
#5093 = CARTESIAN_POINT('',(112.8,2.4,63.11));
#5094 = LINE('',#5095,#5096);
#5095 = CARTESIAN_POINT('',(112.8,2.4,27.45));
#5096 = VECTOR('',#5097,1.);
#5097 = DIRECTION('',(0.,0.,1.));
#5098 = ORIENTED_EDGE('',*,*,#5099,.F.);
#5099 = EDGE_CURVE('',#5083,#5092,#5100,.T.);
#5100 = LINE('',#5101,#5102);
#5101 = CARTESIAN_POINT('',(112.8,1.8,63.11));
#5102 = VECTOR('',#5103,1.);
#5103 = DIRECTION('',(0.,1.,0.));
#5104 = PLANE('',#5105);
#5105 = AXIS2_PLACEMENT_3D('',#5106,#5107,#5108);
#5106 = CARTESIAN_POINT('',(112.8,1.8,27.45));
#5107 = DIRECTION('',(1.,0.,0.));
#5108 = DIRECTION('',(0.,0.,1.));
#5109 = ADVANCED_FACE('',(#5110),#5128,.F.);
#5110 = FACE_BOUND('',#5111,.F.);
#5111 = EDGE_LOOP('',(#5112,#5113,#5121,#5127));
#5112 = ORIENTED_EDGE('',*,*,#3553,.T.);
#5113 = ORIENTED_EDGE('',*,*,#5114,.T.);
#5114 = EDGE_CURVE('',#3546,#5115,#5117,.T.);
#5115 = VERTEX_POINT('',#5116);
#5116 = CARTESIAN_POINT('',(89.4,2.4,63.11));
#5117 = LINE('',#5118,#5119);
#5118 = CARTESIAN_POINT('',(89.4,2.4,27.45));
#5119 = VECTOR('',#5120,1.);
#5120 = DIRECTION('',(0.,0.,1.));
#5121 = ORIENTED_EDGE('',*,*,#5122,.T.);
#5122 = EDGE_CURVE('',#5115,#5092,#5123,.T.);
#5123 = LINE('',#5124,#5125);
#5124 = CARTESIAN_POINT('',(89.4,2.4,63.11));
#5125 = VECTOR('',#5126,1.);
#5126 = DIRECTION('',(1.,0.,0.));
#5127 = ORIENTED_EDGE('',*,*,#5091,.F.);
#5128 = PLANE('',#5129);
#5129 = AXIS2_PLACEMENT_3D('',#5130,#5131,#5132);
#5130 = CARTESIAN_POINT('',(89.4,2.4,27.45));
#5131 = DIRECTION('',(0.,1.,0.));
#5132 = DIRECTION('',(0.,0.,1.));
#5133 = ADVANCED_FACE('',(#5134),#5152,.T.);
#5134 = FACE_BOUND('',#5135,.T.);
#5135 = EDGE_LOOP('',(#5136,#5144,#5145,#5146));
#5136 = ORIENTED_EDGE('',*,*,#5137,.F.);
#5137 = EDGE_CURVE('',#3538,#5138,#5140,.T.);
#5138 = VERTEX_POINT('',#5139);
#5139 = CARTESIAN_POINT('',(89.4,1.8,63.11));
#5140 = LINE('',#5141,#5142);
#5141 = CARTESIAN_POINT('',(89.4,1.8,27.45));
#5142 = VECTOR('',#5143,1.);
#5143 = DIRECTION('',(0.,0.,1.));
#5144 = ORIENTED_EDGE('',*,*,#3545,.T.);
#5145 = ORIENTED_EDGE('',*,*,#5114,.T.);
#5146 = ORIENTED_EDGE('',*,*,#5147,.F.);
#5147 = EDGE_CURVE('',#5138,#5115,#5148,.T.);
#5148 = LINE('',#5149,#5150);
#5149 = CARTESIAN_POINT('',(89.4,1.8,63.11));
#5150 = VECTOR('',#5151,1.);
#5151 = DIRECTION('',(0.,1.,0.));
#5152 = PLANE('',#5153);
#5153 = AXIS2_PLACEMENT_3D('',#5154,#5155,#5156);
#5154 = CARTESIAN_POINT('',(89.4,1.8,27.45));
#5155 = DIRECTION('',(1.,0.,0.));
#5156 = DIRECTION('',(0.,0.,1.));
#5157 = ADVANCED_FACE('',(#5158),#5169,.F.);
#5158 = FACE_BOUND('',#5159,.F.);
#5159 = EDGE_LOOP('',(#5160,#5161,#5162,#5168));
#5160 = ORIENTED_EDGE('',*,*,#5037,.T.);
#5161 = ORIENTED_EDGE('',*,*,#4671,.T.);
#5162 = ORIENTED_EDGE('',*,*,#5163,.T.);
#5163 = EDGE_CURVE('',#4672,#3514,#5164,.T.);
#5164 = LINE('',#5165,#5166);
#5165 = CARTESIAN_POINT('',(113.4,12.6,59.9));
#5166 = VECTOR('',#5167,1.);
#5167 = DIRECTION('',(0.,0.,1.));
#5168 = ORIENTED_EDGE('',*,*,#3513,.F.);
#5169 = PLANE('',#5170);
#5170 = AXIS2_PLACEMENT_3D('',#5171,#5172,#5173);
#5171 = CARTESIAN_POINT('',(113.4,1.79,59.9));
#5172 = DIRECTION('',(1.,0.,0.));
#5173 = DIRECTION('',(0.,0.,1.));
#5174 = ADVANCED_FACE('',(#5175),#5193,.T.);
#5175 = FACE_BOUND('',#5176,.T.);
#5176 = EDGE_LOOP('',(#5177,#5178,#5179,#5187));
#5177 = ORIENTED_EDGE('',*,*,#4502,.F.);
#5178 = ORIENTED_EDGE('',*,*,#3481,.F.);
#5179 = ORIENTED_EDGE('',*,*,#5180,.T.);
#5180 = EDGE_CURVE('',#3482,#5181,#5183,.T.);
#5181 = VERTEX_POINT('',#5182);
#5182 = CARTESIAN_POINT('',(95.25,7.7,25.95));
#5183 = LINE('',#5184,#5185);
#5184 = CARTESIAN_POINT('',(95.25,7.7,2.39));
#5185 = VECTOR('',#5186,1.);
#5186 = DIRECTION('',(0.,0.,1.));
#5187 = ORIENTED_EDGE('',*,*,#5188,.T.);
#5188 = EDGE_CURVE('',#5181,#4503,#5189,.T.);
#5189 = LINE('',#5190,#5191);
#5190 = CARTESIAN_POINT('',(95.25,7.7,25.95));
#5191 = VECTOR('',#5192,1.);
#5192 = DIRECTION('',(1.,0.,0.));
#5193 = PLANE('',#5194);
#5194 = AXIS2_PLACEMENT_3D('',#5195,#5196,#5197);
#5195 = CARTESIAN_POINT('',(95.25,7.7,2.39));
#5196 = DIRECTION('',(0.,1.,0.));
#5197 = DIRECTION('',(0.,0.,1.));
#5198 = ADVANCED_FACE('',(#5199),#5205,.T.);
#5199 = FACE_BOUND('',#5200,.T.);
#5200 = EDGE_LOOP('',(#5201,#5202,#5203,#5204));
#5201 = ORIENTED_EDGE('',*,*,#4447,.F.);
#5202 = ORIENTED_EDGE('',*,*,#3465,.F.);
#5203 = ORIENTED_EDGE('',*,*,#4495,.T.);
#5204 = ORIENTED_EDGE('',*,*,#4479,.T.);
#5205 = PLANE('',#5206);
#5206 = AXIS2_PLACEMENT_3D('',#5207,#5208,#5209);
#5207 = CARTESIAN_POINT('',(95.25,7.3,2.39));
#5208 = DIRECTION('',(0.,1.,0.));
#5209 = DIRECTION('',(0.,0.,1.));
#5210 = ADVANCED_FACE('',(#5211),#5222,.T.);
#5211 = FACE_BOUND('',#5212,.T.);
#5212 = EDGE_LOOP('',(#5213,#5214,#5215,#5221));
#5213 = ORIENTED_EDGE('',*,*,#4550,.F.);
#5214 = ORIENTED_EDGE('',*,*,#4518,.T.);
#5215 = ORIENTED_EDGE('',*,*,#5216,.T.);
#5216 = EDGE_CURVE('',#4511,#4567,#5217,.T.);
#5217 = LINE('',#5218,#5219);
#5218 = CARTESIAN_POINT('',(95.25,7.3,25.95));
#5219 = VECTOR('',#5220,1.);
#5220 = DIRECTION('',(1.,0.,0.));
#5221 = ORIENTED_EDGE('',*,*,#4566,.F.);
#5222 = PLANE('',#5223);
#5223 = AXIS2_PLACEMENT_3D('',#5224,#5225,#5226);
#5224 = CARTESIAN_POINT('',(95.25,7.3,24.75));
#5225 = DIRECTION('',(0.,1.,0.));
#5226 = DIRECTION('',(0.,0.,1.));
#5227 = ADVANCED_FACE('',(#5228),#5238,.F.);
#5228 = FACE_BOUND('',#5229,.F.);
#5229 = EDGE_LOOP('',(#5230,#5231,#5232));
#5230 = ORIENTED_EDGE('',*,*,#4638,.T.);
#5231 = ORIENTED_EDGE('',*,*,#4704,.T.);
#5232 = ORIENTED_EDGE('',*,*,#5233,.T.);
#5233 = EDGE_CURVE('',#4697,#4630,#5234,.T.);
#5234 = LINE('',#5235,#5236);
#5235 = CARTESIAN_POINT('',(107.08333333333,9.366666666667,
    52.083333333333));
#5236 = VECTOR('',#5237,1.);
#5237 = DIRECTION('',(-0.57735026919,0.57735026919,-0.57735026919));
#5238 = PLANE('',#5239);
#5239 = AXIS2_PLACEMENT_3D('',#5240,#5241,#5242);
#5240 = CARTESIAN_POINT('',(93.75,2.7,58.75));
#5241 = DIRECTION('',(0.,0.707106781187,0.707106781187));
#5242 = DIRECTION('',(0.,0.707106781187,-0.707106781187));
#5243 = ADVANCED_FACE('',(#5244),#5249,.T.);
#5244 = FACE_BOUND('',#5245,.T.);
#5245 = EDGE_LOOP('',(#5246,#5247,#5248));
#5246 = ORIENTED_EDGE('',*,*,#4629,.T.);
#5247 = ORIENTED_EDGE('',*,*,#4721,.T.);
#5248 = ORIENTED_EDGE('',*,*,#5233,.T.);
#5249 = PLANE('',#5250);
#5250 = AXIS2_PLACEMENT_3D('',#5251,#5252,#5253);
#5251 = CARTESIAN_POINT('',(113.75,2.7,38.75));
#5252 = DIRECTION('',(-0.707106781187,-0.707106781187,0.));
#5253 = DIRECTION('',(-0.707106781187,0.707106781187,0.));
#5254 = ADVANCED_FACE('',(#5255),#5258,.T.);
#5255 = FACE_BOUND('',#5256,.T.);
#5256 = EDGE_LOOP('',(#5257));
#5257 = ORIENTED_EDGE('',*,*,#4752,.T.);
#5258 = PLANE('',#5259);
#5259 = AXIS2_PLACEMENT_3D('',#5260,#5261,#5262);
#5260 = CARTESIAN_POINT('',(98.4,5.8,20.3));
#5261 = DIRECTION('',(0.,1.,0.));
#5262 = DIRECTION('',(0.,0.,1.));
#5263 = ADVANCED_FACE('',(#5264),#5267,.T.);
#5264 = FACE_BOUND('',#5265,.T.);
#5265 = EDGE_LOOP('',(#5266));
#5266 = ORIENTED_EDGE('',*,*,#4777,.T.);
#5267 = PLANE('',#5268);
#5268 = AXIS2_PLACEMENT_3D('',#5269,#5270,#5271);
#5269 = CARTESIAN_POINT('',(98.4,5.8,11.));
#5270 = DIRECTION('',(0.,1.,0.));
#5271 = DIRECTION('',(0.,0.,1.));
#5272 = ADVANCED_FACE('',(#5273),#5278,.T.);
#5273 = FACE_BOUND('',#5274,.T.);
#5274 = EDGE_LOOP('',(#5275,#5276,#5277));
#5275 = ORIENTED_EDGE('',*,*,#4851,.F.);
#5276 = ORIENTED_EDGE('',*,*,#4868,.T.);
#5277 = ORIENTED_EDGE('',*,*,#4818,.T.);
#5278 = PLANE('',#5279);
#5279 = AXIS2_PLACEMENT_3D('',#5280,#5281,#5282);
#5280 = CARTESIAN_POINT('',(112.85,2.5,11.));
#5281 = DIRECTION('',(0.,1.,0.));
#5282 = DIRECTION('',(0.,0.,1.));
#5283 = ADVANCED_FACE('',(#5284),#5295,.F.);
#5284 = FACE_BOUND('',#5285,.F.);
#5285 = EDGE_LOOP('',(#5286,#5287,#5293,#5294));
#5286 = ORIENTED_EDGE('',*,*,#5147,.F.);
#5287 = ORIENTED_EDGE('',*,*,#5288,.T.);
#5288 = EDGE_CURVE('',#5138,#5083,#5289,.T.);
#5289 = LINE('',#5290,#5291);
#5290 = CARTESIAN_POINT('',(89.4,1.8,63.11));
#5291 = VECTOR('',#5292,1.);
#5292 = DIRECTION('',(1.,0.,0.));
#5293 = ORIENTED_EDGE('',*,*,#5099,.T.);
#5294 = ORIENTED_EDGE('',*,*,#5122,.F.);
#5295 = PLANE('',#5296);
#5296 = AXIS2_PLACEMENT_3D('',#5297,#5298,#5299);
#5297 = CARTESIAN_POINT('',(89.4,1.8,63.11));
#5298 = DIRECTION('',(0.,0.,1.));
#5299 = DIRECTION('',(1.,0.,0.));
#5300 = ADVANCED_FACE('',(#5301,#5313,#5325),#5363,.T.);
#5301 = FACE_BOUND('',#5302,.T.);
#5302 = EDGE_LOOP('',(#5303,#5304,#5305,#5306,#5307,#5308,#5309,#5310,
    #5311,#5312));
#5303 = ORIENTED_EDGE('',*,*,#1262,.F.);
#5304 = ORIENTED_EDGE('',*,*,#1221,.F.);
#5305 = ORIENTED_EDGE('',*,*,#2467,.F.);
#5306 = ORIENTED_EDGE('',*,*,#3400,.F.);
#5307 = ORIENTED_EDGE('',*,*,#3178,.F.);
#5308 = ORIENTED_EDGE('',*,*,#3187,.F.);
#5309 = ORIENTED_EDGE('',*,*,#3113,.F.);
#5310 = ORIENTED_EDGE('',*,*,#1832,.F.);
#5311 = ORIENTED_EDGE('',*,*,#1807,.F.);
#5312 = ORIENTED_EDGE('',*,*,#1068,.F.);
#5313 = FACE_BOUND('',#5314,.T.);
#5314 = EDGE_LOOP('',(#5315,#5316,#5317,#5318,#5319,#5320,#5321,#5322,
    #5323,#5324));
#5315 = ORIENTED_EDGE('',*,*,#3521,.F.);
#5316 = ORIENTED_EDGE('',*,*,#3811,.T.);
#5317 = ORIENTED_EDGE('',*,*,#3843,.F.);
#5318 = ORIENTED_EDGE('',*,*,#3873,.T.);
#5319 = ORIENTED_EDGE('',*,*,#3442,.F.);
#5320 = ORIENTED_EDGE('',*,*,#3891,.T.);
#5321 = ORIENTED_EDGE('',*,*,#3916,.F.);
#5322 = ORIENTED_EDGE('',*,*,#4738,.F.);
#5323 = ORIENTED_EDGE('',*,*,#4679,.T.);
#5324 = ORIENTED_EDGE('',*,*,#5163,.T.);
#5325 = FACE_BOUND('',#5326,.T.);
#5326 = EDGE_LOOP('',(#5327,#5338,#5347,#5356));
#5327 = ORIENTED_EDGE('',*,*,#5328,.F.);
#5328 = EDGE_CURVE('',#5329,#5331,#5333,.T.);
#5329 = VERTEX_POINT('',#5330);
#5330 = CARTESIAN_POINT('',(118.49999999999,12.6,59.9));
#5331 = VERTEX_POINT('',#5332);
#5332 = CARTESIAN_POINT('',(116.9,12.6,58.300000000001));
#5333 = CIRCLE('',#5334,1.6);
#5334 = AXIS2_PLACEMENT_3D('',#5335,#5336,#5337);
#5335 = CARTESIAN_POINT('',(116.9,12.6,59.9));
#5336 = DIRECTION('',(0.,1.,0.));
#5337 = DIRECTION('',(0.,0.,1.));
#5338 = ORIENTED_EDGE('',*,*,#5339,.F.);
#5339 = EDGE_CURVE('',#5340,#5329,#5342,.T.);
#5340 = VERTEX_POINT('',#5341);
#5341 = CARTESIAN_POINT('',(116.9,12.6,61.5));
#5342 = CIRCLE('',#5343,1.6);
#5343 = AXIS2_PLACEMENT_3D('',#5344,#5345,#5346);
#5344 = CARTESIAN_POINT('',(116.9,12.6,59.9));
#5345 = DIRECTION('',(0.,1.,0.));
#5346 = DIRECTION('',(0.,0.,1.));
#5347 = ORIENTED_EDGE('',*,*,#5348,.F.);
#5348 = EDGE_CURVE('',#5349,#5340,#5351,.T.);
#5349 = VERTEX_POINT('',#5350);
#5350 = CARTESIAN_POINT('',(115.3,12.6,59.9));
#5351 = CIRCLE('',#5352,1.6);
#5352 = AXIS2_PLACEMENT_3D('',#5353,#5354,#5355);
#5353 = CARTESIAN_POINT('',(116.9,12.6,59.9));
#5354 = DIRECTION('',(0.,1.,0.));
#5355 = DIRECTION('',(0.,0.,1.));
#5356 = ORIENTED_EDGE('',*,*,#5357,.F.);
#5357 = EDGE_CURVE('',#5331,#5349,#5358,.T.);
#5358 = CIRCLE('',#5359,1.6);
#5359 = AXIS2_PLACEMENT_3D('',#5360,#5361,#5362);
#5360 = CARTESIAN_POINT('',(116.9,12.6,59.9));
#5361 = DIRECTION('',(0.,1.,0.));
#5362 = DIRECTION('',(0.,0.,1.));
#5363 = PLANE('',#5364);
#5364 = AXIS2_PLACEMENT_3D('',#5365,#5366,#5367);
#5365 = CARTESIAN_POINT('',(61.255416661559,12.6,32.752905069275));
#5366 = DIRECTION('',(0.,1.,0.));
#5367 = DIRECTION('',(0.,0.,1.));
#5368 = ADVANCED_FACE('',(#5369),#5391,.F.);
#5369 = FACE_BOUND('',#5370,.F.);
#5370 = EDGE_LOOP('',(#5371,#5372,#5380,#5387,#5388,#5389,#5390));
#5371 = ORIENTED_EDGE('',*,*,#5339,.F.);
#5372 = ORIENTED_EDGE('',*,*,#5373,.F.);
#5373 = EDGE_CURVE('',#5374,#5340,#5376,.T.);
#5374 = VERTEX_POINT('',#5375);
#5375 = CARTESIAN_POINT('',(116.9,9.3,61.5));
#5376 = LINE('',#5377,#5378);
#5377 = CARTESIAN_POINT('',(116.9,9.3,61.5));
#5378 = VECTOR('',#5379,1.);
#5379 = DIRECTION('',(0.,1.,0.));
#5380 = ORIENTED_EDGE('',*,*,#5381,.T.);
#5381 = EDGE_CURVE('',#5374,#5374,#5382,.T.);
#5382 = CIRCLE('',#5383,1.6);
#5383 = AXIS2_PLACEMENT_3D('',#5384,#5385,#5386);
#5384 = CARTESIAN_POINT('',(116.9,9.3,59.9));
#5385 = DIRECTION('',(0.,1.,0.));
#5386 = DIRECTION('',(0.,0.,1.));
#5387 = ORIENTED_EDGE('',*,*,#5373,.T.);
#5388 = ORIENTED_EDGE('',*,*,#5348,.F.);
#5389 = ORIENTED_EDGE('',*,*,#5357,.F.);
#5390 = ORIENTED_EDGE('',*,*,#5328,.F.);
#5391 = CYLINDRICAL_SURFACE('',#5392,1.6);
#5392 = AXIS2_PLACEMENT_3D('',#5393,#5394,#5395);
#5393 = CARTESIAN_POINT('',(116.9,9.3,59.9));
#5394 = DIRECTION('',(0.,1.,0.));
#5395 = DIRECTION('',(0.,0.,1.));
#5396 = ADVANCED_FACE('',(#5397,#5400),#5411,.T.);
#5397 = FACE_BOUND('',#5398,.T.);
#5398 = EDGE_LOOP('',(#5399));
#5399 = ORIENTED_EDGE('',*,*,#5381,.T.);
#5400 = FACE_BOUND('',#5401,.T.);
#5401 = EDGE_LOOP('',(#5402));
#5402 = ORIENTED_EDGE('',*,*,#5403,.F.);
#5403 = EDGE_CURVE('',#5404,#5404,#5406,.T.);
#5404 = VERTEX_POINT('',#5405);
#5405 = CARTESIAN_POINT('',(116.9,9.3,61.25));
#5406 = CIRCLE('',#5407,1.35);
#5407 = AXIS2_PLACEMENT_3D('',#5408,#5409,#5410);
#5408 = CARTESIAN_POINT('',(116.9,9.3,59.9));
#5409 = DIRECTION('',(0.,1.,0.));
#5410 = DIRECTION('',(0.,0.,1.));
#5411 = PLANE('',#5412);
#5412 = AXIS2_PLACEMENT_3D('',#5413,#5414,#5415);
#5413 = CARTESIAN_POINT('',(116.9,9.3,59.9));
#5414 = DIRECTION('',(0.,1.,0.));
#5415 = DIRECTION('',(0.,0.,1.));
#5416 = ADVANCED_FACE('',(#5417),#5436,.F.);
#5417 = FACE_BOUND('',#5418,.F.);
#5418 = EDGE_LOOP('',(#5419,#5420,#5428,#5435));
#5419 = ORIENTED_EDGE('',*,*,#5403,.F.);
#5420 = ORIENTED_EDGE('',*,*,#5421,.F.);
#5421 = EDGE_CURVE('',#5422,#5404,#5424,.T.);
#5422 = VERTEX_POINT('',#5423);
#5423 = CARTESIAN_POINT('',(116.9,6.8,61.25));
#5424 = LINE('',#5425,#5426);
#5425 = CARTESIAN_POINT('',(116.9,6.8,61.25));
#5426 = VECTOR('',#5427,1.);
#5427 = DIRECTION('',(0.,1.,0.));
#5428 = ORIENTED_EDGE('',*,*,#5429,.T.);
#5429 = EDGE_CURVE('',#5422,#5422,#5430,.T.);
#5430 = CIRCLE('',#5431,1.35);
#5431 = AXIS2_PLACEMENT_3D('',#5432,#5433,#5434);
#5432 = CARTESIAN_POINT('',(116.9,6.8,59.9));
#5433 = DIRECTION('',(0.,1.,0.));
#5434 = DIRECTION('',(0.,0.,1.));
#5435 = ORIENTED_EDGE('',*,*,#5421,.T.);
#5436 = CYLINDRICAL_SURFACE('',#5437,1.35);
#5437 = AXIS2_PLACEMENT_3D('',#5438,#5439,#5440);
#5438 = CARTESIAN_POINT('',(116.9,6.8,59.9));
#5439 = DIRECTION('',(0.,1.,0.));
#5440 = DIRECTION('',(0.,0.,1.));
#5441 = ADVANCED_FACE('',(#5442),#5445,.T.);
#5442 = FACE_BOUND('',#5443,.F.);
#5443 = EDGE_LOOP('',(#5444));
#5444 = ORIENTED_EDGE('',*,*,#5429,.F.);
#5445 = PLANE('',#5446);
#5446 = AXIS2_PLACEMENT_3D('',#5447,#5448,#5449);
#5447 = CARTESIAN_POINT('',(116.9,6.8,59.9));
#5448 = DIRECTION('',(0.,1.,0.));
#5449 = DIRECTION('',(0.,0.,1.));
#5450 = ADVANCED_FACE('',(#5451,#5477,#5487,#5497,#5525,#5553),#5581,.T.
  );
#5451 = FACE_BOUND('',#5452,.T.);
#5452 = EDGE_LOOP('',(#5453,#5454,#5455,#5461,#5462,#5463,#5464,#5465,
    #5466,#5467,#5468,#5469,#5470,#5471));
#5453 = ORIENTED_EDGE('',*,*,#31,.F.);
#5454 = ORIENTED_EDGE('',*,*,#62,.F.);
#5455 = ORIENTED_EDGE('',*,*,#5456,.F.);
#5456 = EDGE_CURVE('',#3427,#63,#5457,.T.);
#5457 = LINE('',#5458,#5459);
#5458 = CARTESIAN_POINT('',(95.25,1.8,2.39));
#5459 = VECTOR('',#5460,1.);
#5460 = DIRECTION('',(0.,0.,1.));
#5461 = ORIENTED_EDGE('',*,*,#3424,.F.);
#5462 = ORIENTED_EDGE('',*,*,#3865,.F.);
#5463 = ORIENTED_EDGE('',*,*,#3834,.F.);
#5464 = ORIENTED_EDGE('',*,*,#3801,.F.);
#5465 = ORIENTED_EDGE('',*,*,#3537,.F.);
#5466 = ORIENTED_EDGE('',*,*,#5137,.T.);
#5467 = ORIENTED_EDGE('',*,*,#5288,.T.);
#5468 = ORIENTED_EDGE('',*,*,#5082,.F.);
#5469 = ORIENTED_EDGE('',*,*,#3569,.F.);
#5470 = ORIENTED_EDGE('',*,*,#5058,.F.);
#5471 = ORIENTED_EDGE('',*,*,#5472,.T.);
#5472 = EDGE_CURVE('',#5059,#22,#5473,.T.);
#5473 = LINE('',#5474,#5475);
#5474 = CARTESIAN_POINT('',(75.325,1.8,27.45));
#5475 = VECTOR('',#5476,1.);
#5476 = DIRECTION('',(-1.,0.,0.));
#5477 = FACE_BOUND('',#5478,.T.);
#5478 = EDGE_LOOP('',(#5479,#5480,#5481,#5482,#5483,#5484,#5485,#5486));
#5479 = ORIENTED_EDGE('',*,*,#2574,.T.);
#5480 = ORIENTED_EDGE('',*,*,#2518,.T.);
#5481 = ORIENTED_EDGE('',*,*,#2543,.T.);
#5482 = ORIENTED_EDGE('',*,*,#2591,.T.);
#5483 = ORIENTED_EDGE('',*,*,#2641,.T.);
#5484 = ORIENTED_EDGE('',*,*,#2689,.T.);
#5485 = ORIENTED_EDGE('',*,*,#2672,.T.);
#5486 = ORIENTED_EDGE('',*,*,#2623,.T.);
#5487 = FACE_BOUND('',#5488,.T.);
#5488 = EDGE_LOOP('',(#5489,#5490,#5491,#5492,#5493,#5494,#5495,#5496));
#5489 = ORIENTED_EDGE('',*,*,#2770,.T.);
#5490 = ORIENTED_EDGE('',*,*,#2714,.T.);
#5491 = ORIENTED_EDGE('',*,*,#2739,.T.);
#5492 = ORIENTED_EDGE('',*,*,#2787,.T.);
#5493 = ORIENTED_EDGE('',*,*,#2837,.T.);
#5494 = ORIENTED_EDGE('',*,*,#2885,.T.);
#5495 = ORIENTED_EDGE('',*,*,#2868,.T.);
#5496 = ORIENTED_EDGE('',*,*,#2819,.T.);
#5497 = FACE_BOUND('',#5498,.T.);
#5498 = EDGE_LOOP('',(#5499,#5509,#5518));
#5499 = ORIENTED_EDGE('',*,*,#5500,.T.);
#5500 = EDGE_CURVE('',#5501,#5503,#5505,.T.);
#5501 = VERTEX_POINT('',#5502);
#5502 = CARTESIAN_POINT('',(10.7,1.8,55.611687604822));
#5503 = VERTEX_POINT('',#5504);
#5504 = CARTESIAN_POINT('',(10.7,1.8,58.928312395178));
#5505 = LINE('',#5506,#5507);
#5506 = CARTESIAN_POINT('',(10.7,1.8,42.51));
#5507 = VECTOR('',#5508,1.);
#5508 = DIRECTION('',(0.,0.,1.));
#5509 = ORIENTED_EDGE('',*,*,#5510,.F.);
#5510 = EDGE_CURVE('',#5511,#5503,#5513,.T.);
#5511 = VERTEX_POINT('',#5512);
#5512 = CARTESIAN_POINT('',(8.2,1.8,60.27));
#5513 = CIRCLE('',#5514,3.);
#5514 = AXIS2_PLACEMENT_3D('',#5515,#5516,#5517);
#5515 = CARTESIAN_POINT('',(8.2,1.8,57.27));
#5516 = DIRECTION('',(0.,1.,0.));
#5517 = DIRECTION('',(0.,0.,1.));
#5518 = ORIENTED_EDGE('',*,*,#5519,.F.);
#5519 = EDGE_CURVE('',#5501,#5511,#5520,.T.);
#5520 = CIRCLE('',#5521,3.);
#5521 = AXIS2_PLACEMENT_3D('',#5522,#5523,#5524);
#5522 = CARTESIAN_POINT('',(8.2,1.8,57.27));
#5523 = DIRECTION('',(0.,1.,0.));
#5524 = DIRECTION('',(0.,0.,1.));
#5525 = FACE_BOUND('',#5526,.T.);
#5526 = EDGE_LOOP('',(#5527,#5537,#5546));
#5527 = ORIENTED_EDGE('',*,*,#5528,.T.);
#5528 = EDGE_CURVE('',#5529,#5531,#5533,.T.);
#5529 = VERTEX_POINT('',#5530);
#5530 = CARTESIAN_POINT('',(10.7,1.8,6.571687604822));
#5531 = VERTEX_POINT('',#5532);
#5532 = CARTESIAN_POINT('',(10.7,1.8,9.888312395178));
#5533 = LINE('',#5534,#5535);
#5534 = CARTESIAN_POINT('',(10.7,1.8,17.99));
#5535 = VECTOR('',#5536,1.);
#5536 = DIRECTION('',(0.,0.,1.));
#5537 = ORIENTED_EDGE('',*,*,#5538,.F.);
#5538 = EDGE_CURVE('',#5539,#5531,#5541,.T.);
#5539 = VERTEX_POINT('',#5540);
#5540 = CARTESIAN_POINT('',(8.2,1.8,11.23));
#5541 = CIRCLE('',#5542,3.);
#5542 = AXIS2_PLACEMENT_3D('',#5543,#5544,#5545);
#5543 = CARTESIAN_POINT('',(8.2,1.8,8.23));
#5544 = DIRECTION('',(0.,1.,0.));
#5545 = DIRECTION('',(0.,0.,1.));
#5546 = ORIENTED_EDGE('',*,*,#5547,.F.);
#5547 = EDGE_CURVE('',#5529,#5539,#5548,.T.);
#5548 = CIRCLE('',#5549,3.);
#5549 = AXIS2_PLACEMENT_3D('',#5550,#5551,#5552);
#5550 = CARTESIAN_POINT('',(8.2,1.8,8.23));
#5551 = DIRECTION('',(0.,1.,0.));
#5552 = DIRECTION('',(0.,0.,1.));
#5553 = FACE_BOUND('',#5554,.T.);
#5554 = EDGE_LOOP('',(#5555,#5565,#5574));
#5555 = ORIENTED_EDGE('',*,*,#5556,.F.);
#5556 = EDGE_CURVE('',#5557,#5559,#5561,.T.);
#5557 = VERTEX_POINT('',#5558);
#5558 = CARTESIAN_POINT('',(89.,1.8,6.571687604822));
#5559 = VERTEX_POINT('',#5560);
#5560 = CARTESIAN_POINT('',(89.,1.8,9.888312395178));
#5561 = LINE('',#5562,#5563);
#5562 = CARTESIAN_POINT('',(89.,1.8,17.99));
#5563 = VECTOR('',#5564,1.);
#5564 = DIRECTION('',(0.,0.,1.));
#5565 = ORIENTED_EDGE('',*,*,#5566,.F.);
#5566 = EDGE_CURVE('',#5567,#5557,#5569,.T.);
#5567 = VERTEX_POINT('',#5568);
#5568 = CARTESIAN_POINT('',(91.5,1.8,11.23));
#5569 = CIRCLE('',#5570,3.);
#5570 = AXIS2_PLACEMENT_3D('',#5571,#5572,#5573);
#5571 = CARTESIAN_POINT('',(91.5,1.8,8.23));
#5572 = DIRECTION('',(0.,1.,0.));
#5573 = DIRECTION('',(0.,0.,1.));
#5574 = ORIENTED_EDGE('',*,*,#5575,.F.);
#5575 = EDGE_CURVE('',#5559,#5567,#5576,.T.);
#5576 = CIRCLE('',#5577,3.);
#5577 = AXIS2_PLACEMENT_3D('',#5578,#5579,#5580);
#5578 = CARTESIAN_POINT('',(91.5,1.8,8.23));
#5579 = DIRECTION('',(0.,1.,0.));
#5580 = DIRECTION('',(0.,0.,1.));
#5581 = PLANE('',#5582);
#5582 = AXIS2_PLACEMENT_3D('',#5583,#5584,#5585);
#5583 = CARTESIAN_POINT('',(57.713130846695,1.8,33.800108937803));
#5584 = DIRECTION('',(0.,1.,0.));
#5585 = DIRECTION('',(0.,0.,1.));
#5586 = ADVANCED_FACE('',(#5587),#5612,.T.);
#5587 = FACE_BOUND('',#5588,.T.);
#5588 = EDGE_LOOP('',(#5589,#5597,#5598,#5606));
#5589 = ORIENTED_EDGE('',*,*,#5590,.F.);
#5590 = EDGE_CURVE('',#5503,#5591,#5593,.T.);
#5591 = VERTEX_POINT('',#5592);
#5592 = CARTESIAN_POINT('',(10.7,4.8,58.928312395178));
#5593 = LINE('',#5594,#5595);
#5594 = CARTESIAN_POINT('',(10.7,1.79,58.928312395178));
#5595 = VECTOR('',#5596,1.);
#5596 = DIRECTION('',(0.,1.,0.));
#5597 = ORIENTED_EDGE('',*,*,#5500,.F.);
#5598 = ORIENTED_EDGE('',*,*,#5599,.T.);
#5599 = EDGE_CURVE('',#5501,#5600,#5602,.T.);
#5600 = VERTEX_POINT('',#5601);
#5601 = CARTESIAN_POINT('',(10.7,4.8,55.611687604822));
#5602 = LINE('',#5603,#5604);
#5603 = CARTESIAN_POINT('',(10.7,1.79,55.611687604822));
#5604 = VECTOR('',#5605,1.);
#5605 = DIRECTION('',(0.,1.,0.));
#5606 = ORIENTED_EDGE('',*,*,#5607,.F.);
#5607 = EDGE_CURVE('',#5591,#5600,#5608,.T.);
#5608 = LINE('',#5609,#5610);
#5609 = CARTESIAN_POINT('',(10.7,4.8,54.77));
#5610 = VECTOR('',#5611,1.);
#5611 = DIRECTION('',(0.,0.,-1.));
#5612 = PLANE('',#5613);
#5613 = AXIS2_PLACEMENT_3D('',#5614,#5615,#5616);
#5614 = CARTESIAN_POINT('',(10.7,0.,52.27));
#5615 = DIRECTION('',(1.,0.,0.));
#5616 = DIRECTION('',(0.,0.,1.));
#5617 = ADVANCED_FACE('',(#5618,#5637),#5648,.T.);
#5618 = FACE_BOUND('',#5619,.T.);
#5619 = EDGE_LOOP('',(#5620,#5629,#5636));
#5620 = ORIENTED_EDGE('',*,*,#5621,.T.);
#5621 = EDGE_CURVE('',#5600,#5622,#5624,.T.);
#5622 = VERTEX_POINT('',#5623);
#5623 = CARTESIAN_POINT('',(8.2,4.8,60.27));
#5624 = CIRCLE('',#5625,3.);
#5625 = AXIS2_PLACEMENT_3D('',#5626,#5627,#5628);
#5626 = CARTESIAN_POINT('',(8.2,4.8,57.27));
#5627 = DIRECTION('',(0.,1.,0.));
#5628 = DIRECTION('',(0.,0.,1.));
#5629 = ORIENTED_EDGE('',*,*,#5630,.T.);
#5630 = EDGE_CURVE('',#5622,#5591,#5631,.T.);
#5631 = CIRCLE('',#5632,3.);
#5632 = AXIS2_PLACEMENT_3D('',#5633,#5634,#5635);
#5633 = CARTESIAN_POINT('',(8.2,4.8,57.27));
#5634 = DIRECTION('',(0.,1.,0.));
#5635 = DIRECTION('',(0.,0.,1.));
#5636 = ORIENTED_EDGE('',*,*,#5607,.T.);
#5637 = FACE_BOUND('',#5638,.T.);
#5638 = EDGE_LOOP('',(#5639));
#5639 = ORIENTED_EDGE('',*,*,#5640,.F.);
#5640 = EDGE_CURVE('',#5641,#5641,#5643,.T.);
#5641 = VERTEX_POINT('',#5642);
#5642 = CARTESIAN_POINT('',(8.2,4.8,58.87));
#5643 = CIRCLE('',#5644,1.6);
#5644 = AXIS2_PLACEMENT_3D('',#5645,#5646,#5647);
#5645 = CARTESIAN_POINT('',(8.2,4.8,57.27));
#5646 = DIRECTION('',(0.,1.,0.));
#5647 = DIRECTION('',(0.,0.,1.));
#5648 = PLANE('',#5649);
#5649 = AXIS2_PLACEMENT_3D('',#5650,#5651,#5652);
#5650 = CARTESIAN_POINT('',(8.2,4.8,57.27));
#5651 = DIRECTION('',(0.,1.,0.));
#5652 = DIRECTION('',(0.,0.,1.));
#5653 = ADVANCED_FACE('',(#5654),#5673,.F.);
#5654 = FACE_BOUND('',#5655,.F.);
#5655 = EDGE_LOOP('',(#5656,#5657,#5665,#5672));
#5656 = ORIENTED_EDGE('',*,*,#5640,.F.);
#5657 = ORIENTED_EDGE('',*,*,#5658,.F.);
#5658 = EDGE_CURVE('',#5659,#5641,#5661,.T.);
#5659 = VERTEX_POINT('',#5660);
#5660 = CARTESIAN_POINT('',(8.2,1.5,58.87));
#5661 = LINE('',#5662,#5663);
#5662 = CARTESIAN_POINT('',(8.2,1.5,58.87));
#5663 = VECTOR('',#5664,1.);
#5664 = DIRECTION('',(0.,1.,0.));
#5665 = ORIENTED_EDGE('',*,*,#5666,.T.);
#5666 = EDGE_CURVE('',#5659,#5659,#5667,.T.);
#5667 = CIRCLE('',#5668,1.6);
#5668 = AXIS2_PLACEMENT_3D('',#5669,#5670,#5671);
#5669 = CARTESIAN_POINT('',(8.2,1.5,57.27));
#5670 = DIRECTION('',(0.,1.,0.));
#5671 = DIRECTION('',(0.,0.,1.));
#5672 = ORIENTED_EDGE('',*,*,#5658,.T.);
#5673 = CYLINDRICAL_SURFACE('',#5674,1.6);
#5674 = AXIS2_PLACEMENT_3D('',#5675,#5676,#5677);
#5675 = CARTESIAN_POINT('',(8.2,1.5,57.27));
#5676 = DIRECTION('',(0.,1.,0.));
#5677 = DIRECTION('',(0.,0.,1.));
#5678 = ADVANCED_FACE('',(#5679),#5682,.T.);
#5679 = FACE_BOUND('',#5680,.F.);
#5680 = EDGE_LOOP('',(#5681));
#5681 = ORIENTED_EDGE('',*,*,#5666,.F.);
#5682 = PLANE('',#5683);
#5683 = AXIS2_PLACEMENT_3D('',#5684,#5685,#5686);
#5684 = CARTESIAN_POINT('',(8.2,1.5,57.27));
#5685 = DIRECTION('',(0.,1.,0.));
#5686 = DIRECTION('',(0.,0.,1.));
#5687 = ADVANCED_FACE('',(#5688),#5713,.T.);
#5688 = FACE_BOUND('',#5689,.T.);
#5689 = EDGE_LOOP('',(#5690,#5698,#5699,#5707));
#5690 = ORIENTED_EDGE('',*,*,#5691,.F.);
#5691 = EDGE_CURVE('',#5531,#5692,#5694,.T.);
#5692 = VERTEX_POINT('',#5693);
#5693 = CARTESIAN_POINT('',(10.7,4.8,9.888312395178));
#5694 = LINE('',#5695,#5696);
#5695 = CARTESIAN_POINT('',(10.7,1.79,9.888312395178));
#5696 = VECTOR('',#5697,1.);
#5697 = DIRECTION('',(0.,1.,0.));
#5698 = ORIENTED_EDGE('',*,*,#5528,.F.);
#5699 = ORIENTED_EDGE('',*,*,#5700,.T.);
#5700 = EDGE_CURVE('',#5529,#5701,#5703,.T.);
#5701 = VERTEX_POINT('',#5702);
#5702 = CARTESIAN_POINT('',(10.7,4.8,6.571687604822));
#5703 = LINE('',#5704,#5705);
#5704 = CARTESIAN_POINT('',(10.7,1.79,6.571687604822));
#5705 = VECTOR('',#5706,1.);
#5706 = DIRECTION('',(0.,1.,0.));
#5707 = ORIENTED_EDGE('',*,*,#5708,.F.);
#5708 = EDGE_CURVE('',#5692,#5701,#5709,.T.);
#5709 = LINE('',#5710,#5711);
#5710 = CARTESIAN_POINT('',(10.7,4.8,5.73));
#5711 = VECTOR('',#5712,1.);
#5712 = DIRECTION('',(0.,0.,-1.));
#5713 = PLANE('',#5714);
#5714 = AXIS2_PLACEMENT_3D('',#5715,#5716,#5717);
#5715 = CARTESIAN_POINT('',(10.7,0.,3.23));
#5716 = DIRECTION('',(1.,0.,0.));
#5717 = DIRECTION('',(0.,0.,1.));
#5718 = ADVANCED_FACE('',(#5719,#5738),#5749,.T.);
#5719 = FACE_BOUND('',#5720,.T.);
#5720 = EDGE_LOOP('',(#5721,#5730,#5737));
#5721 = ORIENTED_EDGE('',*,*,#5722,.T.);
#5722 = EDGE_CURVE('',#5701,#5723,#5725,.T.);
#5723 = VERTEX_POINT('',#5724);
#5724 = CARTESIAN_POINT('',(8.2,4.8,11.23));
#5725 = CIRCLE('',#5726,3.);
#5726 = AXIS2_PLACEMENT_3D('',#5727,#5728,#5729);
#5727 = CARTESIAN_POINT('',(8.2,4.8,8.23));
#5728 = DIRECTION('',(0.,1.,0.));
#5729 = DIRECTION('',(0.,0.,1.));
#5730 = ORIENTED_EDGE('',*,*,#5731,.T.);
#5731 = EDGE_CURVE('',#5723,#5692,#5732,.T.);
#5732 = CIRCLE('',#5733,3.);
#5733 = AXIS2_PLACEMENT_3D('',#5734,#5735,#5736);
#5734 = CARTESIAN_POINT('',(8.2,4.8,8.23));
#5735 = DIRECTION('',(0.,1.,0.));
#5736 = DIRECTION('',(0.,0.,1.));
#5737 = ORIENTED_EDGE('',*,*,#5708,.T.);
#5738 = FACE_BOUND('',#5739,.T.);
#5739 = EDGE_LOOP('',(#5740));
#5740 = ORIENTED_EDGE('',*,*,#5741,.F.);
#5741 = EDGE_CURVE('',#5742,#5742,#5744,.T.);
#5742 = VERTEX_POINT('',#5743);
#5743 = CARTESIAN_POINT('',(8.2,4.8,9.83));
#5744 = CIRCLE('',#5745,1.6);
#5745 = AXIS2_PLACEMENT_3D('',#5746,#5747,#5748);
#5746 = CARTESIAN_POINT('',(8.2,4.8,8.23));
#5747 = DIRECTION('',(0.,1.,0.));
#5748 = DIRECTION('',(0.,0.,1.));
#5749 = PLANE('',#5750);
#5750 = AXIS2_PLACEMENT_3D('',#5751,#5752,#5753);
#5751 = CARTESIAN_POINT('',(8.2,4.8,8.23));
#5752 = DIRECTION('',(0.,1.,0.));
#5753 = DIRECTION('',(0.,0.,1.));
#5754 = ADVANCED_FACE('',(#5755),#5774,.F.);
#5755 = FACE_BOUND('',#5756,.F.);
#5756 = EDGE_LOOP('',(#5757,#5758,#5766,#5773));
#5757 = ORIENTED_EDGE('',*,*,#5741,.F.);
#5758 = ORIENTED_EDGE('',*,*,#5759,.F.);
#5759 = EDGE_CURVE('',#5760,#5742,#5762,.T.);
#5760 = VERTEX_POINT('',#5761);
#5761 = CARTESIAN_POINT('',(8.2,1.5,9.83));
#5762 = LINE('',#5763,#5764);
#5763 = CARTESIAN_POINT('',(8.2,1.5,9.83));
#5764 = VECTOR('',#5765,1.);
#5765 = DIRECTION('',(0.,1.,0.));
#5766 = ORIENTED_EDGE('',*,*,#5767,.T.);
#5767 = EDGE_CURVE('',#5760,#5760,#5768,.T.);
#5768 = CIRCLE('',#5769,1.6);
#5769 = AXIS2_PLACEMENT_3D('',#5770,#5771,#5772);
#5770 = CARTESIAN_POINT('',(8.2,1.5,8.23));
#5771 = DIRECTION('',(0.,1.,0.));
#5772 = DIRECTION('',(0.,0.,1.));
#5773 = ORIENTED_EDGE('',*,*,#5759,.T.);
#5774 = CYLINDRICAL_SURFACE('',#5775,1.6);
#5775 = AXIS2_PLACEMENT_3D('',#5776,#5777,#5778);
#5776 = CARTESIAN_POINT('',(8.2,1.5,8.23));
#5777 = DIRECTION('',(0.,1.,0.));
#5778 = DIRECTION('',(0.,0.,1.));
#5779 = ADVANCED_FACE('',(#5780),#5783,.T.);
#5780 = FACE_BOUND('',#5781,.F.);
#5781 = EDGE_LOOP('',(#5782));
#5782 = ORIENTED_EDGE('',*,*,#5767,.F.);
#5783 = PLANE('',#5784);
#5784 = AXIS2_PLACEMENT_3D('',#5785,#5786,#5787);
#5785 = CARTESIAN_POINT('',(8.2,1.5,8.23));
#5786 = DIRECTION('',(0.,1.,0.));
#5787 = DIRECTION('',(0.,0.,1.));
#5788 = ADVANCED_FACE('',(#5789),#5814,.F.);
#5789 = FACE_BOUND('',#5790,.F.);
#5790 = EDGE_LOOP('',(#5791,#5799,#5800,#5808));
#5791 = ORIENTED_EDGE('',*,*,#5792,.F.);
#5792 = EDGE_CURVE('',#5559,#5793,#5795,.T.);
#5793 = VERTEX_POINT('',#5794);
#5794 = CARTESIAN_POINT('',(89.,4.8,9.888312395178));
#5795 = LINE('',#5796,#5797);
#5796 = CARTESIAN_POINT('',(89.,1.79,9.888312395178));
#5797 = VECTOR('',#5798,1.);
#5798 = DIRECTION('',(0.,1.,0.));
#5799 = ORIENTED_EDGE('',*,*,#5556,.F.);
#5800 = ORIENTED_EDGE('',*,*,#5801,.T.);
#5801 = EDGE_CURVE('',#5557,#5802,#5804,.T.);
#5802 = VERTEX_POINT('',#5803);
#5803 = CARTESIAN_POINT('',(89.,4.8,6.571687604822));
#5804 = LINE('',#5805,#5806);
#5805 = CARTESIAN_POINT('',(89.,1.79,6.571687604822));
#5806 = VECTOR('',#5807,1.);
#5807 = DIRECTION('',(0.,1.,0.));
#5808 = ORIENTED_EDGE('',*,*,#5809,.F.);
#5809 = EDGE_CURVE('',#5793,#5802,#5810,.T.);
#5810 = LINE('',#5811,#5812);
#5811 = CARTESIAN_POINT('',(89.,4.8,5.73));
#5812 = VECTOR('',#5813,1.);
#5813 = DIRECTION('',(0.,0.,-1.));
#5814 = PLANE('',#5815);
#5815 = AXIS2_PLACEMENT_3D('',#5816,#5817,#5818);
#5816 = CARTESIAN_POINT('',(89.,0.,3.23));
#5817 = DIRECTION('',(1.,0.,0.));
#5818 = DIRECTION('',(0.,0.,1.));
#5819 = ADVANCED_FACE('',(#5820,#5839),#5850,.T.);
#5820 = FACE_BOUND('',#5821,.T.);
#5821 = EDGE_LOOP('',(#5822,#5831,#5838));
#5822 = ORIENTED_EDGE('',*,*,#5823,.T.);
#5823 = EDGE_CURVE('',#5793,#5824,#5826,.T.);
#5824 = VERTEX_POINT('',#5825);
#5825 = CARTESIAN_POINT('',(91.5,4.8,11.23));
#5826 = CIRCLE('',#5827,3.);
#5827 = AXIS2_PLACEMENT_3D('',#5828,#5829,#5830);
#5828 = CARTESIAN_POINT('',(91.5,4.8,8.23));
#5829 = DIRECTION('',(0.,1.,0.));
#5830 = DIRECTION('',(0.,0.,1.));
#5831 = ORIENTED_EDGE('',*,*,#5832,.T.);
#5832 = EDGE_CURVE('',#5824,#5802,#5833,.T.);
#5833 = CIRCLE('',#5834,3.);
#5834 = AXIS2_PLACEMENT_3D('',#5835,#5836,#5837);
#5835 = CARTESIAN_POINT('',(91.5,4.8,8.23));
#5836 = DIRECTION('',(0.,1.,0.));
#5837 = DIRECTION('',(0.,0.,1.));
#5838 = ORIENTED_EDGE('',*,*,#5809,.F.);
#5839 = FACE_BOUND('',#5840,.T.);
#5840 = EDGE_LOOP('',(#5841));
#5841 = ORIENTED_EDGE('',*,*,#5842,.F.);
#5842 = EDGE_CURVE('',#5843,#5843,#5845,.T.);
#5843 = VERTEX_POINT('',#5844);
#5844 = CARTESIAN_POINT('',(91.5,4.8,9.83));
#5845 = CIRCLE('',#5846,1.6);
#5846 = AXIS2_PLACEMENT_3D('',#5847,#5848,#5849);
#5847 = CARTESIAN_POINT('',(91.5,4.8,8.23));
#5848 = DIRECTION('',(0.,1.,0.));
#5849 = DIRECTION('',(0.,0.,1.));
#5850 = PLANE('',#5851);
#5851 = AXIS2_PLACEMENT_3D('',#5852,#5853,#5854);
#5852 = CARTESIAN_POINT('',(91.5,4.8,8.23));
#5853 = DIRECTION('',(0.,1.,0.));
#5854 = DIRECTION('',(0.,0.,1.));
#5855 = ADVANCED_FACE('',(#5856),#5875,.F.);
#5856 = FACE_BOUND('',#5857,.F.);
#5857 = EDGE_LOOP('',(#5858,#5859,#5867,#5874));
#5858 = ORIENTED_EDGE('',*,*,#5842,.F.);
#5859 = ORIENTED_EDGE('',*,*,#5860,.F.);
#5860 = EDGE_CURVE('',#5861,#5843,#5863,.T.);
#5861 = VERTEX_POINT('',#5862);
#5862 = CARTESIAN_POINT('',(91.5,1.5,9.83));
#5863 = LINE('',#5864,#5865);
#5864 = CARTESIAN_POINT('',(91.5,1.5,9.83));
#5865 = VECTOR('',#5866,1.);
#5866 = DIRECTION('',(0.,1.,0.));
#5867 = ORIENTED_EDGE('',*,*,#5868,.T.);
#5868 = EDGE_CURVE('',#5861,#5861,#5869,.T.);
#5869 = CIRCLE('',#5870,1.6);
#5870 = AXIS2_PLACEMENT_3D('',#5871,#5872,#5873);
#5871 = CARTESIAN_POINT('',(91.5,1.5,8.23));
#5872 = DIRECTION('',(0.,1.,0.));
#5873 = DIRECTION('',(0.,0.,1.));
#5874 = ORIENTED_EDGE('',*,*,#5860,.T.);
#5875 = CYLINDRICAL_SURFACE('',#5876,1.6);
#5876 = AXIS2_PLACEMENT_3D('',#5877,#5878,#5879);
#5877 = CARTESIAN_POINT('',(91.5,1.5,8.23));
#5878 = DIRECTION('',(0.,1.,0.));
#5879 = DIRECTION('',(0.,0.,1.));
#5880 = ADVANCED_FACE('',(#5881),#5884,.T.);
#5881 = FACE_BOUND('',#5882,.F.);
#5882 = EDGE_LOOP('',(#5883));
#5883 = ORIENTED_EDGE('',*,*,#5868,.F.);
#5884 = PLANE('',#5885);
#5885 = AXIS2_PLACEMENT_3D('',#5886,#5887,#5888);
#5886 = CARTESIAN_POINT('',(91.5,1.5,8.23));
#5887 = DIRECTION('',(0.,1.,0.));
#5888 = DIRECTION('',(0.,0.,1.));
#5889 = ADVANCED_FACE('',(#5890),#5903,.T.);
#5890 = FACE_BOUND('',#5891,.T.);
#5891 = EDGE_LOOP('',(#5892,#5898,#5899,#5900,#5901,#5902));
#5892 = ORIENTED_EDGE('',*,*,#5893,.F.);
#5893 = EDGE_CURVE('',#5023,#95,#5894,.T.);
#5894 = LINE('',#5895,#5896);
#5895 = CARTESIAN_POINT('',(113.45,1.79,27.45));
#5896 = VECTOR('',#5897,1.);
#5897 = DIRECTION('',(0.,1.,0.));
#5898 = ORIENTED_EDGE('',*,*,#5044,.T.);
#5899 = ORIENTED_EDGE('',*,*,#4654,.F.);
#5900 = ORIENTED_EDGE('',*,*,#2953,.F.);
#5901 = ORIENTED_EDGE('',*,*,#4596,.T.);
#5902 = ORIENTED_EDGE('',*,*,#102,.T.);
#5903 = PLANE('',#5904);
#5904 = AXIS2_PLACEMENT_3D('',#5905,#5906,#5907);
#5905 = CARTESIAN_POINT('',(113.45,2.157855092725,42.038109439662));
#5906 = DIRECTION('',(1.,0.,0.));
#5907 = DIRECTION('',(0.,0.,1.));
#5908 = ADVANCED_FACE('',(#5909),#5922,.F.);
#5909 = FACE_BOUND('',#5910,.T.);
#5910 = EDGE_LOOP('',(#5911,#5912,#5913,#5914,#5920,#5921));
#5911 = ORIENTED_EDGE('',*,*,#5456,.T.);
#5912 = ORIENTED_EDGE('',*,*,#70,.F.);
#5913 = ORIENTED_EDGE('',*,*,#134,.T.);
#5914 = ORIENTED_EDGE('',*,*,#5915,.T.);
#5915 = EDGE_CURVE('',#127,#5181,#5916,.T.);
#5916 = LINE('',#5917,#5918);
#5917 = CARTESIAN_POINT('',(95.25,1.8,25.95));
#5918 = VECTOR('',#5919,1.);
#5919 = DIRECTION('',(0.,1.,0.));
#5920 = ORIENTED_EDGE('',*,*,#5180,.F.);
#5921 = ORIENTED_EDGE('',*,*,#3489,.T.);
#5922 = PLANE('',#5923);
#5923 = AXIS2_PLACEMENT_3D('',#5924,#5925,#5926);
#5924 = CARTESIAN_POINT('',(95.25,1.8,2.39));
#5925 = DIRECTION('',(1.,0.,0.));
#5926 = DIRECTION('',(0.,0.,1.));
#5927 = ADVANCED_FACE('',(#5928),#5936,.T.);
#5928 = FACE_BOUND('',#5929,.T.);
#5929 = EDGE_LOOP('',(#5930,#5931,#5932,#5933,#5934,#5935));
#5930 = ORIENTED_EDGE('',*,*,#21,.F.);
#5931 = ORIENTED_EDGE('',*,*,#5472,.F.);
#5932 = ORIENTED_EDGE('',*,*,#5066,.T.);
#5933 = ORIENTED_EDGE('',*,*,#5020,.T.);
#5934 = ORIENTED_EDGE('',*,*,#5893,.T.);
#5935 = ORIENTED_EDGE('',*,*,#94,.F.);
#5936 = PLANE('',#5937);
#5937 = AXIS2_PLACEMENT_3D('',#5938,#5939,#5940);
#5938 = CARTESIAN_POINT('',(101.41803675048,2.706963249516,27.45));
#5939 = DIRECTION('',(0.,0.,1.));
#5940 = DIRECTION('',(1.,0.,0.));
#5941 = ADVANCED_FACE('',(#5942),#5950,.T.);
#5942 = FACE_BOUND('',#5943,.T.);
#5943 = EDGE_LOOP('',(#5944,#5945,#5946,#5947,#5948,#5949));
#5944 = ORIENTED_EDGE('',*,*,#5915,.F.);
#5945 = ORIENTED_EDGE('',*,*,#126,.F.);
#5946 = ORIENTED_EDGE('',*,*,#4574,.T.);
#5947 = ORIENTED_EDGE('',*,*,#5216,.F.);
#5948 = ORIENTED_EDGE('',*,*,#4510,.T.);
#5949 = ORIENTED_EDGE('',*,*,#5188,.F.);
#5950 = PLANE('',#5951);
#5951 = AXIS2_PLACEMENT_3D('',#5952,#5953,#5954);
#5952 = CARTESIAN_POINT('',(98.292874396135,5.567874396135,25.95));
#5953 = DIRECTION('',(0.,0.,1.));
#5954 = DIRECTION('',(1.,0.,0.));
#5955 = ADVANCED_FACE('',(#5956),#5964,.T.);
#5956 = FACE_BOUND('',#5957,.T.);
#5957 = EDGE_LOOP('',(#5958,#5959,#5960,#5961,#5962,#5963));
#5958 = ORIENTED_EDGE('',*,*,#5510,.T.);
#5959 = ORIENTED_EDGE('',*,*,#5590,.T.);
#5960 = ORIENTED_EDGE('',*,*,#5630,.F.);
#5961 = ORIENTED_EDGE('',*,*,#5621,.F.);
#5962 = ORIENTED_EDGE('',*,*,#5599,.F.);
#5963 = ORIENTED_EDGE('',*,*,#5519,.T.);
#5964 = CYLINDRICAL_SURFACE('',#5965,3.);
#5965 = AXIS2_PLACEMENT_3D('',#5966,#5967,#5968);
#5966 = CARTESIAN_POINT('',(8.2,1.79,57.27));
#5967 = DIRECTION('',(0.,1.,0.));
#5968 = DIRECTION('',(0.,0.,1.));
#5969 = ADVANCED_FACE('',(#5970),#5978,.T.);
#5970 = FACE_BOUND('',#5971,.T.);
#5971 = EDGE_LOOP('',(#5972,#5973,#5974,#5975,#5976,#5977));
#5972 = ORIENTED_EDGE('',*,*,#5538,.T.);
#5973 = ORIENTED_EDGE('',*,*,#5691,.T.);
#5974 = ORIENTED_EDGE('',*,*,#5731,.F.);
#5975 = ORIENTED_EDGE('',*,*,#5722,.F.);
#5976 = ORIENTED_EDGE('',*,*,#5700,.F.);
#5977 = ORIENTED_EDGE('',*,*,#5547,.T.);
#5978 = CYLINDRICAL_SURFACE('',#5979,3.);
#5979 = AXIS2_PLACEMENT_3D('',#5980,#5981,#5982);
#5980 = CARTESIAN_POINT('',(8.2,1.79,8.23));
#5981 = DIRECTION('',(0.,1.,0.));
#5982 = DIRECTION('',(0.,0.,1.));
#5983 = ADVANCED_FACE('',(#5984),#5992,.T.);
#5984 = FACE_BOUND('',#5985,.T.);
#5985 = EDGE_LOOP('',(#5986,#5987,#5988,#5989,#5990,#5991));
#5986 = ORIENTED_EDGE('',*,*,#5823,.F.);
#5987 = ORIENTED_EDGE('',*,*,#5792,.F.);
#5988 = ORIENTED_EDGE('',*,*,#5575,.T.);
#5989 = ORIENTED_EDGE('',*,*,#5566,.T.);
#5990 = ORIENTED_EDGE('',*,*,#5801,.T.);
#5991 = ORIENTED_EDGE('',*,*,#5832,.F.);
#5992 = CYLINDRICAL_SURFACE('',#5993,3.);
#5993 = AXIS2_PLACEMENT_3D('',#5994,#5995,#5996);
#5994 = CARTESIAN_POINT('',(91.5,1.79,8.23));
#5995 = DIRECTION('',(0.,1.,0.));
#5996 = DIRECTION('',(0.,0.,1.));
#5997 = MANIFOLD_SOLID_BREP('',#5998);
#5998 = CLOSED_SHELL('',(#5999,#6027,#6052,#6080,#6105,#6133,#6158,#6230
    ,#6454,#6479,#6605,#6629,#6653,#6670,#6687,#6704,#6721,#6738,#6755,
    #6767,#6792,#6817,#6842,#6867,#6898,#6922,#6946,#6963,#6988,#7019,
    #7043,#7067,#7084,#7115,#7139,#7163,#7180,#7192,#7212,#7232,#7252,
    #7277,#7289,#7309,#7321,#7333,#7350,#7367,#7392,#7412,#7429,#7438,
    #7454,#7470,#7486));
#5999 = ADVANCED_FACE('',(#6000,#6011),#6022,.T.);
#6000 = FACE_BOUND('',#6001,.T.);
#6001 = EDGE_LOOP('',(#6002));
#6002 = ORIENTED_EDGE('',*,*,#6003,.T.);
#6003 = EDGE_CURVE('',#6004,#6004,#6006,.T.);
#6004 = VERTEX_POINT('',#6005);
#6005 = CARTESIAN_POINT('',(91.5,13.99,10.73));
#6006 = CIRCLE('',#6007,2.5);
#6007 = AXIS2_PLACEMENT_3D('',#6008,#6009,#6010);
#6008 = CARTESIAN_POINT('',(91.5,13.99,8.23));
#6009 = DIRECTION('',(0.,1.,0.));
#6010 = DIRECTION('',(0.,0.,1.));
#6011 = FACE_BOUND('',#6012,.T.);
#6012 = EDGE_LOOP('',(#6013));
#6013 = ORIENTED_EDGE('',*,*,#6014,.F.);
#6014 = EDGE_CURVE('',#6015,#6015,#6017,.T.);
#6015 = VERTEX_POINT('',#6016);
#6016 = CARTESIAN_POINT('',(91.5,13.99,10.72));
#6017 = CIRCLE('',#6018,2.49);
#6018 = AXIS2_PLACEMENT_3D('',#6019,#6020,#6021);
#6019 = CARTESIAN_POINT('',(91.5,13.99,8.23));
#6020 = DIRECTION('',(0.,1.,0.));
#6021 = DIRECTION('',(0.,0.,1.));
#6022 = PLANE('',#6023);
#6023 = AXIS2_PLACEMENT_3D('',#6024,#6025,#6026);
#6024 = CARTESIAN_POINT('',(91.5,13.99,8.23));
#6025 = DIRECTION('',(0.,1.,0.));
#6026 = DIRECTION('',(0.,0.,1.));
#6027 = ADVANCED_FACE('',(#6028),#6047,.F.);
#6028 = FACE_BOUND('',#6029,.F.);
#6029 = EDGE_LOOP('',(#6030,#6031,#6039,#6046));
#6030 = ORIENTED_EDGE('',*,*,#6014,.F.);
#6031 = ORIENTED_EDGE('',*,*,#6032,.F.);
#6032 = EDGE_CURVE('',#6033,#6015,#6035,.T.);
#6033 = VERTEX_POINT('',#6034);
#6034 = CARTESIAN_POINT('',(91.5,12.9,9.63));
#6035 = LINE('',#6036,#6037);
#6036 = CARTESIAN_POINT('',(91.5,12.9,9.63));
#6037 = VECTOR('',#6038,1.);
#6038 = DIRECTION('',(-1.731912112471E-16,0.707106781187,0.707106781187)
  );
#6039 = ORIENTED_EDGE('',*,*,#6040,.T.);
#6040 = EDGE_CURVE('',#6033,#6033,#6041,.T.);
#6041 = CIRCLE('',#6042,1.4);
#6042 = AXIS2_PLACEMENT_3D('',#6043,#6044,#6045);
#6043 = CARTESIAN_POINT('',(91.5,12.9,8.23));
#6044 = DIRECTION('',(0.,1.,0.));
#6045 = DIRECTION('',(0.,0.,1.));
#6046 = ORIENTED_EDGE('',*,*,#6032,.T.);
#6047 = CONICAL_SURFACE('',#6048,1.4,0.785398163397);
#6048 = AXIS2_PLACEMENT_3D('',#6049,#6050,#6051);
#6049 = CARTESIAN_POINT('',(91.5,12.9,8.23));
#6050 = DIRECTION('',(0.,1.,0.));
#6051 = DIRECTION('',(0.,0.,1.));
#6052 = ADVANCED_FACE('',(#6053,#6064),#6075,.T.);
#6053 = FACE_BOUND('',#6054,.T.);
#6054 = EDGE_LOOP('',(#6055));
#6055 = ORIENTED_EDGE('',*,*,#6056,.T.);
#6056 = EDGE_CURVE('',#6057,#6057,#6059,.T.);
#6057 = VERTEX_POINT('',#6058);
#6058 = CARTESIAN_POINT('',(8.2,13.99,10.73));
#6059 = CIRCLE('',#6060,2.5);
#6060 = AXIS2_PLACEMENT_3D('',#6061,#6062,#6063);
#6061 = CARTESIAN_POINT('',(8.2,13.99,8.23));
#6062 = DIRECTION('',(0.,1.,0.));
#6063 = DIRECTION('',(0.,0.,1.));
#6064 = FACE_BOUND('',#6065,.T.);
#6065 = EDGE_LOOP('',(#6066));
#6066 = ORIENTED_EDGE('',*,*,#6067,.F.);
#6067 = EDGE_CURVE('',#6068,#6068,#6070,.T.);
#6068 = VERTEX_POINT('',#6069);
#6069 = CARTESIAN_POINT('',(8.2,13.99,10.72));
#6070 = CIRCLE('',#6071,2.49);
#6071 = AXIS2_PLACEMENT_3D('',#6072,#6073,#6074);
#6072 = CARTESIAN_POINT('',(8.2,13.99,8.23));
#6073 = DIRECTION('',(0.,1.,0.));
#6074 = DIRECTION('',(0.,0.,1.));
#6075 = PLANE('',#6076);
#6076 = AXIS2_PLACEMENT_3D('',#6077,#6078,#6079);
#6077 = CARTESIAN_POINT('',(8.2,13.99,8.23));
#6078 = DIRECTION('',(0.,1.,0.));
#6079 = DIRECTION('',(0.,0.,1.));
#6080 = ADVANCED_FACE('',(#6081),#6100,.F.);
#6081 = FACE_BOUND('',#6082,.F.);
#6082 = EDGE_LOOP('',(#6083,#6084,#6092,#6099));
#6083 = ORIENTED_EDGE('',*,*,#6067,.F.);
#6084 = ORIENTED_EDGE('',*,*,#6085,.F.);
#6085 = EDGE_CURVE('',#6086,#6068,#6088,.T.);
#6086 = VERTEX_POINT('',#6087);
#6087 = CARTESIAN_POINT('',(8.2,12.9,9.63));
#6088 = LINE('',#6089,#6090);
#6089 = CARTESIAN_POINT('',(8.2,12.9,9.63));
#6090 = VECTOR('',#6091,1.);
#6091 = DIRECTION('',(-1.731912112471E-16,0.707106781187,0.707106781187)
  );
#6092 = ORIENTED_EDGE('',*,*,#6093,.T.);
#6093 = EDGE_CURVE('',#6086,#6086,#6094,.T.);
#6094 = CIRCLE('',#6095,1.4);
#6095 = AXIS2_PLACEMENT_3D('',#6096,#6097,#6098);
#6096 = CARTESIAN_POINT('',(8.2,12.9,8.23));
#6097 = DIRECTION('',(0.,1.,0.));
#6098 = DIRECTION('',(0.,0.,1.));
#6099 = ORIENTED_EDGE('',*,*,#6085,.T.);
#6100 = CONICAL_SURFACE('',#6101,1.4,0.785398163397);
#6101 = AXIS2_PLACEMENT_3D('',#6102,#6103,#6104);
#6102 = CARTESIAN_POINT('',(8.2,12.9,8.23));
#6103 = DIRECTION('',(0.,1.,0.));
#6104 = DIRECTION('',(0.,0.,1.));
#6105 = ADVANCED_FACE('',(#6106,#6117),#6128,.T.);
#6106 = FACE_BOUND('',#6107,.T.);
#6107 = EDGE_LOOP('',(#6108));
#6108 = ORIENTED_EDGE('',*,*,#6109,.T.);
#6109 = EDGE_CURVE('',#6110,#6110,#6112,.T.);
#6110 = VERTEX_POINT('',#6111);
#6111 = CARTESIAN_POINT('',(8.2,13.99,59.77));
#6112 = CIRCLE('',#6113,2.5);
#6113 = AXIS2_PLACEMENT_3D('',#6114,#6115,#6116);
#6114 = CARTESIAN_POINT('',(8.2,13.99,57.27));
#6115 = DIRECTION('',(0.,1.,0.));
#6116 = DIRECTION('',(0.,0.,1.));
#6117 = FACE_BOUND('',#6118,.T.);
#6118 = EDGE_LOOP('',(#6119));
#6119 = ORIENTED_EDGE('',*,*,#6120,.F.);
#6120 = EDGE_CURVE('',#6121,#6121,#6123,.T.);
#6121 = VERTEX_POINT('',#6122);
#6122 = CARTESIAN_POINT('',(8.2,13.99,59.76));
#6123 = CIRCLE('',#6124,2.49);
#6124 = AXIS2_PLACEMENT_3D('',#6125,#6126,#6127);
#6125 = CARTESIAN_POINT('',(8.2,13.99,57.27));
#6126 = DIRECTION('',(0.,1.,0.));
#6127 = DIRECTION('',(0.,0.,1.));
#6128 = PLANE('',#6129);
#6129 = AXIS2_PLACEMENT_3D('',#6130,#6131,#6132);
#6130 = CARTESIAN_POINT('',(8.2,13.99,57.27));
#6131 = DIRECTION('',(0.,1.,0.));
#6132 = DIRECTION('',(0.,0.,1.));
#6133 = ADVANCED_FACE('',(#6134),#6153,.F.);
#6134 = FACE_BOUND('',#6135,.F.);
#6135 = EDGE_LOOP('',(#6136,#6137,#6145,#6152));
#6136 = ORIENTED_EDGE('',*,*,#6120,.F.);
#6137 = ORIENTED_EDGE('',*,*,#6138,.F.);
#6138 = EDGE_CURVE('',#6139,#6121,#6141,.T.);
#6139 = VERTEX_POINT('',#6140);
#6140 = CARTESIAN_POINT('',(8.2,12.9,58.67));
#6141 = LINE('',#6142,#6143);
#6142 = CARTESIAN_POINT('',(8.2,12.9,58.67));
#6143 = VECTOR('',#6144,1.);
#6144 = DIRECTION('',(-1.731912112471E-16,0.707106781187,0.707106781187)
  );
#6145 = ORIENTED_EDGE('',*,*,#6146,.T.);
#6146 = EDGE_CURVE('',#6139,#6139,#6147,.T.);
#6147 = CIRCLE('',#6148,1.4);
#6148 = AXIS2_PLACEMENT_3D('',#6149,#6150,#6151);
#6149 = CARTESIAN_POINT('',(8.2,12.9,57.27));
#6150 = DIRECTION('',(0.,1.,0.));
#6151 = DIRECTION('',(0.,0.,1.));
#6152 = ORIENTED_EDGE('',*,*,#6138,.T.);
#6153 = CONICAL_SURFACE('',#6154,1.4,0.785398163397);
#6154 = AXIS2_PLACEMENT_3D('',#6155,#6156,#6157);
#6155 = CARTESIAN_POINT('',(8.2,12.9,57.27));
#6156 = DIRECTION('',(0.,1.,0.));
#6157 = DIRECTION('',(0.,0.,1.));
#6158 = ADVANCED_FACE('',(#6159),#6225,.T.);
#6159 = FACE_BOUND('',#6160,.T.);
#6160 = EDGE_LOOP('',(#6161,#6171,#6179,#6187,#6195,#6203,#6211,#6219));
#6161 = ORIENTED_EDGE('',*,*,#6162,.F.);
#6162 = EDGE_CURVE('',#6163,#6165,#6167,.T.);
#6163 = VERTEX_POINT('',#6164);
#6164 = CARTESIAN_POINT('',(3.6,12.6,1.85));
#6165 = VERTEX_POINT('',#6166);
#6166 = CARTESIAN_POINT('',(118.9,12.6,1.85));
#6167 = LINE('',#6168,#6169);
#6168 = CARTESIAN_POINT('',(3.6,12.6,1.85));
#6169 = VECTOR('',#6170,1.);
#6170 = DIRECTION('',(1.,0.,0.));
#6171 = ORIENTED_EDGE('',*,*,#6172,.T.);
#6172 = EDGE_CURVE('',#6163,#6173,#6175,.T.);
#6173 = VERTEX_POINT('',#6174);
#6174 = CARTESIAN_POINT('',(3.6,15.,1.85));
#6175 = LINE('',#6176,#6177);
#6176 = CARTESIAN_POINT('',(3.6,12.6,1.85));
#6177 = VECTOR('',#6178,1.);
#6178 = DIRECTION('',(0.,1.,0.));
#6179 = ORIENTED_EDGE('',*,*,#6180,.T.);
#6180 = EDGE_CURVE('',#6173,#6181,#6183,.T.);
#6181 = VERTEX_POINT('',#6182);
#6182 = CARTESIAN_POINT('',(36.,15.,1.85));
#6183 = LINE('',#6184,#6185);
#6184 = CARTESIAN_POINT('',(3.6,15.,1.85));
#6185 = VECTOR('',#6186,1.);
#6186 = DIRECTION('',(1.,0.,0.));
#6187 = ORIENTED_EDGE('',*,*,#6188,.T.);
#6188 = EDGE_CURVE('',#6181,#6189,#6191,.T.);
#6189 = VERTEX_POINT('',#6190);
#6190 = CARTESIAN_POINT('',(36.,13.8,1.85));
#6191 = LINE('',#6192,#6193);
#6192 = CARTESIAN_POINT('',(36.,13.2,1.85));
#6193 = VECTOR('',#6194,1.);
#6194 = DIRECTION('',(0.,-1.,0.));
#6195 = ORIENTED_EDGE('',*,*,#6196,.T.);
#6196 = EDGE_CURVE('',#6189,#6197,#6199,.T.);
#6197 = VERTEX_POINT('',#6198);
#6198 = CARTESIAN_POINT('',(44.,13.8,1.85));
#6199 = LINE('',#6200,#6201);
#6200 = CARTESIAN_POINT('',(19.8,13.8,1.85));
#6201 = VECTOR('',#6202,1.);
#6202 = DIRECTION('',(1.,0.,0.));
#6203 = ORIENTED_EDGE('',*,*,#6204,.F.);
#6204 = EDGE_CURVE('',#6205,#6197,#6207,.T.);
#6205 = VERTEX_POINT('',#6206);
#6206 = CARTESIAN_POINT('',(44.,15.,1.85));
#6207 = LINE('',#6208,#6209);
#6208 = CARTESIAN_POINT('',(44.,13.2,1.85));
#6209 = VECTOR('',#6210,1.);
#6210 = DIRECTION('',(0.,-1.,0.));
#6211 = ORIENTED_EDGE('',*,*,#6212,.T.);
#6212 = EDGE_CURVE('',#6205,#6213,#6215,.T.);
#6213 = VERTEX_POINT('',#6214);
#6214 = CARTESIAN_POINT('',(118.9,15.,1.85));
#6215 = LINE('',#6216,#6217);
#6216 = CARTESIAN_POINT('',(3.6,15.,1.85));
#6217 = VECTOR('',#6218,1.);
#6218 = DIRECTION('',(1.,0.,0.));
#6219 = ORIENTED_EDGE('',*,*,#6220,.F.);
#6220 = EDGE_CURVE('',#6165,#6213,#6221,.T.);
#6221 = LINE('',#6222,#6223);
#6222 = CARTESIAN_POINT('',(118.9,12.6,1.85));
#6223 = VECTOR('',#6224,1.);
#6224 = DIRECTION('',(0.,1.,0.));
#6225 = PLANE('',#6226);
#6226 = AXIS2_PLACEMENT_3D('',#6227,#6228,#6229);
#6227 = CARTESIAN_POINT('',(3.6,12.6,1.85));
#6228 = DIRECTION('',(0.,0.,-1.));
#6229 = DIRECTION('',(1.,0.,0.));
#6230 = ADVANCED_FACE('',(#6231,#6292,#6303,#6314,#6325,#6336,#6370,
    #6381,#6415),#6449,.T.);
#6231 = FACE_BOUND('',#6232,.T.);
#6232 = EDGE_LOOP('',(#6233,#6234,#6243,#6251,#6260,#6268,#6277,#6285));
#6233 = ORIENTED_EDGE('',*,*,#6162,.T.);
#6234 = ORIENTED_EDGE('',*,*,#6235,.T.);
#6235 = EDGE_CURVE('',#6165,#6236,#6238,.T.);
#6236 = VERTEX_POINT('',#6237);
#6237 = CARTESIAN_POINT('',(120.65,12.6,3.6));
#6238 = CIRCLE('',#6239,1.75);
#6239 = AXIS2_PLACEMENT_3D('',#6240,#6241,#6242);
#6240 = CARTESIAN_POINT('',(118.9,12.6,3.6));
#6241 = DIRECTION('',(0.,-1.,0.));
#6242 = DIRECTION('',(8.120488408687E-15,0.,-1.));
#6243 = ORIENTED_EDGE('',*,*,#6244,.T.);
#6244 = EDGE_CURVE('',#6236,#6245,#6247,.T.);
#6245 = VERTEX_POINT('',#6246);
#6246 = CARTESIAN_POINT('',(120.65,12.6,61.9));
#6247 = LINE('',#6248,#6249);
#6248 = CARTESIAN_POINT('',(120.65,12.6,3.6));
#6249 = VECTOR('',#6250,1.);
#6250 = DIRECTION('',(0.,0.,1.));
#6251 = ORIENTED_EDGE('',*,*,#6252,.T.);
#6252 = EDGE_CURVE('',#6245,#6253,#6255,.T.);
#6253 = VERTEX_POINT('',#6254);
#6254 = CARTESIAN_POINT('',(118.9,12.6,63.65));
#6255 = CIRCLE('',#6256,1.75);
#6256 = AXIS2_PLACEMENT_3D('',#6257,#6258,#6259);
#6257 = CARTESIAN_POINT('',(118.9,12.6,61.9));
#6258 = DIRECTION('',(0.,-1.,0.));
#6259 = DIRECTION('',(1.,0.,4.060244204343E-15));
#6260 = ORIENTED_EDGE('',*,*,#6261,.T.);
#6261 = EDGE_CURVE('',#6253,#6262,#6264,.T.);
#6262 = VERTEX_POINT('',#6263);
#6263 = CARTESIAN_POINT('',(3.6,12.6,63.65));
#6264 = LINE('',#6265,#6266);
#6265 = CARTESIAN_POINT('',(118.9,12.6,63.65));
#6266 = VECTOR('',#6267,1.);
#6267 = DIRECTION('',(-1.,0.,0.));
#6268 = ORIENTED_EDGE('',*,*,#6269,.T.);
#6269 = EDGE_CURVE('',#6262,#6270,#6272,.T.);
#6270 = VERTEX_POINT('',#6271);
#6271 = CARTESIAN_POINT('',(1.85,12.6,61.9));
#6272 = CIRCLE('',#6273,1.75);
#6273 = AXIS2_PLACEMENT_3D('',#6274,#6275,#6276);
#6274 = CARTESIAN_POINT('',(3.6,12.6,61.9));
#6275 = DIRECTION('',(0.,-1.,0.));
#6276 = DIRECTION('',(2.537652627715E-15,0.,1.));
#6277 = ORIENTED_EDGE('',*,*,#6278,.T.);
#6278 = EDGE_CURVE('',#6270,#6279,#6281,.T.);
#6279 = VERTEX_POINT('',#6280);
#6280 = CARTESIAN_POINT('',(1.85,12.6,3.6));
#6281 = LINE('',#6282,#6283);
#6282 = CARTESIAN_POINT('',(1.85,12.6,61.9));
#6283 = VECTOR('',#6284,1.);
#6284 = DIRECTION('',(0.,0.,-1.));
#6285 = ORIENTED_EDGE('',*,*,#6286,.T.);
#6286 = EDGE_CURVE('',#6279,#6163,#6287,.T.);
#6287 = CIRCLE('',#6288,1.75);
#6288 = AXIS2_PLACEMENT_3D('',#6289,#6290,#6291);
#6289 = CARTESIAN_POINT('',(3.6,12.6,3.6));
#6290 = DIRECTION('',(0.,-1.,0.));
#6291 = DIRECTION('',(-1.,0.,5.075305255429E-16));
#6292 = FACE_BOUND('',#6293,.T.);
#6293 = EDGE_LOOP('',(#6294));
#6294 = ORIENTED_EDGE('',*,*,#6295,.T.);
#6295 = EDGE_CURVE('',#6296,#6296,#6298,.T.);
#6296 = VERTEX_POINT('',#6297);
#6297 = CARTESIAN_POINT('',(8.2,12.6,60.07));
#6298 = CIRCLE('',#6299,2.8);
#6299 = AXIS2_PLACEMENT_3D('',#6300,#6301,#6302);
#6300 = CARTESIAN_POINT('',(8.2,12.6,57.27));
#6301 = DIRECTION('',(0.,1.,0.));
#6302 = DIRECTION('',(0.,0.,1.));
#6303 = FACE_BOUND('',#6304,.T.);
#6304 = EDGE_LOOP('',(#6305));
#6305 = ORIENTED_EDGE('',*,*,#6306,.T.);
#6306 = EDGE_CURVE('',#6307,#6307,#6309,.T.);
#6307 = VERTEX_POINT('',#6308);
#6308 = CARTESIAN_POINT('',(8.2,12.6,11.03));
#6309 = CIRCLE('',#6310,2.8);
#6310 = AXIS2_PLACEMENT_3D('',#6311,#6312,#6313);
#6311 = CARTESIAN_POINT('',(8.2,12.6,8.23));
#6312 = DIRECTION('',(0.,1.,0.));
#6313 = DIRECTION('',(0.,0.,1.));
#6314 = FACE_BOUND('',#6315,.T.);
#6315 = EDGE_LOOP('',(#6316));
#6316 = ORIENTED_EDGE('',*,*,#6317,.T.);
#6317 = EDGE_CURVE('',#6318,#6318,#6320,.T.);
#6318 = VERTEX_POINT('',#6319);
#6319 = CARTESIAN_POINT('',(91.5,12.6,60.07));
#6320 = CIRCLE('',#6321,2.8);
#6321 = AXIS2_PLACEMENT_3D('',#6322,#6323,#6324);
#6322 = CARTESIAN_POINT('',(91.5,12.6,57.27));
#6323 = DIRECTION('',(0.,1.,0.));
#6324 = DIRECTION('',(0.,0.,1.));
#6325 = FACE_BOUND('',#6326,.T.);
#6326 = EDGE_LOOP('',(#6327));
#6327 = ORIENTED_EDGE('',*,*,#6328,.T.);
#6328 = EDGE_CURVE('',#6329,#6329,#6331,.T.);
#6329 = VERTEX_POINT('',#6330);
#6330 = CARTESIAN_POINT('',(116.9,12.6,61.3));
#6331 = CIRCLE('',#6332,1.4);
#6332 = AXIS2_PLACEMENT_3D('',#6333,#6334,#6335);
#6333 = CARTESIAN_POINT('',(116.9,12.6,59.9));
#6334 = DIRECTION('',(0.,1.,0.));
#6335 = DIRECTION('',(0.,0.,1.));
#6336 = FACE_BOUND('',#6337,.T.);
#6337 = EDGE_LOOP('',(#6338,#6348,#6356,#6364));
#6338 = ORIENTED_EDGE('',*,*,#6339,.F.);
#6339 = EDGE_CURVE('',#6340,#6342,#6344,.T.);
#6340 = VERTEX_POINT('',#6341);
#6341 = CARTESIAN_POINT('',(101.59852700491,12.6,21.65));
#6342 = VERTEX_POINT('',#6343);
#6343 = CARTESIAN_POINT('',(97.40147299509,12.6,21.65));
#6344 = LINE('',#6345,#6346);
#6345 = CARTESIAN_POINT('',(80.375,12.6,21.65));
#6346 = VECTOR('',#6347,1.);
#6347 = DIRECTION('',(-1.,0.,0.));
#6348 = ORIENTED_EDGE('',*,*,#6349,.T.);
#6349 = EDGE_CURVE('',#6340,#6350,#6352,.T.);
#6350 = VERTEX_POINT('',#6351);
#6351 = CARTESIAN_POINT('',(101.59852700491,12.6,13.65));
#6352 = LINE('',#6353,#6354);
#6353 = CARTESIAN_POINT('',(101.59852700491,12.6,23.2));
#6354 = VECTOR('',#6355,1.);
#6355 = DIRECTION('',(0.,0.,-1.));
#6356 = ORIENTED_EDGE('',*,*,#6357,.T.);
#6357 = EDGE_CURVE('',#6350,#6358,#6360,.T.);
#6358 = VERTEX_POINT('',#6359);
#6359 = CARTESIAN_POINT('',(97.40147299509,12.6,13.65));
#6360 = LINE('',#6361,#6362);
#6361 = CARTESIAN_POINT('',(80.375,12.6,13.65));
#6362 = VECTOR('',#6363,1.);
#6363 = DIRECTION('',(-1.,0.,0.));
#6364 = ORIENTED_EDGE('',*,*,#6365,.T.);
#6365 = EDGE_CURVE('',#6358,#6342,#6366,.T.);
#6366 = LINE('',#6367,#6368);
#6367 = CARTESIAN_POINT('',(97.40147299509,12.6,23.2));
#6368 = VECTOR('',#6369,1.);
#6369 = DIRECTION('',(0.,0.,1.));
#6370 = FACE_BOUND('',#6371,.T.);
#6371 = EDGE_LOOP('',(#6372));
#6372 = ORIENTED_EDGE('',*,*,#6373,.T.);
#6373 = EDGE_CURVE('',#6374,#6374,#6376,.T.);
#6374 = VERTEX_POINT('',#6375);
#6375 = CARTESIAN_POINT('',(91.5,12.6,11.03));
#6376 = CIRCLE('',#6377,2.8);
#6377 = AXIS2_PLACEMENT_3D('',#6378,#6379,#6380);
#6378 = CARTESIAN_POINT('',(91.5,12.6,8.23));
#6379 = DIRECTION('',(0.,1.,0.));
#6380 = DIRECTION('',(0.,0.,1.));
#6381 = FACE_BOUND('',#6382,.T.);
#6382 = EDGE_LOOP('',(#6383,#6393,#6401,#6409));
#6383 = ORIENTED_EDGE('',*,*,#6384,.F.);
#6384 = EDGE_CURVE('',#6385,#6387,#6389,.T.);
#6385 = VERTEX_POINT('',#6386);
#6386 = CARTESIAN_POINT('',(107.99852700491,12.6,21.65));
#6387 = VERTEX_POINT('',#6388);
#6388 = CARTESIAN_POINT('',(103.80147299509,12.6,21.65));
#6389 = LINE('',#6390,#6391);
#6390 = CARTESIAN_POINT('',(83.575,12.6,21.65));
#6391 = VECTOR('',#6392,1.);
#6392 = DIRECTION('',(-1.,0.,0.));
#6393 = ORIENTED_EDGE('',*,*,#6394,.T.);
#6394 = EDGE_CURVE('',#6385,#6395,#6397,.T.);
#6395 = VERTEX_POINT('',#6396);
#6396 = CARTESIAN_POINT('',(107.99852700491,12.6,13.65));
#6397 = LINE('',#6398,#6399);
#6398 = CARTESIAN_POINT('',(107.99852700491,12.6,23.2));
#6399 = VECTOR('',#6400,1.);
#6400 = DIRECTION('',(0.,0.,-1.));
#6401 = ORIENTED_EDGE('',*,*,#6402,.T.);
#6402 = EDGE_CURVE('',#6395,#6403,#6405,.T.);
#6403 = VERTEX_POINT('',#6404);
#6404 = CARTESIAN_POINT('',(103.80147299509,12.6,13.65));
#6405 = LINE('',#6406,#6407);
#6406 = CARTESIAN_POINT('',(83.575,12.6,13.65));
#6407 = VECTOR('',#6408,1.);
#6408 = DIRECTION('',(-1.,0.,0.));
#6409 = ORIENTED_EDGE('',*,*,#6410,.T.);
#6410 = EDGE_CURVE('',#6403,#6387,#6411,.T.);
#6411 = LINE('',#6412,#6413);
#6412 = CARTESIAN_POINT('',(103.80147299509,12.6,23.2));
#6413 = VECTOR('',#6414,1.);
#6414 = DIRECTION('',(0.,0.,1.));
#6415 = FACE_BOUND('',#6416,.T.);
#6416 = EDGE_LOOP('',(#6417,#6427,#6435,#6443));
#6417 = ORIENTED_EDGE('',*,*,#6418,.F.);
#6418 = EDGE_CURVE('',#6419,#6421,#6423,.T.);
#6419 = VERTEX_POINT('',#6420);
#6420 = CARTESIAN_POINT('',(116.99852700491,12.6,21.65));
#6421 = VERTEX_POINT('',#6422);
#6422 = CARTESIAN_POINT('',(112.80147299509,12.6,21.65));
#6423 = LINE('',#6424,#6425);
#6424 = CARTESIAN_POINT('',(88.075,12.6,21.65));
#6425 = VECTOR('',#6426,1.);
#6426 = DIRECTION('',(-1.,0.,0.));
#6427 = ORIENTED_EDGE('',*,*,#6428,.T.);
#6428 = EDGE_CURVE('',#6419,#6429,#6431,.T.);
#6429 = VERTEX_POINT('',#6430);
#6430 = CARTESIAN_POINT('',(116.99852700491,12.6,13.65));
#6431 = LINE('',#6432,#6433);
#6432 = CARTESIAN_POINT('',(116.99852700491,12.6,23.2));
#6433 = VECTOR('',#6434,1.);
#6434 = DIRECTION('',(0.,0.,-1.));
#6435 = ORIENTED_EDGE('',*,*,#6436,.T.);
#6436 = EDGE_CURVE('',#6429,#6437,#6439,.T.);
#6437 = VERTEX_POINT('',#6438);
#6438 = CARTESIAN_POINT('',(112.80147299509,12.6,13.65));
#6439 = LINE('',#6440,#6441);
#6440 = CARTESIAN_POINT('',(88.075,12.6,13.65));
#6441 = VECTOR('',#6442,1.);
#6442 = DIRECTION('',(-1.,0.,0.));
#6443 = ORIENTED_EDGE('',*,*,#6444,.T.);
#6444 = EDGE_CURVE('',#6437,#6421,#6445,.T.);
#6445 = LINE('',#6446,#6447);
#6446 = CARTESIAN_POINT('',(112.80147299509,12.6,23.2));
#6447 = VECTOR('',#6448,1.);
#6448 = DIRECTION('',(0.,0.,1.));
#6449 = PLANE('',#6450);
#6450 = AXIS2_PLACEMENT_3D('',#6451,#6452,#6453);
#6451 = CARTESIAN_POINT('',(61.25,12.6,32.75));
#6452 = DIRECTION('',(-0.,-1.,-0.));
#6453 = DIRECTION('',(0.,0.,-1.));
#6454 = ADVANCED_FACE('',(#6455),#6474,.T.);
#6455 = FACE_BOUND('',#6456,.T.);
#6456 = EDGE_LOOP('',(#6457,#6458,#6467,#6473));
#6457 = ORIENTED_EDGE('',*,*,#6220,.T.);
#6458 = ORIENTED_EDGE('',*,*,#6459,.T.);
#6459 = EDGE_CURVE('',#6213,#6460,#6462,.T.);
#6460 = VERTEX_POINT('',#6461);
#6461 = CARTESIAN_POINT('',(120.65,15.,3.6));
#6462 = CIRCLE('',#6463,1.75);
#6463 = AXIS2_PLACEMENT_3D('',#6464,#6465,#6466);
#6464 = CARTESIAN_POINT('',(118.9,15.,3.6));
#6465 = DIRECTION('',(0.,-1.,0.));
#6466 = DIRECTION('',(8.120488408687E-15,0.,-1.));
#6467 = ORIENTED_EDGE('',*,*,#6468,.F.);
#6468 = EDGE_CURVE('',#6236,#6460,#6469,.T.);
#6469 = LINE('',#6470,#6471);
#6470 = CARTESIAN_POINT('',(120.65,12.6,3.6));
#6471 = VECTOR('',#6472,1.);
#6472 = DIRECTION('',(0.,1.,0.));
#6473 = ORIENTED_EDGE('',*,*,#6235,.F.);
#6474 = CYLINDRICAL_SURFACE('',#6475,1.75);
#6475 = AXIS2_PLACEMENT_3D('',#6476,#6477,#6478);
#6476 = CARTESIAN_POINT('',(118.9,12.6,3.6));
#6477 = DIRECTION('',(0.,-1.,0.));
#6478 = DIRECTION('',(8.120488408687E-15,0.,-1.));
#6479 = ADVANCED_FACE('',(#6480,#6556,#6567,#6578,#6589),#6600,.F.);
#6480 = FACE_BOUND('',#6481,.F.);
#6481 = EDGE_LOOP('',(#6482,#6491,#6492,#6500,#6508,#6514,#6515,#6516,
    #6524,#6533,#6541,#6550));
#6482 = ORIENTED_EDGE('',*,*,#6483,.T.);
#6483 = EDGE_CURVE('',#6484,#6173,#6486,.T.);
#6484 = VERTEX_POINT('',#6485);
#6485 = CARTESIAN_POINT('',(1.85,15.,3.6));
#6486 = CIRCLE('',#6487,1.75);
#6487 = AXIS2_PLACEMENT_3D('',#6488,#6489,#6490);
#6488 = CARTESIAN_POINT('',(3.6,15.,3.6));
#6489 = DIRECTION('',(0.,-1.,0.));
#6490 = DIRECTION('',(-1.,0.,5.075305255429E-16));
#6491 = ORIENTED_EDGE('',*,*,#6180,.T.);
#6492 = ORIENTED_EDGE('',*,*,#6493,.T.);
#6493 = EDGE_CURVE('',#6181,#6494,#6496,.T.);
#6494 = VERTEX_POINT('',#6495);
#6495 = CARTESIAN_POINT('',(36.,15.,3.05));
#6496 = LINE('',#6497,#6498);
#6497 = CARTESIAN_POINT('',(36.,15.,15.875));
#6498 = VECTOR('',#6499,1.);
#6499 = DIRECTION('',(0.,0.,1.));
#6500 = ORIENTED_EDGE('',*,*,#6501,.F.);
#6501 = EDGE_CURVE('',#6502,#6494,#6504,.T.);
#6502 = VERTEX_POINT('',#6503);
#6503 = CARTESIAN_POINT('',(44.,15.,3.05));
#6504 = LINE('',#6505,#6506);
#6505 = CARTESIAN_POINT('',(48.625,15.,3.05));
#6506 = VECTOR('',#6507,1.);
#6507 = DIRECTION('',(-1.,0.,0.));
#6508 = ORIENTED_EDGE('',*,*,#6509,.F.);
#6509 = EDGE_CURVE('',#6205,#6502,#6510,.T.);
#6510 = LINE('',#6511,#6512);
#6511 = CARTESIAN_POINT('',(44.,15.,15.875));
#6512 = VECTOR('',#6513,1.);
#6513 = DIRECTION('',(0.,0.,1.));
#6514 = ORIENTED_EDGE('',*,*,#6212,.T.);
#6515 = ORIENTED_EDGE('',*,*,#6459,.T.);
#6516 = ORIENTED_EDGE('',*,*,#6517,.T.);
#6517 = EDGE_CURVE('',#6460,#6518,#6520,.T.);
#6518 = VERTEX_POINT('',#6519);
#6519 = CARTESIAN_POINT('',(120.65,15.,61.9));
#6520 = LINE('',#6521,#6522);
#6521 = CARTESIAN_POINT('',(120.65,15.,3.6));
#6522 = VECTOR('',#6523,1.);
#6523 = DIRECTION('',(0.,0.,1.));
#6524 = ORIENTED_EDGE('',*,*,#6525,.T.);
#6525 = EDGE_CURVE('',#6518,#6526,#6528,.T.);
#6526 = VERTEX_POINT('',#6527);
#6527 = CARTESIAN_POINT('',(118.9,15.,63.65));
#6528 = CIRCLE('',#6529,1.75);
#6529 = AXIS2_PLACEMENT_3D('',#6530,#6531,#6532);
#6530 = CARTESIAN_POINT('',(118.9,15.,61.9));
#6531 = DIRECTION('',(0.,-1.,0.));
#6532 = DIRECTION('',(1.,0.,4.060244204343E-15));
#6533 = ORIENTED_EDGE('',*,*,#6534,.T.);
#6534 = EDGE_CURVE('',#6526,#6535,#6537,.T.);
#6535 = VERTEX_POINT('',#6536);
#6536 = CARTESIAN_POINT('',(3.6,15.,63.65));
#6537 = LINE('',#6538,#6539);
#6538 = CARTESIAN_POINT('',(118.9,15.,63.65));
#6539 = VECTOR('',#6540,1.);
#6540 = DIRECTION('',(-1.,0.,0.));
#6541 = ORIENTED_EDGE('',*,*,#6542,.T.);
#6542 = EDGE_CURVE('',#6535,#6543,#6545,.T.);
#6543 = VERTEX_POINT('',#6544);
#6544 = CARTESIAN_POINT('',(1.85,15.,61.9));
#6545 = CIRCLE('',#6546,1.75);
#6546 = AXIS2_PLACEMENT_3D('',#6547,#6548,#6549);
#6547 = CARTESIAN_POINT('',(3.6,15.,61.9));
#6548 = DIRECTION('',(0.,-1.,0.));
#6549 = DIRECTION('',(2.537652627715E-15,0.,1.));
#6550 = ORIENTED_EDGE('',*,*,#6551,.T.);
#6551 = EDGE_CURVE('',#6543,#6484,#6552,.T.);
#6552 = LINE('',#6553,#6554);
#6553 = CARTESIAN_POINT('',(1.85,15.,61.9));
#6554 = VECTOR('',#6555,1.);
#6555 = DIRECTION('',(0.,0.,-1.));
#6556 = FACE_BOUND('',#6557,.F.);
#6557 = EDGE_LOOP('',(#6558));
#6558 = ORIENTED_EDGE('',*,*,#6559,.T.);
#6559 = EDGE_CURVE('',#6560,#6560,#6562,.T.);
#6560 = VERTEX_POINT('',#6561);
#6561 = CARTESIAN_POINT('',(8.2,15.,59.77));
#6562 = CIRCLE('',#6563,2.5);
#6563 = AXIS2_PLACEMENT_3D('',#6564,#6565,#6566);
#6564 = CARTESIAN_POINT('',(8.2,15.,57.27));
#6565 = DIRECTION('',(0.,1.,0.));
#6566 = DIRECTION('',(0.,0.,1.));
#6567 = FACE_BOUND('',#6568,.F.);
#6568 = EDGE_LOOP('',(#6569));
#6569 = ORIENTED_EDGE('',*,*,#6570,.T.);
#6570 = EDGE_CURVE('',#6571,#6571,#6573,.T.);
#6571 = VERTEX_POINT('',#6572);
#6572 = CARTESIAN_POINT('',(8.2,15.,10.73));
#6573 = CIRCLE('',#6574,2.5);
#6574 = AXIS2_PLACEMENT_3D('',#6575,#6576,#6577);
#6575 = CARTESIAN_POINT('',(8.2,15.,8.23));
#6576 = DIRECTION('',(0.,1.,0.));
#6577 = DIRECTION('',(0.,0.,1.));
#6578 = FACE_BOUND('',#6579,.F.);
#6579 = EDGE_LOOP('',(#6580));
#6580 = ORIENTED_EDGE('',*,*,#6581,.T.);
#6581 = EDGE_CURVE('',#6582,#6582,#6584,.T.);
#6582 = VERTEX_POINT('',#6583);
#6583 = CARTESIAN_POINT('',(116.9,15.,62.4));
#6584 = CIRCLE('',#6585,2.5);
#6585 = AXIS2_PLACEMENT_3D('',#6586,#6587,#6588);
#6586 = CARTESIAN_POINT('',(116.9,15.,59.9));
#6587 = DIRECTION('',(0.,1.,0.));
#6588 = DIRECTION('',(0.,0.,1.));
#6589 = FACE_BOUND('',#6590,.F.);
#6590 = EDGE_LOOP('',(#6591));
#6591 = ORIENTED_EDGE('',*,*,#6592,.T.);
#6592 = EDGE_CURVE('',#6593,#6593,#6595,.T.);
#6593 = VERTEX_POINT('',#6594);
#6594 = CARTESIAN_POINT('',(91.5,15.,10.73));
#6595 = CIRCLE('',#6596,2.5);
#6596 = AXIS2_PLACEMENT_3D('',#6597,#6598,#6599);
#6597 = CARTESIAN_POINT('',(91.5,15.,8.23));
#6598 = DIRECTION('',(0.,1.,0.));
#6599 = DIRECTION('',(0.,0.,1.));
#6600 = PLANE('',#6601);
#6601 = AXIS2_PLACEMENT_3D('',#6602,#6603,#6604);
#6602 = CARTESIAN_POINT('',(61.25,15.,32.75));
#6603 = DIRECTION('',(-0.,-1.,-0.));
#6604 = DIRECTION('',(0.,0.,-1.));
#6605 = ADVANCED_FACE('',(#6606),#6624,.F.);
#6606 = FACE_BOUND('',#6607,.F.);
#6607 = EDGE_LOOP('',(#6608,#6616,#6617,#6618));
#6608 = ORIENTED_EDGE('',*,*,#6609,.F.);
#6609 = EDGE_CURVE('',#6197,#6610,#6612,.T.);
#6610 = VERTEX_POINT('',#6611);
#6611 = CARTESIAN_POINT('',(44.,13.8,3.05));
#6612 = LINE('',#6613,#6614);
#6613 = CARTESIAN_POINT('',(44.,13.8,-1.));
#6614 = VECTOR('',#6615,1.);
#6615 = DIRECTION('',(0.,0.,1.));
#6616 = ORIENTED_EDGE('',*,*,#6204,.F.);
#6617 = ORIENTED_EDGE('',*,*,#6509,.T.);
#6618 = ORIENTED_EDGE('',*,*,#6619,.F.);
#6619 = EDGE_CURVE('',#6610,#6502,#6620,.T.);
#6620 = LINE('',#6621,#6622);
#6621 = CARTESIAN_POINT('',(44.,13.8,3.05));
#6622 = VECTOR('',#6623,1.);
#6623 = DIRECTION('',(0.,1.,0.));
#6624 = PLANE('',#6625);
#6625 = AXIS2_PLACEMENT_3D('',#6626,#6627,#6628);
#6626 = CARTESIAN_POINT('',(44.,13.8,-1.));
#6627 = DIRECTION('',(1.,0.,0.));
#6628 = DIRECTION('',(0.,0.,1.));
#6629 = ADVANCED_FACE('',(#6630),#6648,.T.);
#6630 = FACE_BOUND('',#6631,.T.);
#6631 = EDGE_LOOP('',(#6632,#6633,#6634,#6642));
#6632 = ORIENTED_EDGE('',*,*,#6609,.F.);
#6633 = ORIENTED_EDGE('',*,*,#6196,.F.);
#6634 = ORIENTED_EDGE('',*,*,#6635,.T.);
#6635 = EDGE_CURVE('',#6189,#6636,#6638,.T.);
#6636 = VERTEX_POINT('',#6637);
#6637 = CARTESIAN_POINT('',(36.,13.8,3.05));
#6638 = LINE('',#6639,#6640);
#6639 = CARTESIAN_POINT('',(36.,13.8,-1.));
#6640 = VECTOR('',#6641,1.);
#6641 = DIRECTION('',(0.,0.,1.));
#6642 = ORIENTED_EDGE('',*,*,#6643,.T.);
#6643 = EDGE_CURVE('',#6636,#6610,#6644,.T.);
#6644 = LINE('',#6645,#6646);
#6645 = CARTESIAN_POINT('',(36.,13.8,3.05));
#6646 = VECTOR('',#6647,1.);
#6647 = DIRECTION('',(1.,0.,0.));
#6648 = PLANE('',#6649);
#6649 = AXIS2_PLACEMENT_3D('',#6650,#6651,#6652);
#6650 = CARTESIAN_POINT('',(36.,13.8,-1.));
#6651 = DIRECTION('',(0.,1.,0.));
#6652 = DIRECTION('',(0.,0.,1.));
#6653 = ADVANCED_FACE('',(#6654),#6665,.T.);
#6654 = FACE_BOUND('',#6655,.T.);
#6655 = EDGE_LOOP('',(#6656,#6657,#6658,#6659));
#6656 = ORIENTED_EDGE('',*,*,#6635,.F.);
#6657 = ORIENTED_EDGE('',*,*,#6188,.F.);
#6658 = ORIENTED_EDGE('',*,*,#6493,.T.);
#6659 = ORIENTED_EDGE('',*,*,#6660,.F.);
#6660 = EDGE_CURVE('',#6636,#6494,#6661,.T.);
#6661 = LINE('',#6662,#6663);
#6662 = CARTESIAN_POINT('',(36.,13.8,3.05));
#6663 = VECTOR('',#6664,1.);
#6664 = DIRECTION('',(0.,1.,0.));
#6665 = PLANE('',#6666);
#6666 = AXIS2_PLACEMENT_3D('',#6667,#6668,#6669);
#6667 = CARTESIAN_POINT('',(36.,13.8,-1.));
#6668 = DIRECTION('',(1.,0.,0.));
#6669 = DIRECTION('',(0.,0.,1.));
#6670 = ADVANCED_FACE('',(#6671),#6682,.T.);
#6671 = FACE_BOUND('',#6672,.T.);
#6672 = EDGE_LOOP('',(#6673,#6679,#6680,#6681));
#6673 = ORIENTED_EDGE('',*,*,#6674,.T.);
#6674 = EDGE_CURVE('',#6279,#6484,#6675,.T.);
#6675 = LINE('',#6676,#6677);
#6676 = CARTESIAN_POINT('',(1.85,12.6,3.6));
#6677 = VECTOR('',#6678,1.);
#6678 = DIRECTION('',(0.,1.,0.));
#6679 = ORIENTED_EDGE('',*,*,#6483,.T.);
#6680 = ORIENTED_EDGE('',*,*,#6172,.F.);
#6681 = ORIENTED_EDGE('',*,*,#6286,.F.);
#6682 = CYLINDRICAL_SURFACE('',#6683,1.75);
#6683 = AXIS2_PLACEMENT_3D('',#6684,#6685,#6686);
#6684 = CARTESIAN_POINT('',(3.6,12.6,3.6));
#6685 = DIRECTION('',(0.,-1.,0.));
#6686 = DIRECTION('',(-1.,0.,5.075305255429E-16));
#6687 = ADVANCED_FACE('',(#6688),#6699,.T.);
#6688 = FACE_BOUND('',#6689,.T.);
#6689 = EDGE_LOOP('',(#6690,#6696,#6697,#6698));
#6690 = ORIENTED_EDGE('',*,*,#6691,.T.);
#6691 = EDGE_CURVE('',#6270,#6543,#6692,.T.);
#6692 = LINE('',#6693,#6694);
#6693 = CARTESIAN_POINT('',(1.85,12.6,61.9));
#6694 = VECTOR('',#6695,1.);
#6695 = DIRECTION('',(0.,1.,0.));
#6696 = ORIENTED_EDGE('',*,*,#6551,.T.);
#6697 = ORIENTED_EDGE('',*,*,#6674,.F.);
#6698 = ORIENTED_EDGE('',*,*,#6278,.F.);
#6699 = PLANE('',#6700);
#6700 = AXIS2_PLACEMENT_3D('',#6701,#6702,#6703);
#6701 = CARTESIAN_POINT('',(1.85,12.6,61.9));
#6702 = DIRECTION('',(-1.,0.,0.));
#6703 = DIRECTION('',(0.,0.,-1.));
#6704 = ADVANCED_FACE('',(#6705),#6716,.T.);
#6705 = FACE_BOUND('',#6706,.T.);
#6706 = EDGE_LOOP('',(#6707,#6708,#6709,#6715));
#6707 = ORIENTED_EDGE('',*,*,#6468,.T.);
#6708 = ORIENTED_EDGE('',*,*,#6517,.T.);
#6709 = ORIENTED_EDGE('',*,*,#6710,.F.);
#6710 = EDGE_CURVE('',#6245,#6518,#6711,.T.);
#6711 = LINE('',#6712,#6713);
#6712 = CARTESIAN_POINT('',(120.65,12.6,61.9));
#6713 = VECTOR('',#6714,1.);
#6714 = DIRECTION('',(0.,1.,0.));
#6715 = ORIENTED_EDGE('',*,*,#6244,.F.);
#6716 = PLANE('',#6717);
#6717 = AXIS2_PLACEMENT_3D('',#6718,#6719,#6720);
#6718 = CARTESIAN_POINT('',(120.65,12.6,3.6));
#6719 = DIRECTION('',(1.,0.,0.));
#6720 = DIRECTION('',(0.,0.,1.));
#6721 = ADVANCED_FACE('',(#6722),#6733,.T.);
#6722 = FACE_BOUND('',#6723,.T.);
#6723 = EDGE_LOOP('',(#6724,#6730,#6731,#6732));
#6724 = ORIENTED_EDGE('',*,*,#6725,.T.);
#6725 = EDGE_CURVE('',#6262,#6535,#6726,.T.);
#6726 = LINE('',#6727,#6728);
#6727 = CARTESIAN_POINT('',(3.6,12.6,63.65));
#6728 = VECTOR('',#6729,1.);
#6729 = DIRECTION('',(0.,1.,0.));
#6730 = ORIENTED_EDGE('',*,*,#6542,.T.);
#6731 = ORIENTED_EDGE('',*,*,#6691,.F.);
#6732 = ORIENTED_EDGE('',*,*,#6269,.F.);
#6733 = CYLINDRICAL_SURFACE('',#6734,1.75);
#6734 = AXIS2_PLACEMENT_3D('',#6735,#6736,#6737);
#6735 = CARTESIAN_POINT('',(3.6,12.6,61.9));
#6736 = DIRECTION('',(0.,-1.,0.));
#6737 = DIRECTION('',(2.537652627715E-15,0.,1.));
#6738 = ADVANCED_FACE('',(#6739),#6750,.T.);
#6739 = FACE_BOUND('',#6740,.T.);
#6740 = EDGE_LOOP('',(#6741,#6742,#6743,#6749));
#6741 = ORIENTED_EDGE('',*,*,#6710,.T.);
#6742 = ORIENTED_EDGE('',*,*,#6525,.T.);
#6743 = ORIENTED_EDGE('',*,*,#6744,.F.);
#6744 = EDGE_CURVE('',#6253,#6526,#6745,.T.);
#6745 = LINE('',#6746,#6747);
#6746 = CARTESIAN_POINT('',(118.9,12.6,63.65));
#6747 = VECTOR('',#6748,1.);
#6748 = DIRECTION('',(0.,1.,0.));
#6749 = ORIENTED_EDGE('',*,*,#6252,.F.);
#6750 = CYLINDRICAL_SURFACE('',#6751,1.75);
#6751 = AXIS2_PLACEMENT_3D('',#6752,#6753,#6754);
#6752 = CARTESIAN_POINT('',(118.9,12.6,61.9));
#6753 = DIRECTION('',(0.,-1.,0.));
#6754 = DIRECTION('',(1.,0.,4.060244204343E-15));
#6755 = ADVANCED_FACE('',(#6756),#6762,.T.);
#6756 = FACE_BOUND('',#6757,.T.);
#6757 = EDGE_LOOP('',(#6758,#6759,#6760,#6761));
#6758 = ORIENTED_EDGE('',*,*,#6744,.T.);
#6759 = ORIENTED_EDGE('',*,*,#6534,.T.);
#6760 = ORIENTED_EDGE('',*,*,#6725,.F.);
#6761 = ORIENTED_EDGE('',*,*,#6261,.F.);
#6762 = PLANE('',#6763);
#6763 = AXIS2_PLACEMENT_3D('',#6764,#6765,#6766);
#6764 = CARTESIAN_POINT('',(118.9,12.6,63.65));
#6765 = DIRECTION('',(0.,0.,1.));
#6766 = DIRECTION('',(-1.,0.,0.));
#6767 = ADVANCED_FACE('',(#6768),#6787,.T.);
#6768 = FACE_BOUND('',#6769,.T.);
#6769 = EDGE_LOOP('',(#6770,#6771,#6779,#6786));
#6770 = ORIENTED_EDGE('',*,*,#6295,.F.);
#6771 = ORIENTED_EDGE('',*,*,#6772,.F.);
#6772 = EDGE_CURVE('',#6773,#6296,#6775,.T.);
#6773 = VERTEX_POINT('',#6774);
#6774 = CARTESIAN_POINT('',(8.2,6.45,60.07));
#6775 = LINE('',#6776,#6777);
#6776 = CARTESIAN_POINT('',(8.2,6.45,60.07));
#6777 = VECTOR('',#6778,1.);
#6778 = DIRECTION('',(0.,1.,0.));
#6779 = ORIENTED_EDGE('',*,*,#6780,.T.);
#6780 = EDGE_CURVE('',#6773,#6773,#6781,.T.);
#6781 = CIRCLE('',#6782,2.8);
#6782 = AXIS2_PLACEMENT_3D('',#6783,#6784,#6785);
#6783 = CARTESIAN_POINT('',(8.2,6.45,57.27));
#6784 = DIRECTION('',(0.,1.,0.));
#6785 = DIRECTION('',(0.,0.,1.));
#6786 = ORIENTED_EDGE('',*,*,#6772,.T.);
#6787 = CYLINDRICAL_SURFACE('',#6788,2.8);
#6788 = AXIS2_PLACEMENT_3D('',#6789,#6790,#6791);
#6789 = CARTESIAN_POINT('',(8.2,6.45,57.27));
#6790 = DIRECTION('',(0.,1.,0.));
#6791 = DIRECTION('',(0.,0.,1.));
#6792 = ADVANCED_FACE('',(#6793),#6812,.T.);
#6793 = FACE_BOUND('',#6794,.T.);
#6794 = EDGE_LOOP('',(#6795,#6796,#6804,#6811));
#6795 = ORIENTED_EDGE('',*,*,#6306,.F.);
#6796 = ORIENTED_EDGE('',*,*,#6797,.F.);
#6797 = EDGE_CURVE('',#6798,#6307,#6800,.T.);
#6798 = VERTEX_POINT('',#6799);
#6799 = CARTESIAN_POINT('',(8.2,6.45,11.03));
#6800 = LINE('',#6801,#6802);
#6801 = CARTESIAN_POINT('',(8.2,6.45,11.03));
#6802 = VECTOR('',#6803,1.);
#6803 = DIRECTION('',(0.,1.,0.));
#6804 = ORIENTED_EDGE('',*,*,#6805,.T.);
#6805 = EDGE_CURVE('',#6798,#6798,#6806,.T.);
#6806 = CIRCLE('',#6807,2.8);
#6807 = AXIS2_PLACEMENT_3D('',#6808,#6809,#6810);
#6808 = CARTESIAN_POINT('',(8.2,6.45,8.23));
#6809 = DIRECTION('',(0.,1.,0.));
#6810 = DIRECTION('',(0.,0.,1.));
#6811 = ORIENTED_EDGE('',*,*,#6797,.T.);
#6812 = CYLINDRICAL_SURFACE('',#6813,2.8);
#6813 = AXIS2_PLACEMENT_3D('',#6814,#6815,#6816);
#6814 = CARTESIAN_POINT('',(8.2,6.45,8.23));
#6815 = DIRECTION('',(0.,1.,0.));
#6816 = DIRECTION('',(0.,0.,1.));
#6817 = ADVANCED_FACE('',(#6818),#6837,.T.);
#6818 = FACE_BOUND('',#6819,.T.);
#6819 = EDGE_LOOP('',(#6820,#6821,#6829,#6836));
#6820 = ORIENTED_EDGE('',*,*,#6317,.F.);
#6821 = ORIENTED_EDGE('',*,*,#6822,.F.);
#6822 = EDGE_CURVE('',#6823,#6318,#6825,.T.);
#6823 = VERTEX_POINT('',#6824);
#6824 = CARTESIAN_POINT('',(91.5,6.4,60.07));
#6825 = LINE('',#6826,#6827);
#6826 = CARTESIAN_POINT('',(91.5,6.4,60.07));
#6827 = VECTOR('',#6828,1.);
#6828 = DIRECTION('',(0.,1.,0.));
#6829 = ORIENTED_EDGE('',*,*,#6830,.T.);
#6830 = EDGE_CURVE('',#6823,#6823,#6831,.T.);
#6831 = CIRCLE('',#6832,2.8);
#6832 = AXIS2_PLACEMENT_3D('',#6833,#6834,#6835);
#6833 = CARTESIAN_POINT('',(91.5,6.4,57.27));
#6834 = DIRECTION('',(0.,1.,0.));
#6835 = DIRECTION('',(0.,0.,1.));
#6836 = ORIENTED_EDGE('',*,*,#6822,.T.);
#6837 = CYLINDRICAL_SURFACE('',#6838,2.8);
#6838 = AXIS2_PLACEMENT_3D('',#6839,#6840,#6841);
#6839 = CARTESIAN_POINT('',(91.5,6.4,57.27));
#6840 = DIRECTION('',(0.,1.,0.));
#6841 = DIRECTION('',(0.,0.,1.));
#6842 = ADVANCED_FACE('',(#6843),#6862,.F.);
#6843 = FACE_BOUND('',#6844,.F.);
#6844 = EDGE_LOOP('',(#6845,#6854,#6860,#6861));
#6845 = ORIENTED_EDGE('',*,*,#6846,.F.);
#6846 = EDGE_CURVE('',#6847,#6847,#6849,.T.);
#6847 = VERTEX_POINT('',#6848);
#6848 = CARTESIAN_POINT('',(116.9,12.9,61.3));
#6849 = CIRCLE('',#6850,1.4);
#6850 = AXIS2_PLACEMENT_3D('',#6851,#6852,#6853);
#6851 = CARTESIAN_POINT('',(116.9,12.9,59.9));
#6852 = DIRECTION('',(0.,1.,0.));
#6853 = DIRECTION('',(0.,0.,1.));
#6854 = ORIENTED_EDGE('',*,*,#6855,.F.);
#6855 = EDGE_CURVE('',#6329,#6847,#6856,.T.);
#6856 = LINE('',#6857,#6858);
#6857 = CARTESIAN_POINT('',(116.9,11.6,61.3));
#6858 = VECTOR('',#6859,1.);
#6859 = DIRECTION('',(0.,1.,0.));
#6860 = ORIENTED_EDGE('',*,*,#6328,.T.);
#6861 = ORIENTED_EDGE('',*,*,#6855,.T.);
#6862 = CYLINDRICAL_SURFACE('',#6863,1.4);
#6863 = AXIS2_PLACEMENT_3D('',#6864,#6865,#6866);
#6864 = CARTESIAN_POINT('',(116.9,11.6,59.9));
#6865 = DIRECTION('',(0.,1.,0.));
#6866 = DIRECTION('',(0.,0.,1.));
#6867 = ADVANCED_FACE('',(#6868),#6893,.T.);
#6868 = FACE_BOUND('',#6869,.T.);
#6869 = EDGE_LOOP('',(#6870,#6878,#6886,#6892));
#6870 = ORIENTED_EDGE('',*,*,#6871,.T.);
#6871 = EDGE_CURVE('',#6342,#6872,#6874,.T.);
#6872 = VERTEX_POINT('',#6873);
#6873 = CARTESIAN_POINT('',(98.3,6.5,21.65));
#6874 = LINE('',#6875,#6876);
#6875 = CARTESIAN_POINT('',(97.4,12.61,21.65));
#6876 = VECTOR('',#6877,1.);
#6877 = DIRECTION('',(0.145727062011,-0.989324832094,0.));
#6878 = ORIENTED_EDGE('',*,*,#6879,.T.);
#6879 = EDGE_CURVE('',#6872,#6880,#6882,.T.);
#6880 = VERTEX_POINT('',#6881);
#6881 = CARTESIAN_POINT('',(100.7,6.5,21.65));
#6882 = LINE('',#6883,#6884);
#6883 = CARTESIAN_POINT('',(98.3,6.5,21.65));
#6884 = VECTOR('',#6885,1.);
#6885 = DIRECTION('',(1.,0.,0.));
#6886 = ORIENTED_EDGE('',*,*,#6887,.T.);
#6887 = EDGE_CURVE('',#6880,#6340,#6888,.T.);
#6888 = LINE('',#6889,#6890);
#6889 = CARTESIAN_POINT('',(100.7,6.5,21.65));
#6890 = VECTOR('',#6891,1.);
#6891 = DIRECTION('',(0.145727062011,0.989324832094,0.));
#6892 = ORIENTED_EDGE('',*,*,#6339,.T.);
#6893 = PLANE('',#6894);
#6894 = AXIS2_PLACEMENT_3D('',#6895,#6896,#6897);
#6895 = CARTESIAN_POINT('',(99.5,9.84515624503,21.65));
#6896 = DIRECTION('',(0.,0.,1.));
#6897 = DIRECTION('',(1.,0.,0.));
#6898 = ADVANCED_FACE('',(#6899),#6917,.F.);
#6899 = FACE_BOUND('',#6900,.F.);
#6900 = EDGE_LOOP('',(#6901,#6909,#6915,#6916));
#6901 = ORIENTED_EDGE('',*,*,#6902,.F.);
#6902 = EDGE_CURVE('',#6903,#6350,#6905,.T.);
#6903 = VERTEX_POINT('',#6904);
#6904 = CARTESIAN_POINT('',(100.7,6.5,13.65));
#6905 = LINE('',#6906,#6907);
#6906 = CARTESIAN_POINT('',(100.7,6.5,13.65));
#6907 = VECTOR('',#6908,1.);
#6908 = DIRECTION('',(0.145727062011,0.989324832094,0.));
#6909 = ORIENTED_EDGE('',*,*,#6910,.T.);
#6910 = EDGE_CURVE('',#6903,#6880,#6911,.T.);
#6911 = LINE('',#6912,#6913);
#6912 = CARTESIAN_POINT('',(100.7,6.5,13.65));
#6913 = VECTOR('',#6914,1.);
#6914 = DIRECTION('',(0.,0.,1.));
#6915 = ORIENTED_EDGE('',*,*,#6887,.T.);
#6916 = ORIENTED_EDGE('',*,*,#6349,.T.);
#6917 = PLANE('',#6918);
#6918 = AXIS2_PLACEMENT_3D('',#6919,#6920,#6921);
#6919 = CARTESIAN_POINT('',(100.7,6.5,13.65));
#6920 = DIRECTION('',(-0.989324832094,0.145727062011,0.));
#6921 = DIRECTION('',(0.145727062011,0.989324832094,0.));
#6922 = ADVANCED_FACE('',(#6923),#6941,.F.);
#6923 = FACE_BOUND('',#6924,.F.);
#6924 = EDGE_LOOP('',(#6925,#6933,#6934,#6935));
#6925 = ORIENTED_EDGE('',*,*,#6926,.F.);
#6926 = EDGE_CURVE('',#6358,#6927,#6929,.T.);
#6927 = VERTEX_POINT('',#6928);
#6928 = CARTESIAN_POINT('',(98.3,6.5,13.65));
#6929 = LINE('',#6930,#6931);
#6930 = CARTESIAN_POINT('',(97.4,12.61,13.65));
#6931 = VECTOR('',#6932,1.);
#6932 = DIRECTION('',(0.145727062011,-0.989324832094,0.));
#6933 = ORIENTED_EDGE('',*,*,#6365,.T.);
#6934 = ORIENTED_EDGE('',*,*,#6871,.T.);
#6935 = ORIENTED_EDGE('',*,*,#6936,.F.);
#6936 = EDGE_CURVE('',#6927,#6872,#6937,.T.);
#6937 = LINE('',#6938,#6939);
#6938 = CARTESIAN_POINT('',(98.3,6.5,13.65));
#6939 = VECTOR('',#6940,1.);
#6940 = DIRECTION('',(0.,0.,1.));
#6941 = PLANE('',#6942);
#6942 = AXIS2_PLACEMENT_3D('',#6943,#6944,#6945);
#6943 = CARTESIAN_POINT('',(97.4,12.61,13.65));
#6944 = DIRECTION('',(0.989324832094,0.145727062011,0.));
#6945 = DIRECTION('',(0.145727062011,-0.989324832094,0.));
#6946 = ADVANCED_FACE('',(#6947),#6958,.F.);
#6947 = FACE_BOUND('',#6948,.F.);
#6948 = EDGE_LOOP('',(#6949,#6950,#6956,#6957));
#6949 = ORIENTED_EDGE('',*,*,#6926,.T.);
#6950 = ORIENTED_EDGE('',*,*,#6951,.T.);
#6951 = EDGE_CURVE('',#6927,#6903,#6952,.T.);
#6952 = LINE('',#6953,#6954);
#6953 = CARTESIAN_POINT('',(98.3,6.5,13.65));
#6954 = VECTOR('',#6955,1.);
#6955 = DIRECTION('',(1.,0.,0.));
#6956 = ORIENTED_EDGE('',*,*,#6902,.T.);
#6957 = ORIENTED_EDGE('',*,*,#6357,.T.);
#6958 = PLANE('',#6959);
#6959 = AXIS2_PLACEMENT_3D('',#6960,#6961,#6962);
#6960 = CARTESIAN_POINT('',(99.5,9.84515624503,13.65));
#6961 = DIRECTION('',(0.,0.,1.));
#6962 = DIRECTION('',(1.,0.,0.));
#6963 = ADVANCED_FACE('',(#6964),#6983,.T.);
#6964 = FACE_BOUND('',#6965,.T.);
#6965 = EDGE_LOOP('',(#6966,#6967,#6975,#6982));
#6966 = ORIENTED_EDGE('',*,*,#6373,.F.);
#6967 = ORIENTED_EDGE('',*,*,#6968,.F.);
#6968 = EDGE_CURVE('',#6969,#6374,#6971,.T.);
#6969 = VERTEX_POINT('',#6970);
#6970 = CARTESIAN_POINT('',(91.5,6.45,11.03));
#6971 = LINE('',#6972,#6973);
#6972 = CARTESIAN_POINT('',(91.5,6.45,11.03));
#6973 = VECTOR('',#6974,1.);
#6974 = DIRECTION('',(0.,1.,0.));
#6975 = ORIENTED_EDGE('',*,*,#6976,.T.);
#6976 = EDGE_CURVE('',#6969,#6969,#6977,.T.);
#6977 = CIRCLE('',#6978,2.8);
#6978 = AXIS2_PLACEMENT_3D('',#6979,#6980,#6981);
#6979 = CARTESIAN_POINT('',(91.5,6.45,8.23));
#6980 = DIRECTION('',(0.,1.,0.));
#6981 = DIRECTION('',(0.,0.,1.));
#6982 = ORIENTED_EDGE('',*,*,#6968,.T.);
#6983 = CYLINDRICAL_SURFACE('',#6984,2.8);
#6984 = AXIS2_PLACEMENT_3D('',#6985,#6986,#6987);
#6985 = CARTESIAN_POINT('',(91.5,6.45,8.23));
#6986 = DIRECTION('',(0.,1.,0.));
#6987 = DIRECTION('',(0.,0.,1.));
#6988 = ADVANCED_FACE('',(#6989),#7014,.T.);
#6989 = FACE_BOUND('',#6990,.T.);
#6990 = EDGE_LOOP('',(#6991,#6999,#7007,#7013));
#6991 = ORIENTED_EDGE('',*,*,#6992,.T.);
#6992 = EDGE_CURVE('',#6387,#6993,#6995,.T.);
#6993 = VERTEX_POINT('',#6994);
#6994 = CARTESIAN_POINT('',(104.7,6.5,21.65));
#6995 = LINE('',#6996,#6997);
#6996 = CARTESIAN_POINT('',(103.8,12.61,21.65));
#6997 = VECTOR('',#6998,1.);
#6998 = DIRECTION('',(0.145727062011,-0.989324832094,0.));
#6999 = ORIENTED_EDGE('',*,*,#7000,.T.);
#7000 = EDGE_CURVE('',#6993,#7001,#7003,.T.);
#7001 = VERTEX_POINT('',#7002);
#7002 = CARTESIAN_POINT('',(107.1,6.5,21.65));
#7003 = LINE('',#7004,#7005);
#7004 = CARTESIAN_POINT('',(104.7,6.5,21.65));
#7005 = VECTOR('',#7006,1.);
#7006 = DIRECTION('',(1.,0.,0.));
#7007 = ORIENTED_EDGE('',*,*,#7008,.T.);
#7008 = EDGE_CURVE('',#7001,#6385,#7009,.T.);
#7009 = LINE('',#7010,#7011);
#7010 = CARTESIAN_POINT('',(107.1,6.5,21.65));
#7011 = VECTOR('',#7012,1.);
#7012 = DIRECTION('',(0.145727062011,0.989324832094,0.));
#7013 = ORIENTED_EDGE('',*,*,#6384,.T.);
#7014 = PLANE('',#7015);
#7015 = AXIS2_PLACEMENT_3D('',#7016,#7017,#7018);
#7016 = CARTESIAN_POINT('',(105.9,9.84515624503,21.65));
#7017 = DIRECTION('',(0.,0.,1.));
#7018 = DIRECTION('',(1.,0.,0.));
#7019 = ADVANCED_FACE('',(#7020),#7038,.F.);
#7020 = FACE_BOUND('',#7021,.F.);
#7021 = EDGE_LOOP('',(#7022,#7030,#7036,#7037));
#7022 = ORIENTED_EDGE('',*,*,#7023,.F.);
#7023 = EDGE_CURVE('',#7024,#6395,#7026,.T.);
#7024 = VERTEX_POINT('',#7025);
#7025 = CARTESIAN_POINT('',(107.1,6.5,13.65));
#7026 = LINE('',#7027,#7028);
#7027 = CARTESIAN_POINT('',(107.1,6.5,13.65));
#7028 = VECTOR('',#7029,1.);
#7029 = DIRECTION('',(0.145727062011,0.989324832094,0.));
#7030 = ORIENTED_EDGE('',*,*,#7031,.T.);
#7031 = EDGE_CURVE('',#7024,#7001,#7032,.T.);
#7032 = LINE('',#7033,#7034);
#7033 = CARTESIAN_POINT('',(107.1,6.5,13.65));
#7034 = VECTOR('',#7035,1.);
#7035 = DIRECTION('',(0.,0.,1.));
#7036 = ORIENTED_EDGE('',*,*,#7008,.T.);
#7037 = ORIENTED_EDGE('',*,*,#6394,.T.);
#7038 = PLANE('',#7039);
#7039 = AXIS2_PLACEMENT_3D('',#7040,#7041,#7042);
#7040 = CARTESIAN_POINT('',(107.1,6.5,13.65));
#7041 = DIRECTION('',(-0.989324832094,0.145727062011,0.));
#7042 = DIRECTION('',(0.145727062011,0.989324832094,0.));
#7043 = ADVANCED_FACE('',(#7044),#7062,.F.);
#7044 = FACE_BOUND('',#7045,.F.);
#7045 = EDGE_LOOP('',(#7046,#7054,#7055,#7056));
#7046 = ORIENTED_EDGE('',*,*,#7047,.F.);
#7047 = EDGE_CURVE('',#6403,#7048,#7050,.T.);
#7048 = VERTEX_POINT('',#7049);
#7049 = CARTESIAN_POINT('',(104.7,6.5,13.65));
#7050 = LINE('',#7051,#7052);
#7051 = CARTESIAN_POINT('',(103.8,12.61,13.65));
#7052 = VECTOR('',#7053,1.);
#7053 = DIRECTION('',(0.145727062011,-0.989324832094,0.));
#7054 = ORIENTED_EDGE('',*,*,#6410,.T.);
#7055 = ORIENTED_EDGE('',*,*,#6992,.T.);
#7056 = ORIENTED_EDGE('',*,*,#7057,.F.);
#7057 = EDGE_CURVE('',#7048,#6993,#7058,.T.);
#7058 = LINE('',#7059,#7060);
#7059 = CARTESIAN_POINT('',(104.7,6.5,13.65));
#7060 = VECTOR('',#7061,1.);
#7061 = DIRECTION('',(0.,0.,1.));
#7062 = PLANE('',#7063);
#7063 = AXIS2_PLACEMENT_3D('',#7064,#7065,#7066);
#7064 = CARTESIAN_POINT('',(103.8,12.61,13.65));
#7065 = DIRECTION('',(0.989324832094,0.145727062011,0.));
#7066 = DIRECTION('',(0.145727062011,-0.989324832094,0.));
#7067 = ADVANCED_FACE('',(#7068),#7079,.F.);
#7068 = FACE_BOUND('',#7069,.F.);
#7069 = EDGE_LOOP('',(#7070,#7071,#7077,#7078));
#7070 = ORIENTED_EDGE('',*,*,#7047,.T.);
#7071 = ORIENTED_EDGE('',*,*,#7072,.T.);
#7072 = EDGE_CURVE('',#7048,#7024,#7073,.T.);
#7073 = LINE('',#7074,#7075);
#7074 = CARTESIAN_POINT('',(104.7,6.5,13.65));
#7075 = VECTOR('',#7076,1.);
#7076 = DIRECTION('',(1.,0.,0.));
#7077 = ORIENTED_EDGE('',*,*,#7023,.T.);
#7078 = ORIENTED_EDGE('',*,*,#6402,.T.);
#7079 = PLANE('',#7080);
#7080 = AXIS2_PLACEMENT_3D('',#7081,#7082,#7083);
#7081 = CARTESIAN_POINT('',(105.9,9.84515624503,13.65));
#7082 = DIRECTION('',(0.,0.,1.));
#7083 = DIRECTION('',(1.,0.,0.));
#7084 = ADVANCED_FACE('',(#7085),#7110,.T.);
#7085 = FACE_BOUND('',#7086,.T.);
#7086 = EDGE_LOOP('',(#7087,#7095,#7103,#7109));
#7087 = ORIENTED_EDGE('',*,*,#7088,.T.);
#7088 = EDGE_CURVE('',#6421,#7089,#7091,.T.);
#7089 = VERTEX_POINT('',#7090);
#7090 = CARTESIAN_POINT('',(113.7,6.5,21.65));
#7091 = LINE('',#7092,#7093);
#7092 = CARTESIAN_POINT('',(112.8,12.61,21.65));
#7093 = VECTOR('',#7094,1.);
#7094 = DIRECTION('',(0.145727062011,-0.989324832094,0.));
#7095 = ORIENTED_EDGE('',*,*,#7096,.T.);
#7096 = EDGE_CURVE('',#7089,#7097,#7099,.T.);
#7097 = VERTEX_POINT('',#7098);
#7098 = CARTESIAN_POINT('',(116.1,6.5,21.65));
#7099 = LINE('',#7100,#7101);
#7100 = CARTESIAN_POINT('',(113.7,6.5,21.65));
#7101 = VECTOR('',#7102,1.);
#7102 = DIRECTION('',(1.,0.,0.));
#7103 = ORIENTED_EDGE('',*,*,#7104,.T.);
#7104 = EDGE_CURVE('',#7097,#6419,#7105,.T.);
#7105 = LINE('',#7106,#7107);
#7106 = CARTESIAN_POINT('',(116.1,6.5,21.65));
#7107 = VECTOR('',#7108,1.);
#7108 = DIRECTION('',(0.145727062011,0.989324832094,0.));
#7109 = ORIENTED_EDGE('',*,*,#6418,.T.);
#7110 = PLANE('',#7111);
#7111 = AXIS2_PLACEMENT_3D('',#7112,#7113,#7114);
#7112 = CARTESIAN_POINT('',(114.9,9.84515624503,21.65));
#7113 = DIRECTION('',(0.,0.,1.));
#7114 = DIRECTION('',(1.,0.,0.));
#7115 = ADVANCED_FACE('',(#7116),#7134,.F.);
#7116 = FACE_BOUND('',#7117,.F.);
#7117 = EDGE_LOOP('',(#7118,#7126,#7132,#7133));
#7118 = ORIENTED_EDGE('',*,*,#7119,.F.);
#7119 = EDGE_CURVE('',#7120,#6429,#7122,.T.);
#7120 = VERTEX_POINT('',#7121);
#7121 = CARTESIAN_POINT('',(116.1,6.5,13.65));
#7122 = LINE('',#7123,#7124);
#7123 = CARTESIAN_POINT('',(116.1,6.5,13.65));
#7124 = VECTOR('',#7125,1.);
#7125 = DIRECTION('',(0.145727062011,0.989324832094,0.));
#7126 = ORIENTED_EDGE('',*,*,#7127,.T.);
#7127 = EDGE_CURVE('',#7120,#7097,#7128,.T.);
#7128 = LINE('',#7129,#7130);
#7129 = CARTESIAN_POINT('',(116.1,6.5,13.65));
#7130 = VECTOR('',#7131,1.);
#7131 = DIRECTION('',(0.,0.,1.));
#7132 = ORIENTED_EDGE('',*,*,#7104,.T.);
#7133 = ORIENTED_EDGE('',*,*,#6428,.T.);
#7134 = PLANE('',#7135);
#7135 = AXIS2_PLACEMENT_3D('',#7136,#7137,#7138);
#7136 = CARTESIAN_POINT('',(116.1,6.5,13.65));
#7137 = DIRECTION('',(-0.989324832094,0.145727062011,0.));
#7138 = DIRECTION('',(0.145727062011,0.989324832094,0.));
#7139 = ADVANCED_FACE('',(#7140),#7158,.F.);
#7140 = FACE_BOUND('',#7141,.F.);
#7141 = EDGE_LOOP('',(#7142,#7150,#7151,#7152));
#7142 = ORIENTED_EDGE('',*,*,#7143,.F.);
#7143 = EDGE_CURVE('',#6437,#7144,#7146,.T.);
#7144 = VERTEX_POINT('',#7145);
#7145 = CARTESIAN_POINT('',(113.7,6.5,13.65));
#7146 = LINE('',#7147,#7148);
#7147 = CARTESIAN_POINT('',(112.8,12.61,13.65));
#7148 = VECTOR('',#7149,1.);
#7149 = DIRECTION('',(0.145727062011,-0.989324832094,0.));
#7150 = ORIENTED_EDGE('',*,*,#6444,.T.);
#7151 = ORIENTED_EDGE('',*,*,#7088,.T.);
#7152 = ORIENTED_EDGE('',*,*,#7153,.F.);
#7153 = EDGE_CURVE('',#7144,#7089,#7154,.T.);
#7154 = LINE('',#7155,#7156);
#7155 = CARTESIAN_POINT('',(113.7,6.5,13.65));
#7156 = VECTOR('',#7157,1.);
#7157 = DIRECTION('',(0.,0.,1.));
#7158 = PLANE('',#7159);
#7159 = AXIS2_PLACEMENT_3D('',#7160,#7161,#7162);
#7160 = CARTESIAN_POINT('',(112.8,12.61,13.65));
#7161 = DIRECTION('',(0.989324832094,0.145727062011,0.));
#7162 = DIRECTION('',(0.145727062011,-0.989324832094,0.));
#7163 = ADVANCED_FACE('',(#7164),#7175,.F.);
#7164 = FACE_BOUND('',#7165,.F.);
#7165 = EDGE_LOOP('',(#7166,#7167,#7173,#7174));
#7166 = ORIENTED_EDGE('',*,*,#7143,.T.);
#7167 = ORIENTED_EDGE('',*,*,#7168,.T.);
#7168 = EDGE_CURVE('',#7144,#7120,#7169,.T.);
#7169 = LINE('',#7170,#7171);
#7170 = CARTESIAN_POINT('',(113.7,6.5,13.65));
#7171 = VECTOR('',#7172,1.);
#7172 = DIRECTION('',(1.,0.,0.));
#7173 = ORIENTED_EDGE('',*,*,#7119,.T.);
#7174 = ORIENTED_EDGE('',*,*,#6436,.T.);
#7175 = PLANE('',#7176);
#7176 = AXIS2_PLACEMENT_3D('',#7177,#7178,#7179);
#7177 = CARTESIAN_POINT('',(114.9,9.84515624503,13.65));
#7178 = DIRECTION('',(0.,0.,1.));
#7179 = DIRECTION('',(1.,0.,0.));
#7180 = ADVANCED_FACE('',(#7181),#7187,.F.);
#7181 = FACE_BOUND('',#7182,.F.);
#7182 = EDGE_LOOP('',(#7183,#7184,#7185,#7186));
#7183 = ORIENTED_EDGE('',*,*,#6660,.F.);
#7184 = ORIENTED_EDGE('',*,*,#6643,.T.);
#7185 = ORIENTED_EDGE('',*,*,#6619,.T.);
#7186 = ORIENTED_EDGE('',*,*,#6501,.T.);
#7187 = PLANE('',#7188);
#7188 = AXIS2_PLACEMENT_3D('',#7189,#7190,#7191);
#7189 = CARTESIAN_POINT('',(36.,13.8,3.05));
#7190 = DIRECTION('',(0.,0.,1.));
#7191 = DIRECTION('',(1.,0.,0.));
#7192 = ADVANCED_FACE('',(#7193,#7196),#7207,.F.);
#7193 = FACE_BOUND('',#7194,.F.);
#7194 = EDGE_LOOP('',(#7195));
#7195 = ORIENTED_EDGE('',*,*,#6780,.T.);
#7196 = FACE_BOUND('',#7197,.F.);
#7197 = EDGE_LOOP('',(#7198));
#7198 = ORIENTED_EDGE('',*,*,#7199,.F.);
#7199 = EDGE_CURVE('',#7200,#7200,#7202,.T.);
#7200 = VERTEX_POINT('',#7201);
#7201 = CARTESIAN_POINT('',(8.2,6.45,58.67));
#7202 = CIRCLE('',#7203,1.4);
#7203 = AXIS2_PLACEMENT_3D('',#7204,#7205,#7206);
#7204 = CARTESIAN_POINT('',(8.2,6.45,57.27));
#7205 = DIRECTION('',(0.,1.,0.));
#7206 = DIRECTION('',(0.,0.,1.));
#7207 = PLANE('',#7208);
#7208 = AXIS2_PLACEMENT_3D('',#7209,#7210,#7211);
#7209 = CARTESIAN_POINT('',(8.2,6.45,57.27));
#7210 = DIRECTION('',(0.,1.,0.));
#7211 = DIRECTION('',(0.,0.,1.));
#7212 = ADVANCED_FACE('',(#7213,#7216),#7227,.F.);
#7213 = FACE_BOUND('',#7214,.F.);
#7214 = EDGE_LOOP('',(#7215));
#7215 = ORIENTED_EDGE('',*,*,#6805,.T.);
#7216 = FACE_BOUND('',#7217,.F.);
#7217 = EDGE_LOOP('',(#7218));
#7218 = ORIENTED_EDGE('',*,*,#7219,.F.);
#7219 = EDGE_CURVE('',#7220,#7220,#7222,.T.);
#7220 = VERTEX_POINT('',#7221);
#7221 = CARTESIAN_POINT('',(8.2,6.45,9.63));
#7222 = CIRCLE('',#7223,1.4);
#7223 = AXIS2_PLACEMENT_3D('',#7224,#7225,#7226);
#7224 = CARTESIAN_POINT('',(8.2,6.45,8.23));
#7225 = DIRECTION('',(0.,1.,0.));
#7226 = DIRECTION('',(0.,0.,1.));
#7227 = PLANE('',#7228);
#7228 = AXIS2_PLACEMENT_3D('',#7229,#7230,#7231);
#7229 = CARTESIAN_POINT('',(8.2,6.45,8.23));
#7230 = DIRECTION('',(0.,1.,0.));
#7231 = DIRECTION('',(0.,0.,1.));
#7232 = ADVANCED_FACE('',(#7233,#7236),#7247,.F.);
#7233 = FACE_BOUND('',#7234,.F.);
#7234 = EDGE_LOOP('',(#7235));
#7235 = ORIENTED_EDGE('',*,*,#6830,.T.);
#7236 = FACE_BOUND('',#7237,.F.);
#7237 = EDGE_LOOP('',(#7238));
#7238 = ORIENTED_EDGE('',*,*,#7239,.F.);
#7239 = EDGE_CURVE('',#7240,#7240,#7242,.T.);
#7240 = VERTEX_POINT('',#7241);
#7241 = CARTESIAN_POINT('',(91.5,6.4,59.02));
#7242 = CIRCLE('',#7243,1.75);
#7243 = AXIS2_PLACEMENT_3D('',#7244,#7245,#7246);
#7244 = CARTESIAN_POINT('',(91.5,6.4,57.27));
#7245 = DIRECTION('',(0.,1.,0.));
#7246 = DIRECTION('',(0.,0.,1.));
#7247 = PLANE('',#7248);
#7248 = AXIS2_PLACEMENT_3D('',#7249,#7250,#7251);
#7249 = CARTESIAN_POINT('',(91.5,6.4,57.27));
#7250 = DIRECTION('',(0.,1.,0.));
#7251 = DIRECTION('',(0.,0.,1.));
#7252 = ADVANCED_FACE('',(#7253),#7272,.F.);
#7253 = FACE_BOUND('',#7254,.F.);
#7254 = EDGE_LOOP('',(#7255,#7264,#7270,#7271));
#7255 = ORIENTED_EDGE('',*,*,#7256,.F.);
#7256 = EDGE_CURVE('',#7257,#7257,#7259,.T.);
#7257 = VERTEX_POINT('',#7258);
#7258 = CARTESIAN_POINT('',(116.9,13.99,62.39));
#7259 = CIRCLE('',#7260,2.49);
#7260 = AXIS2_PLACEMENT_3D('',#7261,#7262,#7263);
#7261 = CARTESIAN_POINT('',(116.9,13.99,59.9));
#7262 = DIRECTION('',(0.,1.,0.));
#7263 = DIRECTION('',(0.,0.,1.));
#7264 = ORIENTED_EDGE('',*,*,#7265,.F.);
#7265 = EDGE_CURVE('',#6847,#7257,#7266,.T.);
#7266 = LINE('',#7267,#7268);
#7267 = CARTESIAN_POINT('',(116.9,12.9,61.3));
#7268 = VECTOR('',#7269,1.);
#7269 = DIRECTION('',(-1.731912112471E-16,0.707106781187,0.707106781187)
  );
#7270 = ORIENTED_EDGE('',*,*,#6846,.T.);
#7271 = ORIENTED_EDGE('',*,*,#7265,.T.);
#7272 = CONICAL_SURFACE('',#7273,1.4,0.785398163397);
#7273 = AXIS2_PLACEMENT_3D('',#7274,#7275,#7276);
#7274 = CARTESIAN_POINT('',(116.9,12.9,59.9));
#7275 = DIRECTION('',(0.,1.,0.));
#7276 = DIRECTION('',(0.,0.,1.));
#7277 = ADVANCED_FACE('',(#7278),#7284,.F.);
#7278 = FACE_BOUND('',#7279,.F.);
#7279 = EDGE_LOOP('',(#7280,#7281,#7282,#7283));
#7280 = ORIENTED_EDGE('',*,*,#6936,.T.);
#7281 = ORIENTED_EDGE('',*,*,#6879,.T.);
#7282 = ORIENTED_EDGE('',*,*,#6910,.F.);
#7283 = ORIENTED_EDGE('',*,*,#6951,.F.);
#7284 = PLANE('',#7285);
#7285 = AXIS2_PLACEMENT_3D('',#7286,#7287,#7288);
#7286 = CARTESIAN_POINT('',(98.3,6.5,13.65));
#7287 = DIRECTION('',(0.,1.,0.));
#7288 = DIRECTION('',(1.,0.,0.));
#7289 = ADVANCED_FACE('',(#7290,#7293),#7304,.F.);
#7290 = FACE_BOUND('',#7291,.F.);
#7291 = EDGE_LOOP('',(#7292));
#7292 = ORIENTED_EDGE('',*,*,#6976,.T.);
#7293 = FACE_BOUND('',#7294,.F.);
#7294 = EDGE_LOOP('',(#7295));
#7295 = ORIENTED_EDGE('',*,*,#7296,.F.);
#7296 = EDGE_CURVE('',#7297,#7297,#7299,.T.);
#7297 = VERTEX_POINT('',#7298);
#7298 = CARTESIAN_POINT('',(91.5,6.45,9.63));
#7299 = CIRCLE('',#7300,1.4);
#7300 = AXIS2_PLACEMENT_3D('',#7301,#7302,#7303);
#7301 = CARTESIAN_POINT('',(91.5,6.45,8.23));
#7302 = DIRECTION('',(0.,1.,0.));
#7303 = DIRECTION('',(0.,0.,1.));
#7304 = PLANE('',#7305);
#7305 = AXIS2_PLACEMENT_3D('',#7306,#7307,#7308);
#7306 = CARTESIAN_POINT('',(91.5,6.45,8.23));
#7307 = DIRECTION('',(0.,1.,0.));
#7308 = DIRECTION('',(0.,0.,1.));
#7309 = ADVANCED_FACE('',(#7310),#7316,.F.);
#7310 = FACE_BOUND('',#7311,.F.);
#7311 = EDGE_LOOP('',(#7312,#7313,#7314,#7315));
#7312 = ORIENTED_EDGE('',*,*,#7057,.T.);
#7313 = ORIENTED_EDGE('',*,*,#7000,.T.);
#7314 = ORIENTED_EDGE('',*,*,#7031,.F.);
#7315 = ORIENTED_EDGE('',*,*,#7072,.F.);
#7316 = PLANE('',#7317);
#7317 = AXIS2_PLACEMENT_3D('',#7318,#7319,#7320);
#7318 = CARTESIAN_POINT('',(104.7,6.5,13.65));
#7319 = DIRECTION('',(0.,1.,0.));
#7320 = DIRECTION('',(1.,0.,0.));
#7321 = ADVANCED_FACE('',(#7322),#7328,.F.);
#7322 = FACE_BOUND('',#7323,.F.);
#7323 = EDGE_LOOP('',(#7324,#7325,#7326,#7327));
#7324 = ORIENTED_EDGE('',*,*,#7153,.T.);
#7325 = ORIENTED_EDGE('',*,*,#7096,.T.);
#7326 = ORIENTED_EDGE('',*,*,#7127,.F.);
#7327 = ORIENTED_EDGE('',*,*,#7168,.F.);
#7328 = PLANE('',#7329);
#7329 = AXIS2_PLACEMENT_3D('',#7330,#7331,#7332);
#7330 = CARTESIAN_POINT('',(113.7,6.5,13.65));
#7331 = DIRECTION('',(0.,1.,0.));
#7332 = DIRECTION('',(1.,0.,0.));
#7333 = ADVANCED_FACE('',(#7334),#7345,.F.);
#7334 = FACE_BOUND('',#7335,.F.);
#7335 = EDGE_LOOP('',(#7336,#7337,#7343,#7344));
#7336 = ORIENTED_EDGE('',*,*,#6146,.F.);
#7337 = ORIENTED_EDGE('',*,*,#7338,.F.);
#7338 = EDGE_CURVE('',#7200,#6139,#7339,.T.);
#7339 = LINE('',#7340,#7341);
#7340 = CARTESIAN_POINT('',(8.2,5.4,58.67));
#7341 = VECTOR('',#7342,1.);
#7342 = DIRECTION('',(0.,1.,0.));
#7343 = ORIENTED_EDGE('',*,*,#7199,.T.);
#7344 = ORIENTED_EDGE('',*,*,#7338,.T.);
#7345 = CYLINDRICAL_SURFACE('',#7346,1.4);
#7346 = AXIS2_PLACEMENT_3D('',#7347,#7348,#7349);
#7347 = CARTESIAN_POINT('',(8.2,5.4,57.27));
#7348 = DIRECTION('',(0.,1.,0.));
#7349 = DIRECTION('',(0.,0.,1.));
#7350 = ADVANCED_FACE('',(#7351),#7362,.F.);
#7351 = FACE_BOUND('',#7352,.F.);
#7352 = EDGE_LOOP('',(#7353,#7354,#7360,#7361));
#7353 = ORIENTED_EDGE('',*,*,#6093,.F.);
#7354 = ORIENTED_EDGE('',*,*,#7355,.F.);
#7355 = EDGE_CURVE('',#7220,#6086,#7356,.T.);
#7356 = LINE('',#7357,#7358);
#7357 = CARTESIAN_POINT('',(8.2,5.4,9.63));
#7358 = VECTOR('',#7359,1.);
#7359 = DIRECTION('',(0.,1.,0.));
#7360 = ORIENTED_EDGE('',*,*,#7219,.T.);
#7361 = ORIENTED_EDGE('',*,*,#7355,.T.);
#7362 = CYLINDRICAL_SURFACE('',#7363,1.4);
#7363 = AXIS2_PLACEMENT_3D('',#7364,#7365,#7366);
#7364 = CARTESIAN_POINT('',(8.2,5.4,8.23));
#7365 = DIRECTION('',(0.,1.,0.));
#7366 = DIRECTION('',(0.,0.,1.));
#7367 = ADVANCED_FACE('',(#7368),#7387,.F.);
#7368 = FACE_BOUND('',#7369,.F.);
#7369 = EDGE_LOOP('',(#7370,#7379,#7385,#7386));
#7370 = ORIENTED_EDGE('',*,*,#7371,.F.);
#7371 = EDGE_CURVE('',#7372,#7372,#7374,.T.);
#7372 = VERTEX_POINT('',#7373);
#7373 = CARTESIAN_POINT('',(91.5,12.6,59.02));
#7374 = CIRCLE('',#7375,1.75);
#7375 = AXIS2_PLACEMENT_3D('',#7376,#7377,#7378);
#7376 = CARTESIAN_POINT('',(91.5,12.6,57.27));
#7377 = DIRECTION('',(0.,1.,0.));
#7378 = DIRECTION('',(0.,0.,1.));
#7379 = ORIENTED_EDGE('',*,*,#7380,.F.);
#7380 = EDGE_CURVE('',#7240,#7372,#7381,.T.);
#7381 = LINE('',#7382,#7383);
#7382 = CARTESIAN_POINT('',(91.5,5.4,59.02));
#7383 = VECTOR('',#7384,1.);
#7384 = DIRECTION('',(0.,1.,0.));
#7385 = ORIENTED_EDGE('',*,*,#7239,.T.);
#7386 = ORIENTED_EDGE('',*,*,#7380,.T.);
#7387 = CYLINDRICAL_SURFACE('',#7388,1.75);
#7388 = AXIS2_PLACEMENT_3D('',#7389,#7390,#7391);
#7389 = CARTESIAN_POINT('',(91.5,5.4,57.27));
#7390 = DIRECTION('',(0.,1.,0.));
#7391 = DIRECTION('',(0.,0.,1.));
#7392 = ADVANCED_FACE('',(#7393,#7404),#7407,.T.);
#7393 = FACE_BOUND('',#7394,.T.);
#7394 = EDGE_LOOP('',(#7395));
#7395 = ORIENTED_EDGE('',*,*,#7396,.T.);
#7396 = EDGE_CURVE('',#7397,#7397,#7399,.T.);
#7397 = VERTEX_POINT('',#7398);
#7398 = CARTESIAN_POINT('',(116.9,13.99,62.4));
#7399 = CIRCLE('',#7400,2.5);
#7400 = AXIS2_PLACEMENT_3D('',#7401,#7402,#7403);
#7401 = CARTESIAN_POINT('',(116.9,13.99,59.9));
#7402 = DIRECTION('',(0.,1.,0.));
#7403 = DIRECTION('',(0.,0.,1.));
#7404 = FACE_BOUND('',#7405,.T.);
#7405 = EDGE_LOOP('',(#7406));
#7406 = ORIENTED_EDGE('',*,*,#7256,.F.);
#7407 = PLANE('',#7408);
#7408 = AXIS2_PLACEMENT_3D('',#7409,#7410,#7411);
#7409 = CARTESIAN_POINT('',(116.9,13.99,59.9));
#7410 = DIRECTION('',(0.,1.,0.));
#7411 = DIRECTION('',(0.,0.,1.));
#7412 = ADVANCED_FACE('',(#7413),#7424,.F.);
#7413 = FACE_BOUND('',#7414,.F.);
#7414 = EDGE_LOOP('',(#7415,#7416,#7422,#7423));
#7415 = ORIENTED_EDGE('',*,*,#6040,.F.);
#7416 = ORIENTED_EDGE('',*,*,#7417,.F.);
#7417 = EDGE_CURVE('',#7297,#6033,#7418,.T.);
#7418 = LINE('',#7419,#7420);
#7419 = CARTESIAN_POINT('',(91.5,5.4,9.63));
#7420 = VECTOR('',#7421,1.);
#7421 = DIRECTION('',(0.,1.,0.));
#7422 = ORIENTED_EDGE('',*,*,#7296,.T.);
#7423 = ORIENTED_EDGE('',*,*,#7417,.T.);
#7424 = CYLINDRICAL_SURFACE('',#7425,1.4);
#7425 = AXIS2_PLACEMENT_3D('',#7426,#7427,#7428);
#7426 = CARTESIAN_POINT('',(91.5,5.4,8.23));
#7427 = DIRECTION('',(0.,1.,0.));
#7428 = DIRECTION('',(0.,0.,1.));
#7429 = ADVANCED_FACE('',(#7430),#7433,.T.);
#7430 = FACE_BOUND('',#7431,.T.);
#7431 = EDGE_LOOP('',(#7432));
#7432 = ORIENTED_EDGE('',*,*,#7371,.F.);
#7433 = PLANE('',#7434);
#7434 = AXIS2_PLACEMENT_3D('',#7435,#7436,#7437);
#7435 = CARTESIAN_POINT('',(61.25,12.6,32.75));
#7436 = DIRECTION('',(-0.,-1.,-0.));
#7437 = DIRECTION('',(0.,0.,-1.));
#7438 = ADVANCED_FACE('',(#7439),#7449,.F.);
#7439 = FACE_BOUND('',#7440,.F.);
#7440 = EDGE_LOOP('',(#7441,#7442,#7447,#7448));
#7441 = ORIENTED_EDGE('',*,*,#6109,.T.);
#7442 = ORIENTED_EDGE('',*,*,#7443,.T.);
#7443 = EDGE_CURVE('',#6110,#6560,#7444,.T.);
#7444 = B_SPLINE_CURVE_WITH_KNOTS('',1,(#7445,#7446),.UNSPECIFIED.,.F.,
  .F.,(2,2),(0.,1.01),.PIECEWISE_BEZIER_KNOTS.);
#7445 = CARTESIAN_POINT('',(8.2,13.99,59.77));
#7446 = CARTESIAN_POINT('',(8.2,15.,59.77));
#7447 = ORIENTED_EDGE('',*,*,#6559,.F.);
#7448 = ORIENTED_EDGE('',*,*,#7443,.F.);
#7449 = CYLINDRICAL_SURFACE('',#7450,2.5);
#7450 = AXIS2_PLACEMENT_3D('',#7451,#7452,#7453);
#7451 = CARTESIAN_POINT('',(8.2,13.99,57.27));
#7452 = DIRECTION('',(0.,1.,0.));
#7453 = DIRECTION('',(0.,0.,1.));
#7454 = ADVANCED_FACE('',(#7455),#7465,.F.);
#7455 = FACE_BOUND('',#7456,.F.);
#7456 = EDGE_LOOP('',(#7457,#7458,#7463,#7464));
#7457 = ORIENTED_EDGE('',*,*,#6056,.T.);
#7458 = ORIENTED_EDGE('',*,*,#7459,.T.);
#7459 = EDGE_CURVE('',#6057,#6571,#7460,.T.);
#7460 = B_SPLINE_CURVE_WITH_KNOTS('',1,(#7461,#7462),.UNSPECIFIED.,.F.,
  .F.,(2,2),(0.,1.01),.PIECEWISE_BEZIER_KNOTS.);
#7461 = CARTESIAN_POINT('',(8.2,13.99,10.73));
#7462 = CARTESIAN_POINT('',(8.2,15.,10.73));
#7463 = ORIENTED_EDGE('',*,*,#6570,.F.);
#7464 = ORIENTED_EDGE('',*,*,#7459,.F.);
#7465 = CYLINDRICAL_SURFACE('',#7466,2.5);
#7466 = AXIS2_PLACEMENT_3D('',#7467,#7468,#7469);
#7467 = CARTESIAN_POINT('',(8.2,13.99,8.23));
#7468 = DIRECTION('',(0.,1.,0.));
#7469 = DIRECTION('',(0.,0.,1.));
#7470 = ADVANCED_FACE('',(#7471),#7481,.F.);
#7471 = FACE_BOUND('',#7472,.F.);
#7472 = EDGE_LOOP('',(#7473,#7474,#7479,#7480));
#7473 = ORIENTED_EDGE('',*,*,#7396,.T.);
#7474 = ORIENTED_EDGE('',*,*,#7475,.T.);
#7475 = EDGE_CURVE('',#7397,#6582,#7476,.T.);
#7476 = B_SPLINE_CURVE_WITH_KNOTS('',1,(#7477,#7478),.UNSPECIFIED.,.F.,
  .F.,(2,2),(0.,1.01),.PIECEWISE_BEZIER_KNOTS.);
#7477 = CARTESIAN_POINT('',(116.9,13.99,62.4));
#7478 = CARTESIAN_POINT('',(116.9,15.,62.4));
#7479 = ORIENTED_EDGE('',*,*,#6581,.F.);
#7480 = ORIENTED_EDGE('',*,*,#7475,.F.);
#7481 = CYLINDRICAL_SURFACE('',#7482,2.5);
#7482 = AXIS2_PLACEMENT_3D('',#7483,#7484,#7485);
#7483 = CARTESIAN_POINT('',(116.9,13.99,59.9));
#7484 = DIRECTION('',(0.,1.,0.));
#7485 = DIRECTION('',(0.,0.,1.));
#7486 = ADVANCED_FACE('',(#7487),#7497,.F.);
#7487 = FACE_BOUND('',#7488,.F.);
#7488 = EDGE_LOOP('',(#7489,#7490,#7495,#7496));
#7489 = ORIENTED_EDGE('',*,*,#6003,.T.);
#7490 = ORIENTED_EDGE('',*,*,#7491,.T.);
#7491 = EDGE_CURVE('',#6004,#6593,#7492,.T.);
#7492 = B_SPLINE_CURVE_WITH_KNOTS('',1,(#7493,#7494),.UNSPECIFIED.,.F.,
  .F.,(2,2),(0.,1.01),.PIECEWISE_BEZIER_KNOTS.);
#7493 = CARTESIAN_POINT('',(91.5,13.99,10.73));
#7494 = CARTESIAN_POINT('',(91.5,15.,10.73));
#7495 = ORIENTED_EDGE('',*,*,#6592,.F.);
#7496 = ORIENTED_EDGE('',*,*,#7491,.F.);
#7497 = CYLINDRICAL_SURFACE('',#7498,2.5);
#7498 = AXIS2_PLACEMENT_3D('',#7499,#7500,#7501);
#7499 = CARTESIAN_POINT('',(91.5,13.99,8.23));
#7500 = DIRECTION('',(0.,1.,0.));
#7501 = DIRECTION('',(0.,0.,1.));
#7502 = MANIFOLD_SOLID_BREP('',#7503);
#7503 = CLOSED_SHELL('',(#7504,#7571,#7596,#7638,#7678,#7688,#7697,#7722
    ));
#7504 = ADVANCED_FACE('',(#7505),#7566,.T.);
#7505 = FACE_BOUND('',#7506,.T.);
#7506 = EDGE_LOOP('',(#7507,#7516,#7524,#7533,#7541,#7550,#7558,#7565));
#7507 = ORIENTED_EDGE('',*,*,#7508,.T.);
#7508 = EDGE_CURVE('',#7509,#7509,#7511,.T.);
#7509 = VERTEX_POINT('',#7510);
#7510 = CARTESIAN_POINT('',(111.4,-0.6,23.));
#7511 = CIRCLE('',#7512,3.7);
#7512 = AXIS2_PLACEMENT_3D('',#7513,#7514,#7515);
#7513 = CARTESIAN_POINT('',(111.4,-0.6,19.3));
#7514 = DIRECTION('',(0.,1.,0.));
#7515 = DIRECTION('',(0.,0.,1.));
#7516 = ORIENTED_EDGE('',*,*,#7517,.T.);
#7517 = EDGE_CURVE('',#7509,#7518,#7520,.T.);
#7518 = VERTEX_POINT('',#7519);
#7519 = CARTESIAN_POINT('',(111.4,1.8,23.));
#7520 = LINE('',#7521,#7522);
#7521 = CARTESIAN_POINT('',(111.4,-1.,23.));
#7522 = VECTOR('',#7523,1.);
#7523 = DIRECTION('',(0.,1.,0.));
#7524 = ORIENTED_EDGE('',*,*,#7525,.F.);
#7525 = EDGE_CURVE('',#7526,#7518,#7528,.T.);
#7526 = VERTEX_POINT('',#7527);
#7527 = CARTESIAN_POINT('',(112.65,1.8,15.817543970127));
#7528 = CIRCLE('',#7529,3.7);
#7529 = AXIS2_PLACEMENT_3D('',#7530,#7531,#7532);
#7530 = CARTESIAN_POINT('',(111.4,1.8,19.3));
#7531 = DIRECTION('',(0.,1.,0.));
#7532 = DIRECTION('',(0.,0.,1.));
#7533 = ORIENTED_EDGE('',*,*,#7534,.F.);
#7534 = EDGE_CURVE('',#7535,#7526,#7537,.T.);
#7535 = VERTEX_POINT('',#7536);
#7536 = CARTESIAN_POINT('',(112.65,1.79,15.817543970127));
#7537 = LINE('',#7538,#7539);
#7538 = CARTESIAN_POINT('',(112.65,-1.,15.817543970127));
#7539 = VECTOR('',#7540,1.);
#7540 = DIRECTION('',(0.,1.,0.));
#7541 = ORIENTED_EDGE('',*,*,#7542,.F.);
#7542 = EDGE_CURVE('',#7543,#7535,#7545,.T.);
#7543 = VERTEX_POINT('',#7544);
#7544 = CARTESIAN_POINT('',(112.65,1.79,22.782456029873));
#7545 = CIRCLE('',#7546,3.7);
#7546 = AXIS2_PLACEMENT_3D('',#7547,#7548,#7549);
#7547 = CARTESIAN_POINT('',(111.4,1.79,19.3));
#7548 = DIRECTION('',(0.,1.,0.));
#7549 = DIRECTION('',(0.,0.,1.));
#7550 = ORIENTED_EDGE('',*,*,#7551,.T.);
#7551 = EDGE_CURVE('',#7543,#7552,#7554,.T.);
#7552 = VERTEX_POINT('',#7553);
#7553 = CARTESIAN_POINT('',(112.65,1.8,22.782456029873));
#7554 = LINE('',#7555,#7556);
#7555 = CARTESIAN_POINT('',(112.65,-1.,22.782456029873));
#7556 = VECTOR('',#7557,1.);
#7557 = DIRECTION('',(0.,1.,0.));
#7558 = ORIENTED_EDGE('',*,*,#7559,.F.);
#7559 = EDGE_CURVE('',#7518,#7552,#7560,.T.);
#7560 = CIRCLE('',#7561,3.7);
#7561 = AXIS2_PLACEMENT_3D('',#7562,#7563,#7564);
#7562 = CARTESIAN_POINT('',(111.4,1.8,19.3));
#7563 = DIRECTION('',(0.,1.,0.));
#7564 = DIRECTION('',(0.,0.,1.));
#7565 = ORIENTED_EDGE('',*,*,#7517,.F.);
#7566 = CYLINDRICAL_SURFACE('',#7567,3.7);
#7567 = AXIS2_PLACEMENT_3D('',#7568,#7569,#7570);
#7568 = CARTESIAN_POINT('',(111.4,-1.,19.3));
#7569 = DIRECTION('',(0.,1.,0.));
#7570 = DIRECTION('',(0.,0.,1.));
#7571 = ADVANCED_FACE('',(#7572),#7591,.T.);
#7572 = FACE_BOUND('',#7573,.F.);
#7573 = EDGE_LOOP('',(#7574,#7582,#7583,#7584));
#7574 = ORIENTED_EDGE('',*,*,#7575,.F.);
#7575 = EDGE_CURVE('',#7509,#7576,#7578,.T.);
#7576 = VERTEX_POINT('',#7577);
#7577 = CARTESIAN_POINT('',(111.4,-1.,22.6));
#7578 = LINE('',#7579,#7580);
#7579 = CARTESIAN_POINT('',(111.4,-0.6,23.));
#7580 = VECTOR('',#7581,1.);
#7581 = DIRECTION('',(-0.,-0.707106781187,-0.707106781187));
#7582 = ORIENTED_EDGE('',*,*,#7508,.T.);
#7583 = ORIENTED_EDGE('',*,*,#7575,.T.);
#7584 = ORIENTED_EDGE('',*,*,#7585,.F.);
#7585 = EDGE_CURVE('',#7576,#7576,#7586,.T.);
#7586 = CIRCLE('',#7587,3.3);
#7587 = AXIS2_PLACEMENT_3D('',#7588,#7589,#7590);
#7588 = CARTESIAN_POINT('',(111.4,-1.,19.3));
#7589 = DIRECTION('',(0.,1.,0.));
#7590 = DIRECTION('',(0.,0.,1.));
#7591 = CONICAL_SURFACE('',#7592,3.7,0.785398163397);
#7592 = AXIS2_PLACEMENT_3D('',#7593,#7594,#7595);
#7593 = CARTESIAN_POINT('',(111.4,-0.6,19.3));
#7594 = DIRECTION('',(0.,1.,0.));
#7595 = DIRECTION('',(0.,0.,1.));
#7596 = ADVANCED_FACE('',(#7597),#7633,.F.);
#7597 = FACE_BOUND('',#7598,.F.);
#7598 = EDGE_LOOP('',(#7599,#7610,#7619,#7625,#7626,#7627));
#7599 = ORIENTED_EDGE('',*,*,#7600,.T.);
#7600 = EDGE_CURVE('',#7601,#7603,#7605,.T.);
#7601 = VERTEX_POINT('',#7602);
#7602 = CARTESIAN_POINT('',(112.65,1.8,14.977095883552));
#7603 = VERTEX_POINT('',#7604);
#7604 = CARTESIAN_POINT('',(111.4,1.8,23.8));
#7605 = CIRCLE('',#7606,4.5);
#7606 = AXIS2_PLACEMENT_3D('',#7607,#7608,#7609);
#7607 = CARTESIAN_POINT('',(111.4,1.8,19.3));
#7608 = DIRECTION('',(0.,1.,0.));
#7609 = DIRECTION('',(0.,0.,1.));
#7610 = ORIENTED_EDGE('',*,*,#7611,.T.);
#7611 = EDGE_CURVE('',#7603,#7612,#7614,.T.);
#7612 = VERTEX_POINT('',#7613);
#7613 = CARTESIAN_POINT('',(112.65,1.8,23.622904116448));
#7614 = CIRCLE('',#7615,4.5);
#7615 = AXIS2_PLACEMENT_3D('',#7616,#7617,#7618);
#7616 = CARTESIAN_POINT('',(111.4,1.8,19.3));
#7617 = DIRECTION('',(0.,1.,0.));
#7618 = DIRECTION('',(0.,0.,1.));
#7619 = ORIENTED_EDGE('',*,*,#7620,.T.);
#7620 = EDGE_CURVE('',#7612,#7552,#7621,.T.);
#7621 = LINE('',#7622,#7623);
#7622 = CARTESIAN_POINT('',(112.65,1.8,14.3));
#7623 = VECTOR('',#7624,1.);
#7624 = DIRECTION('',(0.,0.,-1.));
#7625 = ORIENTED_EDGE('',*,*,#7559,.F.);
#7626 = ORIENTED_EDGE('',*,*,#7525,.F.);
#7627 = ORIENTED_EDGE('',*,*,#7628,.T.);
#7628 = EDGE_CURVE('',#7526,#7601,#7629,.T.);
#7629 = LINE('',#7630,#7631);
#7630 = CARTESIAN_POINT('',(112.65,1.8,14.3));
#7631 = VECTOR('',#7632,1.);
#7632 = DIRECTION('',(0.,0.,-1.));
#7633 = PLANE('',#7634);
#7634 = AXIS2_PLACEMENT_3D('',#7635,#7636,#7637);
#7635 = CARTESIAN_POINT('',(111.4,1.8,19.3));
#7636 = DIRECTION('',(0.,1.,0.));
#7637 = DIRECTION('',(0.,0.,1.));
#7638 = ADVANCED_FACE('',(#7639),#7673,.T.);
#7639 = FACE_BOUND('',#7640,.T.);
#7640 = EDGE_LOOP('',(#7641,#7647,#7648,#7649,#7657,#7665,#7671,#7672));
#7641 = ORIENTED_EDGE('',*,*,#7642,.F.);
#7642 = EDGE_CURVE('',#7535,#7543,#7643,.T.);
#7643 = LINE('',#7644,#7645);
#7644 = CARTESIAN_POINT('',(112.65,1.79,9.3));
#7645 = VECTOR('',#7646,1.);
#7646 = DIRECTION('',(0.,0.,1.));
#7647 = ORIENTED_EDGE('',*,*,#7534,.T.);
#7648 = ORIENTED_EDGE('',*,*,#7628,.T.);
#7649 = ORIENTED_EDGE('',*,*,#7650,.T.);
#7650 = EDGE_CURVE('',#7601,#7651,#7653,.T.);
#7651 = VERTEX_POINT('',#7652);
#7652 = CARTESIAN_POINT('',(112.65,3.4,14.977095883552));
#7653 = LINE('',#7654,#7655);
#7654 = CARTESIAN_POINT('',(112.65,1.8,14.977095883552));
#7655 = VECTOR('',#7656,1.);
#7656 = DIRECTION('',(0.,1.,0.));
#7657 = ORIENTED_EDGE('',*,*,#7658,.F.);
#7658 = EDGE_CURVE('',#7659,#7651,#7661,.T.);
#7659 = VERTEX_POINT('',#7660);
#7660 = CARTESIAN_POINT('',(112.65,3.4,23.622904116448));
#7661 = LINE('',#7662,#7663);
#7662 = CARTESIAN_POINT('',(112.65,3.4,14.3));
#7663 = VECTOR('',#7664,1.);
#7664 = DIRECTION('',(0.,0.,-1.));
#7665 = ORIENTED_EDGE('',*,*,#7666,.F.);
#7666 = EDGE_CURVE('',#7612,#7659,#7667,.T.);
#7667 = LINE('',#7668,#7669);
#7668 = CARTESIAN_POINT('',(112.65,1.8,23.622904116448));
#7669 = VECTOR('',#7670,1.);
#7670 = DIRECTION('',(0.,1.,0.));
#7671 = ORIENTED_EDGE('',*,*,#7620,.T.);
#7672 = ORIENTED_EDGE('',*,*,#7551,.F.);
#7673 = PLANE('',#7674);
#7674 = AXIS2_PLACEMENT_3D('',#7675,#7676,#7677);
#7675 = CARTESIAN_POINT('',(112.65,1.79,9.3));
#7676 = DIRECTION('',(1.,0.,0.));
#7677 = DIRECTION('',(0.,0.,1.));
#7678 = ADVANCED_FACE('',(#7679),#7683,.T.);
#7679 = FACE_BOUND('',#7680,.T.);
#7680 = EDGE_LOOP('',(#7681,#7682));
#7681 = ORIENTED_EDGE('',*,*,#7542,.T.);
#7682 = ORIENTED_EDGE('',*,*,#7642,.T.);
#7683 = PLANE('',#7684);
#7684 = AXIS2_PLACEMENT_3D('',#7685,#7686,#7687);
#7685 = CARTESIAN_POINT('',(112.65,1.79,9.3));
#7686 = DIRECTION('',(0.,1.,0.));
#7687 = DIRECTION('',(0.,0.,1.));
#7688 = ADVANCED_FACE('',(#7689),#7692,.F.);
#7689 = FACE_BOUND('',#7690,.F.);
#7690 = EDGE_LOOP('',(#7691));
#7691 = ORIENTED_EDGE('',*,*,#7585,.T.);
#7692 = PLANE('',#7693);
#7693 = AXIS2_PLACEMENT_3D('',#7694,#7695,#7696);
#7694 = CARTESIAN_POINT('',(111.4,-1.,19.3));
#7695 = DIRECTION('',(0.,1.,0.));
#7696 = DIRECTION('',(0.,0.,1.));
#7697 = ADVANCED_FACE('',(#7698),#7717,.T.);
#7698 = FACE_BOUND('',#7699,.T.);
#7699 = EDGE_LOOP('',(#7700,#7709,#7716));
#7700 = ORIENTED_EDGE('',*,*,#7701,.T.);
#7701 = EDGE_CURVE('',#7651,#7702,#7704,.T.);
#7702 = VERTEX_POINT('',#7703);
#7703 = CARTESIAN_POINT('',(111.4,3.4,23.8));
#7704 = CIRCLE('',#7705,4.5);
#7705 = AXIS2_PLACEMENT_3D('',#7706,#7707,#7708);
#7706 = CARTESIAN_POINT('',(111.4,3.4,19.3));
#7707 = DIRECTION('',(0.,1.,0.));
#7708 = DIRECTION('',(0.,0.,1.));
#7709 = ORIENTED_EDGE('',*,*,#7710,.T.);
#7710 = EDGE_CURVE('',#7702,#7659,#7711,.T.);
#7711 = CIRCLE('',#7712,4.5);
#7712 = AXIS2_PLACEMENT_3D('',#7713,#7714,#7715);
#7713 = CARTESIAN_POINT('',(111.4,3.4,19.3));
#7714 = DIRECTION('',(0.,1.,0.));
#7715 = DIRECTION('',(0.,0.,1.));
#7716 = ORIENTED_EDGE('',*,*,#7658,.T.);
#7717 = PLANE('',#7718);
#7718 = AXIS2_PLACEMENT_3D('',#7719,#7720,#7721);
#7719 = CARTESIAN_POINT('',(111.4,3.4,19.3));
#7720 = DIRECTION('',(0.,1.,0.));
#7721 = DIRECTION('',(0.,0.,1.));
#7722 = ADVANCED_FACE('',(#7723),#7731,.T.);
#7723 = FACE_BOUND('',#7724,.T.);
#7724 = EDGE_LOOP('',(#7725,#7726,#7727,#7728,#7729,#7730));
#7725 = ORIENTED_EDGE('',*,*,#7611,.T.);
#7726 = ORIENTED_EDGE('',*,*,#7666,.T.);
#7727 = ORIENTED_EDGE('',*,*,#7710,.F.);
#7728 = ORIENTED_EDGE('',*,*,#7701,.F.);
#7729 = ORIENTED_EDGE('',*,*,#7650,.F.);
#7730 = ORIENTED_EDGE('',*,*,#7600,.T.);
#7731 = CYLINDRICAL_SURFACE('',#7732,4.5);
#7732 = AXIS2_PLACEMENT_3D('',#7733,#7734,#7735);
#7733 = CARTESIAN_POINT('',(111.4,1.8,19.3));
#7734 = DIRECTION('',(0.,1.,0.));
#7735 = DIRECTION('',(0.,0.,1.));
#7736 = MANIFOLD_SOLID_BREP('',#7737);
#7737 = CLOSED_SHELL('',(#7738,#7780,#7811,#7843,#7945,#8136,#8160,#8185
    ,#8218,#8277,#8294,#8319,#8395,#8437,#8511,#8529,#8623,#8648,#8681,
    #8706,#8731,#8756,#8781,#8806,#8831,#8856,#8881,#8906,#8931,#8956,
    #8981,#9006,#9031,#9056,#9081,#9106,#9123,#9140,#9175,#9366,#9383,
    #9400,#9424,#9442,#9476,#9493,#9517,#9528,#9539,#9557,#9581,#9634,
    #9658,#9715,#9763,#9820,#9870,#9917,#9941,#9965,#9989,#10013,#10037,
    #10061,#10085,#10109,#10133,#10157,#10181,#10205,#10229,#10253,
    #10277,#10301,#10325,#10342,#10422,#10440,#10463,#10481,#10499,
    #10517,#10535,#10553,#10571,#10589,#10607,#10625,#10643,#10661,
    #10679,#10697,#10715,#10733,#10751,#10769,#10781,#10806,#10837,
    #10864,#10895,#10919,#10962,#10993,#11036,#11079));
#7738 = ADVANCED_FACE('',(#7739),#7775,.T.);
#7739 = FACE_BOUND('',#7740,.F.);
#7740 = EDGE_LOOP('',(#7741,#7751,#7760,#7768));
#7741 = ORIENTED_EDGE('',*,*,#7742,.F.);
#7742 = EDGE_CURVE('',#7743,#7745,#7747,.T.);
#7743 = VERTEX_POINT('',#7744);
#7744 = CARTESIAN_POINT('',(7.,-4.,0.6));
#7745 = VERTEX_POINT('',#7746);
#7746 = CARTESIAN_POINT('',(7.,-4.,8.));
#7747 = LINE('',#7748,#7749);
#7748 = CARTESIAN_POINT('',(7.,-4.,-5.));
#7749 = VECTOR('',#7750,1.);
#7750 = DIRECTION('',(0.,0.,1.));
#7751 = ORIENTED_EDGE('',*,*,#7752,.T.);
#7752 = EDGE_CURVE('',#7743,#7753,#7755,.T.);
#7753 = VERTEX_POINT('',#7754);
#7754 = CARTESIAN_POINT('',(-3.,6.,0.6));
#7755 = CIRCLE('',#7756,10.);
#7756 = AXIS2_PLACEMENT_3D('',#7757,#7758,#7759);
#7757 = CARTESIAN_POINT('',(7.,6.,0.6));
#7758 = DIRECTION('',(-0.,-0.,-1.));
#7759 = DIRECTION('',(0.,-1.,0.));
#7760 = ORIENTED_EDGE('',*,*,#7761,.T.);
#7761 = EDGE_CURVE('',#7753,#7762,#7764,.T.);
#7762 = VERTEX_POINT('',#7763);
#7763 = CARTESIAN_POINT('',(-3.,6.,8.));
#7764 = LINE('',#7765,#7766);
#7765 = CARTESIAN_POINT('',(-3.,6.,-5.));
#7766 = VECTOR('',#7767,1.);
#7767 = DIRECTION('',(0.,0.,1.));
#7768 = ORIENTED_EDGE('',*,*,#7769,.F.);
#7769 = EDGE_CURVE('',#7745,#7762,#7770,.T.);
#7770 = CIRCLE('',#7771,10.);
#7771 = AXIS2_PLACEMENT_3D('',#7772,#7773,#7774);
#7772 = CARTESIAN_POINT('',(7.,6.,8.));
#7773 = DIRECTION('',(0.,0.,-1.));
#7774 = DIRECTION('',(0.,-1.,0.));
#7775 = CYLINDRICAL_SURFACE('',#7776,10.);
#7776 = AXIS2_PLACEMENT_3D('',#7777,#7778,#7779);
#7777 = CARTESIAN_POINT('',(7.,6.,-5.));
#7778 = DIRECTION('',(0.,1.110223024625E-16,-1.));
#7779 = DIRECTION('',(-1.,1.7763568394E-16,1.972152263053E-32));
#7780 = ADVANCED_FACE('',(#7781),#7806,.F.);
#7781 = FACE_BOUND('',#7782,.F.);
#7782 = EDGE_LOOP('',(#7783,#7784,#7792,#7800));
#7783 = ORIENTED_EDGE('',*,*,#7742,.T.);
#7784 = ORIENTED_EDGE('',*,*,#7785,.F.);
#7785 = EDGE_CURVE('',#7786,#7745,#7788,.T.);
#7786 = VERTEX_POINT('',#7787);
#7787 = CARTESIAN_POINT('',(115.5,-4.,8.));
#7788 = LINE('',#7789,#7790);
#7789 = CARTESIAN_POINT('',(115.5,-4.,8.));
#7790 = VECTOR('',#7791,1.);
#7791 = DIRECTION('',(-1.,-0.,-0.));
#7792 = ORIENTED_EDGE('',*,*,#7793,.F.);
#7793 = EDGE_CURVE('',#7794,#7786,#7796,.T.);
#7794 = VERTEX_POINT('',#7795);
#7795 = CARTESIAN_POINT('',(115.5,-4.,0.6));
#7796 = LINE('',#7797,#7798);
#7797 = CARTESIAN_POINT('',(115.5,-4.,-5.));
#7798 = VECTOR('',#7799,1.);
#7799 = DIRECTION('',(0.,0.,1.));
#7800 = ORIENTED_EDGE('',*,*,#7801,.T.);
#7801 = EDGE_CURVE('',#7794,#7743,#7802,.T.);
#7802 = LINE('',#7803,#7804);
#7803 = CARTESIAN_POINT('',(115.5,-4.,0.6));
#7804 = VECTOR('',#7805,1.);
#7805 = DIRECTION('',(-1.,-0.,-0.));
#7806 = PLANE('',#7807);
#7807 = AXIS2_PLACEMENT_3D('',#7808,#7809,#7810);
#7808 = CARTESIAN_POINT('',(-3.,-4.,10.));
#7809 = DIRECTION('',(0.,1.,0.));
#7810 = DIRECTION('',(0.,0.,-1.));
#7811 = ADVANCED_FACE('',(#7812),#7838,.T.);
#7812 = FACE_BOUND('',#7813,.T.);
#7813 = EDGE_LOOP('',(#7814,#7822,#7823,#7831));
#7814 = ORIENTED_EDGE('',*,*,#7815,.F.);
#7815 = EDGE_CURVE('',#7743,#7816,#7818,.T.);
#7816 = VERTEX_POINT('',#7817);
#7817 = CARTESIAN_POINT('',(7.,-3.4,-1.110223024625E-16));
#7818 = LINE('',#7819,#7820);
#7819 = CARTESIAN_POINT('',(7.,-4.,0.6));
#7820 = VECTOR('',#7821,1.);
#7821 = DIRECTION('',(-1.570092458684E-16,0.707106781187,-0.707106781187
    ));
#7822 = ORIENTED_EDGE('',*,*,#7752,.T.);
#7823 = ORIENTED_EDGE('',*,*,#7824,.T.);
#7824 = EDGE_CURVE('',#7753,#7825,#7827,.T.);
#7825 = VERTEX_POINT('',#7826);
#7826 = CARTESIAN_POINT('',(-2.4,6.,-1.110223024625E-16));
#7827 = LINE('',#7828,#7829);
#7828 = CARTESIAN_POINT('',(-3.,6.,0.6));
#7829 = VECTOR('',#7830,1.);
#7830 = DIRECTION('',(0.707106781187,-1.137114430566E-16,-0.707106781187
    ));
#7831 = ORIENTED_EDGE('',*,*,#7832,.F.);
#7832 = EDGE_CURVE('',#7816,#7825,#7833,.T.);
#7833 = CIRCLE('',#7834,9.4);
#7834 = AXIS2_PLACEMENT_3D('',#7835,#7836,#7837);
#7835 = CARTESIAN_POINT('',(7.,6.,0.));
#7836 = DIRECTION('',(-0.,-0.,-1.));
#7837 = DIRECTION('',(0.,-1.,0.));
#7838 = CONICAL_SURFACE('',#7839,10.,0.785398163397);
#7839 = AXIS2_PLACEMENT_3D('',#7840,#7841,#7842);
#7840 = CARTESIAN_POINT('',(7.,6.,0.6));
#7841 = DIRECTION('',(0.,0.,1.));
#7842 = DIRECTION('',(0.,-1.,0.));
#7843 = ADVANCED_FACE('',(#7844),#7940,.T.);
#7844 = FACE_BOUND('',#7845,.F.);
#7845 = EDGE_LOOP('',(#7846,#7890,#7899,#7906,#7907,#7916,#7925));
#7846 = ORIENTED_EDGE('',*,*,#7847,.T.);
#7847 = EDGE_CURVE('',#7848,#7850,#7852,.T.);
#7848 = VERTEX_POINT('',#7849);
#7849 = CARTESIAN_POINT('',(0.998998811317,0.52377345404,9.996145810218)
  );
#7850 = VERTEX_POINT('',#7851);
#7851 = CARTESIAN_POINT('',(1.16714026868,0.52480618108,10.));
#7852 = B_SPLINE_CURVE_WITH_KNOTS('',6,(#7853,#7854,#7855,#7856,#7857,
    #7858,#7859,#7860,#7861,#7862,#7863,#7864,#7865,#7866,#7867,#7868,
    #7869,#7870,#7871,#7872,#7873,#7874,#7875,#7876,#7877,#7878,#7879,
    #7880,#7881,#7882,#7883,#7884,#7885,#7886,#7887,#7888,#7889),
  .UNSPECIFIED.,.F.,.F.,(7,5,5,5,5,5,5,7),(0.,8.289311698307E-02,
    0.254881925865,0.388104695823,0.445541456127,0.533972878097,
    0.681723382181,1.),.UNSPECIFIED.);
#7853 = CARTESIAN_POINT('',(-0.991668819316,-1.109220378263E-02,8.));
#7854 = CARTESIAN_POINT('',(-1.00074120466,9.694144088108E-04,
    8.045014571912));
#7855 = CARTESIAN_POINT('',(-1.008305104732,1.309332045202E-02,
    8.090261605251));
#7856 = CARTESIAN_POINT('',(-1.014327189417,2.526541270872E-02,
    8.135688471988));
#7857 = CARTESIAN_POINT('',(-1.01877869464,3.747067259186E-02,
    8.181239121991));
#7858 = CARTESIAN_POINT('',(-1.021635422371,4.969316456564E-02,
    8.226854083033));
#7859 = CARTESIAN_POINT('',(-1.025455335044,8.727637003854E-02,
    8.367116515369));
#7860 = CARTESIAN_POINT('',(-1.02108432238,0.112642157882,8.461782924376
    ));
#7861 = CARTESIAN_POINT('',(-1.009590088782,0.137856278552,
    8.555883303784));
#7862 = CARTESIAN_POINT('',(-0.990916279758,0.162757803013,
    8.648817058259));
#7863 = CARTESIAN_POINT('',(-0.965126237657,0.187183430219,
    8.739974739995));
#7864 = CARTESIAN_POINT('',(-0.907130457501,0.229398405235,
    8.897523171596));
#7865 = CARTESIAN_POINT('',(-0.877677345117,0.247445241546,
    8.964874881625));
#7866 = CARTESIAN_POINT('',(-0.844187645501,0.265038295675,
    9.030533053494));
#7867 = CARTESIAN_POINT('',(-0.806807782561,0.282111600545,
    9.094251494723));
#7868 = CARTESIAN_POINT('',(-0.76572417022,0.298607312918,9.155814331407
    ));
#7869 = CARTESIAN_POINT('',(-0.701944819219,0.321317137494,
    9.240568550556));
#7870 = CARTESIAN_POINT('',(-0.68208337908,0.328042115307,9.265666509432
    ));
#7871 = CARTESIAN_POINT('',(-0.661591688986,0.334646821178,
    9.290315607312));
#7872 = CARTESIAN_POINT('',(-0.64048791286,0.341127787468,9.314502902789
    ));
#7873 = CARTESIAN_POINT('',(-0.618790910806,0.347481925293,
    9.338216867988));
#7874 = CARTESIAN_POINT('',(-0.562231620541,0.363290111029,
    9.397213820332));
#7875 = CARTESIAN_POINT('',(-0.52658284887,0.372566682436,9.431834456143
    ));
#7876 = CARTESIAN_POINT('',(-0.4896451124,0.381526281512,9.465272135111)
  );
#7877 = CARTESIAN_POINT('',(-0.451491523259,0.390161299271,9.49749846011
    ));
#7878 = CARTESIAN_POINT('',(-0.412195967163,0.398466212406,
    9.528492817882));
#7879 = CARTESIAN_POINT('',(-0.304392085274,0.419755384002,
    9.607945087933));
#7880 = CARTESIAN_POINT('',(-0.2339691416,0.432141665645,9.654171320338)
  );
#7881 = CARTESIAN_POINT('',(-0.160905040312,0.443579328941,
    9.696857260881));
#7882 = CARTESIAN_POINT('',(-8.553046091199E-02,0.454066769193,
    9.735996920742));
#7883 = CARTESIAN_POINT('',(-8.15521719975E-03,0.463613904393,
    9.771627314374));
#7884 = CARTESIAN_POINT('',(0.241327212637,0.49081705746,9.873150863747)
  );
#7885 = CARTESIAN_POINT('',(0.419627531855,0.505106667906,9.926480415951
    ));
#7886 = CARTESIAN_POINT('',(0.603185157389,0.515309290473,9.964557121743
    ));
#7887 = CARTESIAN_POINT('',(0.789871113645,0.521753876561,9.988608644455
    ));
#7888 = CARTESIAN_POINT('',(0.978157220691,0.52480618108,10.));
#7889 = CARTESIAN_POINT('',(1.16714026868,0.52480618108,10.));
#7890 = ORIENTED_EDGE('',*,*,#7891,.F.);
#7891 = EDGE_CURVE('',#7892,#7850,#7894,.T.);
#7892 = VERTEX_POINT('',#7893);
#7893 = CARTESIAN_POINT('',(7.,-2.,10.));
#7894 = CIRCLE('',#7895,8.);
#7895 = AXIS2_PLACEMENT_3D('',#7896,#7897,#7898);
#7896 = CARTESIAN_POINT('',(7.,6.,10.));
#7897 = DIRECTION('',(0.,0.,-1.));
#7898 = DIRECTION('',(0.,-1.,0.));
#7899 = ORIENTED_EDGE('',*,*,#7900,.F.);
#7900 = EDGE_CURVE('',#7745,#7892,#7901,.T.);
#7901 = CIRCLE('',#7902,2.);
#7902 = AXIS2_PLACEMENT_3D('',#7903,#7904,#7905);
#7903 = CARTESIAN_POINT('',(7.,-2.,8.));
#7904 = DIRECTION('',(-1.,-2.22044604925E-16,0.));
#7905 = DIRECTION('',(2.22044604925E-16,-1.,0.));
#7906 = ORIENTED_EDGE('',*,*,#7769,.T.);
#7907 = ORIENTED_EDGE('',*,*,#7908,.T.);
#7908 = EDGE_CURVE('',#7762,#7909,#7911,.T.);
#7909 = VERTEX_POINT('',#7910);
#7910 = CARTESIAN_POINT('',(-1.,6.,10.));
#7911 = CIRCLE('',#7912,2.);
#7912 = AXIS2_PLACEMENT_3D('',#7913,#7914,#7915);
#7913 = CARTESIAN_POINT('',(-1.,6.,8.));
#7914 = DIRECTION('',(1.608122649677E-16,1.,-0.));
#7915 = DIRECTION('',(-1.,1.608122649677E-16,0.));
#7916 = ORIENTED_EDGE('',*,*,#7917,.F.);
#7917 = EDGE_CURVE('',#7918,#7909,#7920,.T.);
#7918 = VERTEX_POINT('',#7919);
#7919 = CARTESIAN_POINT('',(0.954488438208,0.760554422819,10.));
#7920 = CIRCLE('',#7921,8.);
#7921 = AXIS2_PLACEMENT_3D('',#7922,#7923,#7924);
#7922 = CARTESIAN_POINT('',(7.,6.,10.));
#7923 = DIRECTION('',(0.,0.,-1.));
#7924 = DIRECTION('',(0.,-1.,0.));
#7925 = ORIENTED_EDGE('',*,*,#7926,.F.);
#7926 = EDGE_CURVE('',#7848,#7918,#7927,.T.);
#7927 = B_SPLINE_CURVE_WITH_KNOTS('',6,(#7928,#7929,#7930,#7931,#7932,
    #7933,#7934,#7935,#7936,#7937,#7938,#7939),.UNSPECIFIED.,.F.,.F.,(7,
    5,7),(0.,0.236405492163,1.),.UNSPECIFIED.);
#7928 = CARTESIAN_POINT('',(0.998998937358,0.523772827389,9.996145789745
    ));
#7929 = CARTESIAN_POINT('',(0.997121694417,0.533106120214,9.996450722963
    ));
#7930 = CARTESIAN_POINT('',(0.995256432116,0.542439160342,9.996741065706
    ));
#7931 = CARTESIAN_POINT('',(0.993403057742,0.551772101242,9.997016847514
    ));
#7932 = CARTESIAN_POINT('',(0.991561576834,0.561104638825,9.997278074064
    ));
#7933 = CARTESIAN_POINT('',(0.989731891354,0.570436959589,9.997524775764
    ));
#7934 = CARTESIAN_POINT('',(0.982042042198,0.609911435671,9.998506953967
    ));
#7935 = CARTESIAN_POINT('',(0.976292801898,0.64005057677,9.999105570803)
  );
#7936 = CARTESIAN_POINT('',(0.970664499765,0.670185379969,9.999553491251
    ));
#7937 = CARTESIAN_POINT('',(0.965155434149,0.700314894024,9.999851401247
    ));
#7938 = CARTESIAN_POINT('',(0.959763949869,0.73043820231,10.));
#7939 = CARTESIAN_POINT('',(0.954488438208,0.760554422819,10.));
#7940 = TOROIDAL_SURFACE('',#7941,8.,2.);
#7941 = AXIS2_PLACEMENT_3D('',#7942,#7943,#7944);
#7942 = CARTESIAN_POINT('',(7.,6.,8.));
#7943 = DIRECTION('',(0.,0.,1.));
#7944 = DIRECTION('',(0.,-1.,0.));
#7945 = ADVANCED_FACE('',(#7946),#8131,.F.);
#7946 = FACE_BOUND('',#7947,.F.);
#7947 = EDGE_LOOP('',(#7948,#7949,#7957,#7965,#7973,#7981,#7989,#7997,
    #8005,#8013,#8021,#8029,#8037,#8045,#8053,#8061,#8069,#8077,#8085,
    #8093,#8101,#8109,#8117,#8125));
#7948 = ORIENTED_EDGE('',*,*,#7761,.F.);
#7949 = ORIENTED_EDGE('',*,*,#7950,.T.);
#7950 = EDGE_CURVE('',#7753,#7951,#7953,.T.);
#7951 = VERTEX_POINT('',#7952);
#7952 = CARTESIAN_POINT('',(-3.,46.,0.6));
#7953 = LINE('',#7954,#7955);
#7954 = CARTESIAN_POINT('',(-3.,6.,0.6));
#7955 = VECTOR('',#7956,1.);
#7956 = DIRECTION('',(0.,1.,0.));
#7957 = ORIENTED_EDGE('',*,*,#7958,.T.);
#7958 = EDGE_CURVE('',#7951,#7959,#7961,.T.);
#7959 = VERTEX_POINT('',#7960);
#7960 = CARTESIAN_POINT('',(-3.,46.,3.674612967806));
#7961 = LINE('',#7962,#7963);
#7962 = CARTESIAN_POINT('',(-3.,46.,-5.));
#7963 = VECTOR('',#7964,1.);
#7964 = DIRECTION('',(0.,0.,1.));
#7965 = ORIENTED_EDGE('',*,*,#7966,.F.);
#7966 = EDGE_CURVE('',#7967,#7959,#7969,.T.);
#7967 = VERTEX_POINT('',#7968);
#7968 = CARTESIAN_POINT('',(-3.,45.369234871347,3.839206715176));
#7969 = LINE('',#7970,#7971);
#7970 = CARTESIAN_POINT('',(-3.,45.356267316817,3.842543232984));
#7971 = VECTOR('',#7972,1.);
#7972 = DIRECTION('',(0.,0.967617272397,-0.252421897147));
#7973 = ORIENTED_EDGE('',*,*,#7974,.F.);
#7974 = EDGE_CURVE('',#7975,#7967,#7977,.T.);
#7975 = VERTEX_POINT('',#7976);
#7976 = CARTESIAN_POINT('',(-3.,43.521961905755,4.30797024213));
#7977 = LINE('',#7978,#7979);
#7978 = CARTESIAN_POINT('',(-3.,43.508123760235,4.311428937399));
#7979 = VECTOR('',#7980,1.);
#7980 = DIRECTION('',(0.,0.969285531301,-0.245938119882));
#7981 = ORIENTED_EDGE('',*,*,#7982,.F.);
#7982 = EDGE_CURVE('',#7983,#7975,#7985,.T.);
#7983 = VERTEX_POINT('',#7984);
#7984 = CARTESIAN_POINT('',(-3.,41.731203389832,4.748832015074));
#7985 = LINE('',#7986,#7987);
#7986 = CARTESIAN_POINT('',(-3.,41.7164063502,4.752414686575));
#7987 = VECTOR('',#7988,1.);
#7988 = DIRECTION('',(0.,0.971014878935,-0.239019047122));
#7989 = ORIENTED_EDGE('',*,*,#7990,.F.);
#7990 = EDGE_CURVE('',#7991,#7983,#7993,.T.);
#7991 = VERTEX_POINT('',#7992);
#7992 = CARTESIAN_POINT('',(-3.,39.997059623007,5.161791531989));
#7993 = LINE('',#7994,#7995);
#7994 = CARTESIAN_POINT('',(-3.,39.981203389832,5.16549868174));
#7995 = VECTOR('',#7996,1.);
#7996 = DIRECTION('',(0.,0.972806214685,-0.231620527306));
#7997 = ORIENTED_EDGE('',*,*,#7998,.F.);
#7998 = EDGE_CURVE('',#7999,#7991,#8001,.T.);
#7999 = VERTEX_POINT('',#8000);
#8000 = CARTESIAN_POINT('',(-3.,38.319644937927,5.546850102898));
#8001 = LINE('',#8002,#8003);
#8002 = CARTESIAN_POINT('',(-3.,38.302615178562,5.550680420878));
#8003 = VECTOR('',#8004,1.);
#8004 = DIRECTION('',(0.,0.974659789561,-0.223692410719));
#8005 = ORIENTED_EDGE('',*,*,#8006,.F.);
#8006 = EDGE_CURVE('',#8007,#7999,#8009,.T.);
#8007 = VERTEX_POINT('',#8008);
#8008 = CARTESIAN_POINT('',(-3.,36.699090149011,5.904011541138));
#8009 = LINE('',#8010,#8011);
#8010 = CARTESIAN_POINT('',(-3.,36.680756049038,5.90796121401));
#8011 = VECTOR('',#8012,1.);
#8012 = DIRECTION('',(0.,0.976574948551,-0.215177531037));
#8013 = ORIENTED_EDGE('',*,*,#8014,.F.);
#8014 = EDGE_CURVE('',#8015,#8007,#8017,.T.);
#8015 = VERTEX_POINT('',#8016);
#8016 = CARTESIAN_POINT('',(-3.,35.135545507501,6.233283093063));
#8017 = LINE('',#8018,#8019);
#8018 = CARTESIAN_POINT('',(-3.,35.115756815678,6.237344874471));
#8019 = VECTOR('',#8020,1.);
#8020 = DIRECTION('',(0.,0.978549784987,-0.20601048105));
#8021 = ORIENTED_EDGE('',*,*,#8022,.F.);
#8022 = EDGE_CURVE('',#8023,#8015,#8025,.T.);
#8023 = VERTEX_POINT('',#8024);
#8024 = CARTESIAN_POINT('',(-3.,33.629184281604,6.534676692503));
#8025 = LINE('',#8026,#8027);
#8026 = CARTESIAN_POINT('',(-3.,33.607767729724,6.538838648618));
#8027 = VECTOR('',#8028,1.);
#8028 = DIRECTION('',(0.,0.980580675691,-0.196116135138));
#8029 = ORIENTED_EDGE('',*,*,#8030,.F.);
#8030 = EDGE_CURVE('',#8031,#8023,#8033,.T.);
#8031 = VERTEX_POINT('',#8032);
#8032 = CARTESIAN_POINT('',(-3.,32.18020710996,6.808210660142));
#8033 = LINE('',#8034,#8035);
#8034 = CARTESIAN_POINT('',(-3.,32.156962059382,6.812454470281));
#8035 = VECTOR('',#8036,1.);
#8036 = DIRECTION('',(0.,0.982661653748,-0.185407859198));
#8037 = ORIENTED_EDGE('',*,*,#8038,.F.);
#8038 = EDGE_CURVE('',#8039,#8031,#8041,.T.);
#8039 = VERTEX_POINT('',#8040);
#8040 = CARTESIAN_POINT('',(-3.,30.788847313307,7.053912016226));
#8041 = LINE('',#8042,#8043);
#8042 = CARTESIAN_POINT('',(-3.,30.763540443293,7.058210660142));
#8043 = VECTOR('',#8044,1.);
#8044 = DIRECTION('',(0.,0.984783558818,-0.173785333909));
#8045 = ORIENTED_EDGE('',*,*,#8046,.F.);
#8046 = EDGE_CURVE('',#8047,#8039,#8049,.T.);
#8047 = VERTEX_POINT('',#8048);
#8048 = CARTESIAN_POINT('',(-3.,29.455377393822,7.271819644236));
#8049 = LINE('',#8050,#8051);
#8050 = CARTESIAN_POINT('',(-3.,29.427736202196,7.276134238449));
#8051 = VECTOR('',#8052,1.);
#8052 = DIRECTION('',(0.,0.986932880776,-0.161131898902));
#8053 = ORIENTED_EDGE('',*,*,#8054,.F.);
#8054 = EDGE_CURVE('',#8055,#8047,#8057,.T.);
#8055 = VERTEX_POINT('',#8056);
#8056 = CARTESIAN_POINT('',(-3.,28.180117004262,7.461988643079));
#8057 = LINE('',#8058,#8059);
#8058 = CARTESIAN_POINT('',(-3.,28.149821838267,7.466264088681));
#8059 = VECTOR('',#8060,1.);
#8060 = DIRECTION('',(0.,0.989090177882,-0.147311303089));
#8061 = ORIENTED_EDGE('',*,*,#8062,.F.);
#8062 = EDGE_CURVE('',#8063,#8055,#8065,.T.);
#8063 = VERTEX_POINT('',#8064);
#8064 = CARTESIAN_POINT('',(-3.,26.963442728095,7.624496350509));
#8065 = LINE('',#8066,#8067);
#8066 = CARTESIAN_POINT('',(-3.,26.930117004262,7.628655309746));
#8067 = VECTOR('',#8068,1.);
#8068 = DIRECTION('',(0.,0.991227900683,-0.132163720091));
#8069 = ORIENTED_EDGE('',*,*,#8070,.F.);
#8070 = EDGE_CURVE('',#8071,#8063,#8073,.T.);
#8071 = VERTEX_POINT('',#8072);
#8072 = CARTESIAN_POINT('',(-3.,25.805800071429,7.759450732149));
#8073 = LINE('',#8074,#8075);
#8074 = CARTESIAN_POINT('',(-3.,25.768998283651,7.763385239397));
#8075 = VECTOR('',#8076,1.);
#8076 = DIRECTION('',(0.,0.993307380301,-0.115500858175));
#8077 = ORIENTED_EDGE('',*,*,#8078,.F.);
#8078 = EDGE_CURVE('',#8079,#8071,#8081,.T.);
#8079 = VERTEX_POINT('',#8080);
#8080 = CARTESIAN_POINT('',(-3.,24.707718113342,7.867002140108));
#8081 = LINE('',#8082,#8083);
#8082 = CARTESIAN_POINT('',(-3.,24.66691118254,7.87056184326));
#8083 = VECTOR('',#8084,1.);
#8084 = DIRECTION('',(0.,0.995274633926,-9.709996428543E-02));
#8085 = ORIENTED_EDGE('',*,*,#8086,.F.);
#8086 = EDGE_CURVE('',#8087,#8079,#8089,.T.);
#8087 = VERTEX_POINT('',#8088);
#8088 = CARTESIAN_POINT('',(-3.,23.669827261748,7.947359897889));
#8089 = LINE('',#8090,#8091);
#8090 = CARTESIAN_POINT('',(-3.,23.624384780008,7.950335473441));
#8091 = VECTOR('',#8092,1.);
#8092 = DIRECTION('',(0.,0.997054485502,-7.669649888474E-02));
#8093 = ORIENTED_EDGE('',*,*,#8094,.F.);
#8094 = EDGE_CURVE('',#8095,#8087,#8097,.T.);
#8095 = VERTEX_POINT('',#8096);
#8096 = CARTESIAN_POINT('',(-3.,22.692880452202,8.000815827079));
#8097 = LINE('',#8098,#8099);
#8098 = CARTESIAN_POINT('',(-3.,22.64204948397,8.002915453445));
#8099 = VECTOR('',#8100,1.);
#8100 = DIRECTION('',(0.,0.998542273278,-5.3975258015E-02));
#8101 = ORIENTED_EDGE('',*,*,#8102,.F.);
#8102 = EDGE_CURVE('',#8103,#8095,#8105,.T.);
#8103 = VERTEX_POINT('',#8104);
#8104 = CARTESIAN_POINT('',(-3.,21.777777777778,8.027777777778));
#8105 = LINE('',#8106,#8107);
#8106 = CARTESIAN_POINT('',(-3.,21.72065822998,8.028593604856));
#8107 = VECTOR('',#8108,1.);
#8108 = DIRECTION('',(0.,0.999592086461,-2.855977389888E-02));
#8109 = ORIENTED_EDGE('',*,*,#8110,.F.);
#8110 = EDGE_CURVE('',#8111,#8103,#8113,.T.);
#8111 = VERTEX_POINT('',#8112);
#8112 = CARTESIAN_POINT('',(-3.,20.925593699133,8.028817549098));
#8113 = LINE('',#8114,#8115);
#8114 = CARTESIAN_POINT('',(-3.,20.861111111111,8.027777777778));
#8115 = VECTOR('',#8116,1.);
#8116 = DIRECTION('',(0.,1.,-1.9378438248E-15));
#8117 = ORIENTED_EDGE('',*,*,#8118,.F.);
#8118 = EDGE_CURVE('',#8119,#8111,#8121,.T.);
#8119 = VERTEX_POINT('',#8120);
#8120 = CARTESIAN_POINT('',(-3.,20.,8.));
#8121 = LINE('',#8122,#8123);
#8122 = CARTESIAN_POINT('',(-3.,20.064482588022,8.001039771321));
#8123 = VECTOR('',#8124,1.);
#8124 = DIRECTION('',(0.,0.99948011434,3.224129401096E-02));
#8125 = ORIENTED_EDGE('',*,*,#8126,.F.);
#8126 = EDGE_CURVE('',#7762,#8119,#8127,.T.);
#8127 = LINE('',#8128,#8129);
#8128 = CARTESIAN_POINT('',(-3.,6.,8.));
#8129 = VECTOR('',#8130,1.);
#8130 = DIRECTION('',(0.,1.,0.));
#8131 = PLANE('',#8132);
#8132 = AXIS2_PLACEMENT_3D('',#8133,#8134,#8135);
#8133 = CARTESIAN_POINT('',(-3.,24.537445800075,4.205113874951));
#8134 = DIRECTION('',(1.,0.,0.));
#8135 = DIRECTION('',(0.,0.,1.));
#8136 = ADVANCED_FACE('',(#8137),#8155,.T.);
#8137 = FACE_BOUND('',#8138,.T.);
#8138 = EDGE_LOOP('',(#8139,#8147,#8148,#8149));
#8139 = ORIENTED_EDGE('',*,*,#8140,.F.);
#8140 = EDGE_CURVE('',#7794,#8141,#8143,.T.);
#8141 = VERTEX_POINT('',#8142);
#8142 = CARTESIAN_POINT('',(115.5,-3.4,-1.110223024625E-16));
#8143 = LINE('',#8144,#8145);
#8144 = CARTESIAN_POINT('',(115.5,-4.,0.6));
#8145 = VECTOR('',#8146,1.);
#8146 = DIRECTION('',(5.090774470925E-17,0.707106781187,-0.707106781187)
  );
#8147 = ORIENTED_EDGE('',*,*,#7801,.T.);
#8148 = ORIENTED_EDGE('',*,*,#7815,.T.);
#8149 = ORIENTED_EDGE('',*,*,#8150,.F.);
#8150 = EDGE_CURVE('',#8141,#7816,#8151,.T.);
#8151 = LINE('',#8152,#8153);
#8152 = CARTESIAN_POINT('',(115.5,-3.4,0.));
#8153 = VECTOR('',#8154,1.);
#8154 = DIRECTION('',(-1.,-0.,-0.));
#8155 = PLANE('',#8156);
#8156 = AXIS2_PLACEMENT_3D('',#8157,#8158,#8159);
#8157 = CARTESIAN_POINT('',(115.5,-3.7,0.3));
#8158 = DIRECTION('',(6.963829119075E-18,-0.707106781187,-0.707106781187
    ));
#8159 = DIRECTION('',(-1.,-4.924170793122E-18,-4.924170793122E-18));
#8160 = ADVANCED_FACE('',(#8161),#8180,.T.);
#8161 = FACE_BOUND('',#8162,.T.);
#8162 = EDGE_LOOP('',(#8163,#8172,#8178,#8179));
#8163 = ORIENTED_EDGE('',*,*,#8164,.T.);
#8164 = EDGE_CURVE('',#7786,#8165,#8167,.T.);
#8165 = VERTEX_POINT('',#8166);
#8166 = CARTESIAN_POINT('',(115.5,-2.,10.));
#8167 = CIRCLE('',#8168,2.);
#8168 = AXIS2_PLACEMENT_3D('',#8169,#8170,#8171);
#8169 = CARTESIAN_POINT('',(115.5,-2.,8.));
#8170 = DIRECTION('',(-1.,1.608122649677E-16,0.));
#8171 = DIRECTION('',(-1.608122649677E-16,-1.,-0.));
#8172 = ORIENTED_EDGE('',*,*,#8173,.T.);
#8173 = EDGE_CURVE('',#8165,#7892,#8174,.T.);
#8174 = LINE('',#8175,#8176);
#8175 = CARTESIAN_POINT('',(115.5,-2.,10.));
#8176 = VECTOR('',#8177,1.);
#8177 = DIRECTION('',(-1.,-0.,-0.));
#8178 = ORIENTED_EDGE('',*,*,#7900,.F.);
#8179 = ORIENTED_EDGE('',*,*,#7785,.F.);
#8180 = CYLINDRICAL_SURFACE('',#8181,2.);
#8181 = AXIS2_PLACEMENT_3D('',#8182,#8183,#8184);
#8182 = CARTESIAN_POINT('',(115.5,-2.,8.));
#8183 = DIRECTION('',(-1.,-0.,-0.));
#8184 = DIRECTION('',(0.,-1.,0.));
#8185 = ADVANCED_FACE('',(#8186),#8213,.T.);
#8186 = FACE_BOUND('',#8187,.F.);
#8187 = EDGE_LOOP('',(#8188,#8198,#8205,#8206));
#8188 = ORIENTED_EDGE('',*,*,#8189,.F.);
#8189 = EDGE_CURVE('',#8190,#8192,#8194,.T.);
#8190 = VERTEX_POINT('',#8191);
#8191 = CARTESIAN_POINT('',(125.5,6.,0.6));
#8192 = VERTEX_POINT('',#8193);
#8193 = CARTESIAN_POINT('',(125.5,6.,8.));
#8194 = LINE('',#8195,#8196);
#8195 = CARTESIAN_POINT('',(125.5,6.,-5.));
#8196 = VECTOR('',#8197,1.);
#8197 = DIRECTION('',(0.,0.,1.));
#8198 = ORIENTED_EDGE('',*,*,#8199,.T.);
#8199 = EDGE_CURVE('',#8190,#7794,#8200,.T.);
#8200 = CIRCLE('',#8201,10.);
#8201 = AXIS2_PLACEMENT_3D('',#8202,#8203,#8204);
#8202 = CARTESIAN_POINT('',(115.5,6.,0.6));
#8203 = DIRECTION('',(0.,0.,-1.));
#8204 = DIRECTION('',(1.,8.881784197001E-17,0.));
#8205 = ORIENTED_EDGE('',*,*,#7793,.T.);
#8206 = ORIENTED_EDGE('',*,*,#8207,.F.);
#8207 = EDGE_CURVE('',#8192,#7786,#8208,.T.);
#8208 = CIRCLE('',#8209,10.);
#8209 = AXIS2_PLACEMENT_3D('',#8210,#8211,#8212);
#8210 = CARTESIAN_POINT('',(115.5,6.,8.));
#8211 = DIRECTION('',(0.,0.,-1.));
#8212 = DIRECTION('',(1.,0.,0.));
#8213 = CYLINDRICAL_SURFACE('',#8214,10.);
#8214 = AXIS2_PLACEMENT_3D('',#8215,#8216,#8217);
#8215 = CARTESIAN_POINT('',(115.5,6.,-5.));
#8216 = DIRECTION('',(0.,1.110223024625E-16,-1.));
#8217 = DIRECTION('',(0.,-1.,-1.110223024625E-16));
#8218 = ADVANCED_FACE('',(#8219),#8272,.F.);
#8219 = FACE_BOUND('',#8220,.F.);
#8220 = EDGE_LOOP('',(#8221,#8222,#8223,#8232,#8240,#8249,#8257,#8266));
#8221 = ORIENTED_EDGE('',*,*,#7832,.F.);
#8222 = ORIENTED_EDGE('',*,*,#8150,.F.);
#8223 = ORIENTED_EDGE('',*,*,#8224,.F.);
#8224 = EDGE_CURVE('',#8225,#8141,#8227,.T.);
#8225 = VERTEX_POINT('',#8226);
#8226 = CARTESIAN_POINT('',(124.9,6.,-5.884182030513E-15));
#8227 = CIRCLE('',#8228,9.4);
#8228 = AXIS2_PLACEMENT_3D('',#8229,#8230,#8231);
#8229 = CARTESIAN_POINT('',(115.5,6.,0.));
#8230 = DIRECTION('',(0.,0.,-1.));
#8231 = DIRECTION('',(1.,8.881784197001E-17,0.));
#8232 = ORIENTED_EDGE('',*,*,#8233,.F.);
#8233 = EDGE_CURVE('',#8234,#8225,#8236,.T.);
#8234 = VERTEX_POINT('',#8235);
#8235 = CARTESIAN_POINT('',(124.9,46.,6.661338147751E-16));
#8236 = LINE('',#8237,#8238);
#8237 = CARTESIAN_POINT('',(124.9,46.,0.));
#8238 = VECTOR('',#8239,1.);
#8239 = DIRECTION('',(-0.,-1.,-0.));
#8240 = ORIENTED_EDGE('',*,*,#8241,.F.);
#8241 = EDGE_CURVE('',#8242,#8234,#8244,.T.);
#8242 = VERTEX_POINT('',#8243);
#8243 = CARTESIAN_POINT('',(115.5,55.4,-4.107825191113E-15));
#8244 = CIRCLE('',#8245,9.4);
#8245 = AXIS2_PLACEMENT_3D('',#8246,#8247,#8248);
#8246 = CARTESIAN_POINT('',(115.5,46.,0.));
#8247 = DIRECTION('',(0.,0.,-1.));
#8248 = DIRECTION('',(0.,1.,0.));
#8249 = ORIENTED_EDGE('',*,*,#8250,.F.);
#8250 = EDGE_CURVE('',#8251,#8242,#8253,.T.);
#8251 = VERTEX_POINT('',#8252);
#8252 = CARTESIAN_POINT('',(7.,55.4,6.661338147751E-16));
#8253 = LINE('',#8254,#8255);
#8254 = CARTESIAN_POINT('',(7.,55.4,0.));
#8255 = VECTOR('',#8256,1.);
#8256 = DIRECTION('',(1.,0.,0.));
#8257 = ORIENTED_EDGE('',*,*,#8258,.F.);
#8258 = EDGE_CURVE('',#8259,#8251,#8261,.T.);
#8259 = VERTEX_POINT('',#8260);
#8260 = CARTESIAN_POINT('',(-2.4,46.,-2.22044604925E-16));
#8261 = CIRCLE('',#8262,9.4);
#8262 = AXIS2_PLACEMENT_3D('',#8263,#8264,#8265);
#8263 = CARTESIAN_POINT('',(7.,46.,0.));
#8264 = DIRECTION('',(0.,0.,-1.));
#8265 = DIRECTION('',(-1.,0.,0.));
#8266 = ORIENTED_EDGE('',*,*,#8267,.F.);
#8267 = EDGE_CURVE('',#7825,#8259,#8268,.T.);
#8268 = LINE('',#8269,#8270);
#8269 = CARTESIAN_POINT('',(-2.4,6.,0.));
#8270 = VECTOR('',#8271,1.);
#8271 = DIRECTION('',(0.,1.,0.));
#8272 = PLANE('',#8273);
#8273 = AXIS2_PLACEMENT_3D('',#8274,#8275,#8276);
#8274 = CARTESIAN_POINT('',(-3.,-4.,0.));
#8275 = DIRECTION('',(0.,0.,1.));
#8276 = DIRECTION('',(0.,1.,0.));
#8277 = ADVANCED_FACE('',(#8278),#8289,.T.);
#8278 = FACE_BOUND('',#8279,.T.);
#8279 = EDGE_LOOP('',(#8280,#8281,#8282,#8288));
#8280 = ORIENTED_EDGE('',*,*,#7824,.F.);
#8281 = ORIENTED_EDGE('',*,*,#7950,.T.);
#8282 = ORIENTED_EDGE('',*,*,#8283,.T.);
#8283 = EDGE_CURVE('',#7951,#8259,#8284,.T.);
#8284 = LINE('',#8285,#8286);
#8285 = CARTESIAN_POINT('',(-2.7,46.,0.3));
#8286 = VECTOR('',#8287,1.);
#8287 = DIRECTION('',(0.707106781187,0.,-0.707106781187));
#8288 = ORIENTED_EDGE('',*,*,#8267,.F.);
#8289 = PLANE('',#8290);
#8290 = AXIS2_PLACEMENT_3D('',#8291,#8292,#8293);
#8291 = CARTESIAN_POINT('',(-2.7,6.,0.3));
#8292 = DIRECTION('',(-0.707106781187,-6.963829119075E-18,
    -0.707106781187));
#8293 = DIRECTION('',(-4.924170793122E-18,1.,-4.924170793122E-18));
#8294 = ADVANCED_FACE('',(#8295),#8314,.F.);
#8295 = FACE_BOUND('',#8296,.F.);
#8296 = EDGE_LOOP('',(#8297,#8298,#8306,#8313));
#8297 = ORIENTED_EDGE('',*,*,#7891,.T.);
#8298 = ORIENTED_EDGE('',*,*,#8299,.F.);
#8299 = EDGE_CURVE('',#8300,#7850,#8302,.T.);
#8300 = VERTEX_POINT('',#8301);
#8301 = CARTESIAN_POINT('',(121.33285973132,0.52480618108,10.));
#8302 = LINE('',#8303,#8304);
#8303 = CARTESIAN_POINT('',(29.125,0.52480618108,10.));
#8304 = VECTOR('',#8305,1.);
#8305 = DIRECTION('',(-1.,0.,0.));
#8306 = ORIENTED_EDGE('',*,*,#8307,.T.);
#8307 = EDGE_CURVE('',#8300,#8165,#8308,.T.);
#8308 = CIRCLE('',#8309,8.);
#8309 = AXIS2_PLACEMENT_3D('',#8310,#8311,#8312);
#8310 = CARTESIAN_POINT('',(115.5,6.,10.));
#8311 = DIRECTION('',(0.,0.,-1.));
#8312 = DIRECTION('',(1.,0.,0.));
#8313 = ORIENTED_EDGE('',*,*,#8173,.T.);
#8314 = PLANE('',#8315);
#8315 = AXIS2_PLACEMENT_3D('',#8316,#8317,#8318);
#8316 = CARTESIAN_POINT('',(-3.,20.,10.));
#8317 = DIRECTION('',(0.,0.,-1.));
#8318 = DIRECTION('',(0.,-1.,0.));
#8319 = ADVANCED_FACE('',(#8320),#8390,.F.);
#8320 = FACE_BOUND('',#8321,.F.);
#8321 = EDGE_LOOP('',(#8322,#8331,#8339,#8348,#8388,#8389));
#8322 = ORIENTED_EDGE('',*,*,#8323,.T.);
#8323 = EDGE_CURVE('',#7848,#8324,#8326,.T.);
#8324 = VERTEX_POINT('',#8325);
#8325 = CARTESIAN_POINT('',(7.,-0.289777747887,6.959931390069));
#8326 = CIRCLE('',#8327,7.3);
#8327 = AXIS2_PLACEMENT_3D('',#8328,#8329,#8330);
#8328 = CARTESIAN_POINT('',(7.,1.599601281362,14.011189921979));
#8329 = DIRECTION('',(6.162975822039E-33,-0.965925826289,0.258819045103)
  );
#8330 = DIRECTION('',(-1.,3.149006718732E-17,1.175225306768E-16));
#8331 = ORIENTED_EDGE('',*,*,#8332,.T.);
#8332 = EDGE_CURVE('',#8324,#8333,#8335,.T.);
#8333 = VERTEX_POINT('',#8334);
#8334 = CARTESIAN_POINT('',(115.5,-0.289777747887,6.959931390069));
#8335 = LINE('',#8336,#8337);
#8336 = CARTESIAN_POINT('',(7.,-0.289777747887,6.959931390069));
#8337 = VECTOR('',#8338,1.);
#8338 = DIRECTION('',(1.,0.,0.));
#8339 = ORIENTED_EDGE('',*,*,#8340,.T.);
#8340 = EDGE_CURVE('',#8333,#8341,#8343,.T.);
#8341 = VERTEX_POINT('',#8342);
#8342 = CARTESIAN_POINT('',(121.50100118868,0.52377345404,9.996145810218
    ));
#8343 = CIRCLE('',#8344,7.3);
#8344 = AXIS2_PLACEMENT_3D('',#8345,#8346,#8347);
#8345 = CARTESIAN_POINT('',(115.5,1.599601281362,14.011189921979));
#8346 = DIRECTION('',(0.,-0.965925826289,0.258819045103));
#8347 = DIRECTION('',(0.,-0.258819045103,-0.965925826289));
#8348 = ORIENTED_EDGE('',*,*,#8349,.T.);
#8349 = EDGE_CURVE('',#8341,#8300,#8350,.T.);
#8350 = B_SPLINE_CURVE_WITH_KNOTS('',6,(#8351,#8352,#8353,#8354,#8355,
    #8356,#8357,#8358,#8359,#8360,#8361,#8362,#8363,#8364,#8365,#8366,
    #8367,#8368,#8369,#8370,#8371,#8372,#8373,#8374,#8375,#8376,#8377,
    #8378,#8379,#8380,#8381,#8382,#8383,#8384,#8385,#8386,#8387),
  .UNSPECIFIED.,.F.,.F.,(7,5,5,5,5,5,5,7),(0.,8.289311698315E-02,
    0.254881925865,0.388104695819,0.445541456123,0.533972878093,
    0.681723382177,1.),.UNSPECIFIED.);
#8351 = CARTESIAN_POINT('',(123.49166881931,-1.109220378263E-02,8.));
#8352 = CARTESIAN_POINT('',(123.50074120466,9.69414408809E-04,
    8.045014571912));
#8353 = CARTESIAN_POINT('',(123.50830510473,1.309332045202E-02,
    8.090261605251));
#8354 = CARTESIAN_POINT('',(123.51432718941,2.526541270872E-02,
    8.135688471988));
#8355 = CARTESIAN_POINT('',(123.51877869464,3.747067259186E-02,
    8.181239121991));
#8356 = CARTESIAN_POINT('',(123.52163542237,4.969316456564E-02,
    8.226854083033));
#8357 = CARTESIAN_POINT('',(123.52545533504,8.727637003854E-02,
    8.367116515369));
#8358 = CARTESIAN_POINT('',(123.52108432238,0.112642157882,
    8.461782924376));
#8359 = CARTESIAN_POINT('',(123.50959008878,0.137856278552,
    8.555883303783));
#8360 = CARTESIAN_POINT('',(123.49091627975,0.162757803013,
    8.648817058259));
#8361 = CARTESIAN_POINT('',(123.46512623765,0.187183430219,
    8.739974739995));
#8362 = CARTESIAN_POINT('',(123.4071304575,0.229398405234,8.897523171594
    ));
#8363 = CARTESIAN_POINT('',(123.37767734511,0.247445241545,
    8.964874881621));
#8364 = CARTESIAN_POINT('',(123.3441876455,0.265038295673,9.030533053488
    ));
#8365 = CARTESIAN_POINT('',(123.30680778256,0.282111600543,
    9.094251494715));
#8366 = CARTESIAN_POINT('',(123.26572417022,0.298607312916,
    9.155814331398));
#8367 = CARTESIAN_POINT('',(123.20194481922,0.321317137492,
    9.240568550546));
#8368 = CARTESIAN_POINT('',(123.18208337908,0.328042115304,
    9.265666509421));
#8369 = CARTESIAN_POINT('',(123.16159168899,0.334646821175,
    9.290315607302));
#8370 = CARTESIAN_POINT('',(123.14048791286,0.341127787465,
    9.314502902779));
#8371 = CARTESIAN_POINT('',(123.11879091081,0.34748192529,9.338216867979
    ));
#8372 = CARTESIAN_POINT('',(123.06223162055,0.363290111027,
    9.397213820323));
#8373 = CARTESIAN_POINT('',(123.02658284888,0.372566682433,
    9.431834456134));
#8374 = CARTESIAN_POINT('',(122.98964511241,0.38152628151,9.465272135102
    ));
#8375 = CARTESIAN_POINT('',(122.95149152327,0.390161299268,
    9.497498460102));
#8376 = CARTESIAN_POINT('',(122.91219596717,0.398466212403,
    9.528492817874));
#8377 = CARTESIAN_POINT('',(122.80439208528,0.419755384,9.607945087925)
  );
#8378 = CARTESIAN_POINT('',(122.73396914161,0.432141665643,9.65417132033
    ));
#8379 = CARTESIAN_POINT('',(122.66090504032,0.443579328939,
    9.696857260874));
#8380 = CARTESIAN_POINT('',(122.58553046092,0.454066769191,
    9.735996920735));
#8381 = CARTESIAN_POINT('',(122.50815521721,0.463613904391,
    9.771627314368));
#8382 = CARTESIAN_POINT('',(122.25867278737,0.490817057459,
    9.873150863743));
#8383 = CARTESIAN_POINT('',(122.08037246815,0.505106667905,
    9.926480415949));
#8384 = CARTESIAN_POINT('',(121.89681484261,0.515309290473,
    9.964557121742));
#8385 = CARTESIAN_POINT('',(121.71012888635,0.521753876561,
    9.988608644455));
#8386 = CARTESIAN_POINT('',(121.52184277931,0.52480618108,10.));
#8387 = CARTESIAN_POINT('',(121.33285973132,0.52480618108,10.));
#8388 = ORIENTED_EDGE('',*,*,#8299,.T.);
#8389 = ORIENTED_EDGE('',*,*,#7847,.F.);
#8390 = PLANE('',#8391);
#8391 = AXIS2_PLACEMENT_3D('',#8392,#8393,#8394);
#8392 = CARTESIAN_POINT('',(61.25,8.264191692752,38.883779948922));
#8393 = DIRECTION('',(-0.,-0.965925826289,0.258819045103));
#8394 = DIRECTION('',(0.,-0.258819045103,-0.965925826289));
#8395 = ADVANCED_FACE('',(#8396),#8432,.F.);
#8396 = FACE_BOUND('',#8397,.F.);
#8397 = EDGE_LOOP('',(#8398,#8407,#8415,#8424,#8430,#8431));
#8398 = ORIENTED_EDGE('',*,*,#8399,.T.);
#8399 = EDGE_CURVE('',#7918,#8400,#8402,.T.);
#8400 = VERTEX_POINT('',#8401);
#8401 = CARTESIAN_POINT('',(-0.3,16.569565868995,10.));
#8402 = ELLIPSE('',#8403,28.205034127641,7.3);
#8403 = AXIS2_PLACEMENT_3D('',#8404,#8405,#8406);
#8404 = CARTESIAN_POINT('',(7.,16.569565868995,10.));
#8405 = DIRECTION('',(0.,0.,-1.));
#8406 = DIRECTION('',(0.,-1.,0.));
#8407 = ORIENTED_EDGE('',*,*,#8408,.T.);
#8408 = EDGE_CURVE('',#8400,#8409,#8411,.T.);
#8409 = VERTEX_POINT('',#8410);
#8410 = CARTESIAN_POINT('',(-0.3,16.668044171471,9.973612818379));
#8411 = LINE('',#8412,#8413);
#8412 = CARTESIAN_POINT('',(-0.3,1.599601281362,14.011189921979));
#8413 = VECTOR('',#8414,1.);
#8414 = DIRECTION('',(0.,0.965925826289,-0.258819045103));
#8415 = ORIENTED_EDGE('',*,*,#8416,.T.);
#8416 = EDGE_CURVE('',#8409,#8417,#8419,.T.);
#8417 = VERTEX_POINT('',#8418);
#8418 = CARTESIAN_POINT('',(7.,14.778665142223,2.922354286469));
#8419 = CIRCLE('',#8420,7.3);
#8420 = AXIS2_PLACEMENT_3D('',#8421,#8422,#8423);
#8421 = CARTESIAN_POINT('',(7.,16.668044171471,9.973612818379));
#8422 = DIRECTION('',(6.162975822039E-33,-0.965925826289,0.258819045103)
  );
#8423 = DIRECTION('',(-1.,3.149006718732E-17,1.175225306768E-16));
#8424 = ORIENTED_EDGE('',*,*,#8425,.F.);
#8425 = EDGE_CURVE('',#8324,#8417,#8426,.T.);
#8426 = LINE('',#8427,#8428);
#8427 = CARTESIAN_POINT('',(7.,-0.289777747887,6.959931390069));
#8428 = VECTOR('',#8429,1.);
#8429 = DIRECTION('',(0.,0.965925826289,-0.258819045103));
#8430 = ORIENTED_EDGE('',*,*,#8323,.F.);
#8431 = ORIENTED_EDGE('',*,*,#7926,.T.);
#8432 = CYLINDRICAL_SURFACE('',#8433,7.3);
#8433 = AXIS2_PLACEMENT_3D('',#8434,#8435,#8436);
#8434 = CARTESIAN_POINT('',(7.,1.599601281362,14.011189921979));
#8435 = DIRECTION('',(0.,-0.965925826289,0.258819045103));
#8436 = DIRECTION('',(-1.,3.149006718732E-17,1.175225306768E-16));
#8437 = ADVANCED_FACE('',(#8438),#8506,.F.);
#8438 = FACE_BOUND('',#8439,.F.);
#8439 = EDGE_LOOP('',(#8440,#8448,#8456,#8464,#8473,#8482,#8490,#8498,
    #8504,#8505));
#8440 = ORIENTED_EDGE('',*,*,#8441,.T.);
#8441 = EDGE_CURVE('',#7909,#8442,#8444,.T.);
#8442 = VERTEX_POINT('',#8443);
#8443 = CARTESIAN_POINT('',(-1.,20.,10.));
#8444 = LINE('',#8445,#8446);
#8445 = CARTESIAN_POINT('',(-1.,6.,10.));
#8446 = VECTOR('',#8447,1.);
#8447 = DIRECTION('',(0.,1.,0.));
#8448 = ORIENTED_EDGE('',*,*,#8449,.T.);
#8449 = EDGE_CURVE('',#8442,#8450,#8452,.T.);
#8450 = VERTEX_POINT('',#8451);
#8451 = CARTESIAN_POINT('',(123.5,20.,10.));
#8452 = LINE('',#8453,#8454);
#8453 = CARTESIAN_POINT('',(-3.,20.,10.));
#8454 = VECTOR('',#8455,1.);
#8455 = DIRECTION('',(1.,0.,0.));
#8456 = ORIENTED_EDGE('',*,*,#8457,.T.);
#8457 = EDGE_CURVE('',#8450,#8458,#8460,.T.);
#8458 = VERTEX_POINT('',#8459);
#8459 = CARTESIAN_POINT('',(123.5,6.,10.));
#8460 = LINE('',#8461,#8462);
#8461 = CARTESIAN_POINT('',(123.5,20.,10.));
#8462 = VECTOR('',#8463,1.);
#8463 = DIRECTION('',(0.,-1.,0.));
#8464 = ORIENTED_EDGE('',*,*,#8465,.T.);
#8465 = EDGE_CURVE('',#8458,#8466,#8468,.T.);
#8466 = VERTEX_POINT('',#8467);
#8467 = CARTESIAN_POINT('',(121.54551156179,0.760554422819,10.));
#8468 = CIRCLE('',#8469,8.);
#8469 = AXIS2_PLACEMENT_3D('',#8470,#8471,#8472);
#8470 = CARTESIAN_POINT('',(115.5,6.,10.));
#8471 = DIRECTION('',(0.,0.,-1.));
#8472 = DIRECTION('',(1.,0.,0.));
#8473 = ORIENTED_EDGE('',*,*,#8474,.F.);
#8474 = EDGE_CURVE('',#8475,#8466,#8477,.T.);
#8475 = VERTEX_POINT('',#8476);
#8476 = CARTESIAN_POINT('',(122.8,16.569565868995,10.));
#8477 = ELLIPSE('',#8478,28.205034127641,7.3);
#8478 = AXIS2_PLACEMENT_3D('',#8479,#8480,#8481);
#8479 = CARTESIAN_POINT('',(115.5,16.569565868995,10.));
#8480 = DIRECTION('',(0.,0.,-1.));
#8481 = DIRECTION('',(0.,-1.,0.));
#8482 = ORIENTED_EDGE('',*,*,#8483,.F.);
#8483 = EDGE_CURVE('',#8484,#8475,#8486,.T.);
#8484 = VERTEX_POINT('',#8485);
#8485 = CARTESIAN_POINT('',(122.8,16.675114595477,10.));
#8486 = LINE('',#8487,#8488);
#8487 = CARTESIAN_POINT('',(122.8,10.799800640681,10.));
#8488 = VECTOR('',#8489,1.);
#8489 = DIRECTION('',(0.,-1.,0.));
#8490 = ORIENTED_EDGE('',*,*,#8491,.T.);
#8491 = EDGE_CURVE('',#8484,#8492,#8494,.T.);
#8492 = VERTEX_POINT('',#8493);
#8493 = CARTESIAN_POINT('',(-0.3,16.675114595477,10.));
#8494 = LINE('',#8495,#8496);
#8495 = CARTESIAN_POINT('',(29.125,16.675114595477,10.));
#8496 = VECTOR('',#8497,1.);
#8497 = DIRECTION('',(-1.,0.,0.));
#8498 = ORIENTED_EDGE('',*,*,#8499,.F.);
#8499 = EDGE_CURVE('',#8400,#8492,#8500,.T.);
#8500 = LINE('',#8501,#8502);
#8501 = CARTESIAN_POINT('',(-0.3,17.464391052071,10.));
#8502 = VECTOR('',#8503,1.);
#8503 = DIRECTION('',(0.,1.,0.));
#8504 = ORIENTED_EDGE('',*,*,#8399,.F.);
#8505 = ORIENTED_EDGE('',*,*,#7917,.T.);
#8506 = PLANE('',#8507);
#8507 = AXIS2_PLACEMENT_3D('',#8508,#8509,#8510);
#8508 = CARTESIAN_POINT('',(-3.,20.,10.));
#8509 = DIRECTION('',(0.,0.,-1.));
#8510 = DIRECTION('',(0.,-1.,0.));
#8511 = ADVANCED_FACE('',(#8512),#8524,.T.);
#8512 = FACE_BOUND('',#8513,.T.);
#8513 = EDGE_LOOP('',(#8514,#8515,#8516,#8523));
#8514 = ORIENTED_EDGE('',*,*,#7908,.T.);
#8515 = ORIENTED_EDGE('',*,*,#8441,.T.);
#8516 = ORIENTED_EDGE('',*,*,#8517,.F.);
#8517 = EDGE_CURVE('',#8119,#8442,#8518,.T.);
#8518 = CIRCLE('',#8519,2.);
#8519 = AXIS2_PLACEMENT_3D('',#8520,#8521,#8522);
#8520 = CARTESIAN_POINT('',(-1.,20.,8.));
#8521 = DIRECTION('',(0.,1.,0.));
#8522 = DIRECTION('',(-1.,-0.,-0.));
#8523 = ORIENTED_EDGE('',*,*,#8126,.F.);
#8524 = CYLINDRICAL_SURFACE('',#8525,2.);
#8525 = AXIS2_PLACEMENT_3D('',#8526,#8527,#8528);
#8526 = CARTESIAN_POINT('',(-1.,6.,8.));
#8527 = DIRECTION('',(0.,1.,0.));
#8528 = DIRECTION('',(-1.,-0.,-0.));
#8529 = ADVANCED_FACE('',(#8530),#8618,.T.);
#8530 = FACE_BOUND('',#8531,.F.);
#8531 = EDGE_LOOP('',(#8532,#8533,#8542,#8550,#8561,#8576,#8591,#8606));
#8532 = ORIENTED_EDGE('',*,*,#7958,.F.);
#8533 = ORIENTED_EDGE('',*,*,#8534,.T.);
#8534 = EDGE_CURVE('',#7951,#8535,#8537,.T.);
#8535 = VERTEX_POINT('',#8536);
#8536 = CARTESIAN_POINT('',(7.,56.,0.6));
#8537 = CIRCLE('',#8538,10.);
#8538 = AXIS2_PLACEMENT_3D('',#8539,#8540,#8541);
#8539 = CARTESIAN_POINT('',(7.,46.,0.6));
#8540 = DIRECTION('',(0.,0.,-1.));
#8541 = DIRECTION('',(-1.,0.,0.));
#8542 = ORIENTED_EDGE('',*,*,#8543,.T.);
#8543 = EDGE_CURVE('',#8535,#8544,#8546,.T.);
#8544 = VERTEX_POINT('',#8545);
#8545 = CARTESIAN_POINT('',(7.,56.,1.491397174491));
#8546 = LINE('',#8547,#8548);
#8547 = CARTESIAN_POINT('',(7.,56.,-5.));
#8548 = VECTOR('',#8549,1.);
#8549 = DIRECTION('',(0.,0.,1.));
#8550 = ORIENTED_EDGE('',*,*,#8551,.F.);
#8551 = EDGE_CURVE('',#8552,#8544,#8554,.T.);
#8552 = VERTEX_POINT('',#8553);
#8553 = CARTESIAN_POINT('',(3.023834198323,55.175516634913,
    1.680053902145));
#8554 = ( BOUNDED_CURVE() B_SPLINE_CURVE(5,(#8555,#8556,#8557,#8558,
#8559,#8560),.UNSPECIFIED.,.F.,.F.) B_SPLINE_CURVE_WITH_KNOTS((6,6),(
68.140128444768,72.128053911455),.PIECEWISE_BEZIER_KNOTS.) CURVE() 
GEOMETRIC_REPRESENTATION_ITEM() RATIONAL_B_SPLINE_CURVE((1.,1.,1.,1.,1.,
1.)) REPRESENTATION_ITEM('') );
#8555 = CARTESIAN_POINT('',(2.999694924715,55.165018238097,
    1.682431117176));
#8556 = CARTESIAN_POINT('',(3.756836838345,55.495492063802,
    1.606820244938));
#8557 = CARTESIAN_POINT('',(4.548469869933,55.747953622262,
    1.549049313312));
#8558 = CARTESIAN_POINT('',(5.362121157228,55.916683595026,
    1.510448326067));
#8559 = CARTESIAN_POINT('',(6.18351761545,56.,1.491397174491));
#8560 = CARTESIAN_POINT('',(7.,56.,1.491397174491));
#8561 = ORIENTED_EDGE('',*,*,#8562,.F.);
#8562 = EDGE_CURVE('',#8563,#8552,#8565,.T.);
#8563 = VERTEX_POINT('',#8564);
#8564 = CARTESIAN_POINT('',(-0.477295762957,52.64003374037,
    2.248355978926));
#8565 = ( BOUNDED_CURVE() B_SPLINE_CURVE(5,(#8566,#8567,#8568,#8569,
    #8570,#8571,#8572,#8573,#8574,#8575),.UNSPECIFIED.,.F.,.F.) 
B_SPLINE_CURVE_WITH_KNOTS((6,4,6),(63.922811830372,65.33867313777,
68.165539875808),.UNSPECIFIED.) CURVE() GEOMETRIC_REPRESENTATION_ITEM() 
RATIONAL_B_SPLINE_CURVE((1.,1.,1.,1.,1.,1.,1.,1.,1.,1.)) 
REPRESENTATION_ITEM('') );
#8566 = CARTESIAN_POINT('',(-0.482851984456,52.633771640531,
    2.249743123983));
#8567 = CARTESIAN_POINT('',(-0.291228203162,52.849922040308,
    2.201334147141));
#8568 = CARTESIAN_POINT('',(-9.138336269193E-02,53.059605010158,
    2.15436890615));
#8569 = CARTESIAN_POINT('',(0.116076650928,53.262075103838,
    2.108989788335));
#8570 = CARTESIAN_POINT('',(0.330726033669,53.456864394771,
    2.065299659424));
#8571 = CARTESIAN_POINT('',(0.994745141624,54.016977579212,
    1.939630102819));
#8572 = CARTESIAN_POINT('',(1.467567959717,54.36100425195,1.862567028727
    ));
#8573 = CARTESIAN_POINT('',(1.966133892654,54.670410244728,
    1.793235924471));
#8574 = CARTESIAN_POINT('',(2.486401827617,54.942622913705,
    1.732241893618));
#8575 = CARTESIAN_POINT('',(3.023834198323,55.175516634913,
    1.680053902145));
#8576 = ORIENTED_EDGE('',*,*,#8577,.F.);
#8577 = EDGE_CURVE('',#8578,#8563,#8580,.T.);
#8578 = VERTEX_POINT('',#8579);
#8579 = CARTESIAN_POINT('',(-2.111334690801,50.12111394555,
    2.800621944086));
#8580 = ( BOUNDED_CURVE() B_SPLINE_CURVE(9,(#8581,#8582,#8583,#8584,
    #8585,#8586,#8587,#8588,#8589,#8590),.UNSPECIFIED.,.F.,.F.) 
B_SPLINE_CURVE_WITH_KNOTS((10,10),(60.939184772706,63.931015558308),
.PIECEWISE_BEZIER_KNOTS.) CURVE() GEOMETRIC_REPRESENTATION_ITEM() 
RATIONAL_B_SPLINE_CURVE((1.,1.,1.,1.,1.,1.,1.,1.,1.,1.)) 
REPRESENTATION_ITEM('') );
#8581 = CARTESIAN_POINT('',(-2.112585637274,50.118347120307,
    2.801221263212));
#8582 = CARTESIAN_POINT('',(-1.975642396075,50.421358735506,
    2.734819001571));
#8583 = CARTESIAN_POINT('',(-1.826383174515,50.721221687616,
    2.669180102001));
#8584 = CARTESIAN_POINT('',(-1.667197477668,51.013632867288,
    2.605025150922));
#8585 = CARTESIAN_POINT('',(-1.492077824646,51.306353046832,
    2.541203237186));
#8586 = CARTESIAN_POINT('',(-1.317376456796,51.576292172258,
    2.481231396852));
#8587 = CARTESIAN_POINT('',(-1.121385205456,51.856932268509,
    2.420024476376));
#8588 = CARTESIAN_POINT('',(-0.917933887844,52.124205836746,
    2.36134159634));
#8589 = CARTESIAN_POINT('',(-0.702632281224,52.386283856085,
    2.303946635589));
#8590 = CARTESIAN_POINT('',(-0.477295762957,52.64003374037,
    2.248355978926));
#8591 = ORIENTED_EDGE('',*,*,#8592,.F.);
#8592 = EDGE_CURVE('',#8593,#8578,#8595,.T.);
#8593 = VERTEX_POINT('',#8594);
#8594 = CARTESIAN_POINT('',(-2.867119721405,47.624791803112,
    3.335349525752));
#8595 = ( BOUNDED_CURVE() B_SPLINE_CURVE(9,(#8596,#8597,#8598,#8599,
    #8600,#8601,#8602,#8603,#8604,#8605),.UNSPECIFIED.,.F.,.F.) 
B_SPLINE_CURVE_WITH_KNOTS((10,10),(58.305403931379,60.942218684797),
.PIECEWISE_BEZIER_KNOTS.) CURVE() GEOMETRIC_REPRESENTATION_ITEM() 
RATIONAL_B_SPLINE_CURVE((1.,1.,1.,1.,1.,1.,1.,1.,1.,1.)) 
REPRESENTATION_ITEM('') );
#8596 = CARTESIAN_POINT('',(-2.867198931036,47.624310701607,
    3.335451324965));
#8597 = CARTESIAN_POINT('',(-2.820388913994,47.908667475014,
    3.27452682543));
#8598 = CARTESIAN_POINT('',(-2.763983510908,48.194453136137,
    3.213335769616));
#8599 = CARTESIAN_POINT('',(-2.696508343541,48.482947397057,
    3.151751378873));
#8600 = CARTESIAN_POINT('',(-2.624265715833,48.755733347807,
    3.093033243186));
#8601 = CARTESIAN_POINT('',(-2.534658929741,49.048948028986,
    3.030838443057));
#8602 = CARTESIAN_POINT('',(-2.446360192503,49.309019345331,
    2.974514770328));
#8603 = CARTESIAN_POINT('',(-2.343615160286,49.584325820471,
    2.915598874826));
#8604 = CARTESIAN_POINT('',(-2.232244591088,49.85379530707,
    2.857850491203));
#8605 = CARTESIAN_POINT('',(-2.111334690801,50.12111394555,
    2.800621944086));
#8606 = ORIENTED_EDGE('',*,*,#8607,.F.);
#8607 = EDGE_CURVE('',#7959,#8593,#8608,.T.);
#8608 = ( BOUNDED_CURVE() B_SPLINE_CURVE(8,(#8609,#8610,#8611,#8612,
    #8613,#8614,#8615,#8616,#8617),.UNSPECIFIED.,.F.,.F.) 
B_SPLINE_CURVE_WITH_KNOTS((9,9),(56.655028111954,58.305899296041),
.PIECEWISE_BEZIER_KNOTS.) CURVE() GEOMETRIC_REPRESENTATION_ITEM() 
RATIONAL_B_SPLINE_CURVE((1.,1.,1.,1.,1.,1.,1.,1.,1.)) 
REPRESENTATION_ITEM('') );
#8609 = CARTESIAN_POINT('',(-3.,46.,3.674612967806));
#8610 = CARTESIAN_POINT('',(-3.,46.205829606997,3.631657223737));
#8611 = CARTESIAN_POINT('',(-2.995212767039,46.411217310993,
    3.588788996524));
#8612 = CARTESIAN_POINT('',(-2.985237298747,46.617738843508,
    3.545717430936));
#8613 = CARTESIAN_POINT('',(-2.971620373059,46.818720154557,
    3.503692095098));
#8614 = CARTESIAN_POINT('',(-2.950944910344,47.030670956673,
    3.459609330372));
#8615 = CARTESIAN_POINT('',(-2.928317890752,47.223750489087,
    3.419153789928));
#8616 = CARTESIAN_POINT('',(-2.900143523338,47.42424315023,
    3.377252902939));
#8617 = CARTESIAN_POINT('',(-2.867119721405,47.624791803112,
    3.335349525752));
#8618 = CYLINDRICAL_SURFACE('',#8619,10.);
#8619 = AXIS2_PLACEMENT_3D('',#8620,#8621,#8622);
#8620 = CARTESIAN_POINT('',(7.,46.,-5.));
#8621 = DIRECTION('',(0.,1.110223024625E-16,-1.));
#8622 = DIRECTION('',(1.7763568394E-16,1.,1.110223024625E-16));
#8623 = ADVANCED_FACE('',(#8624),#8643,.T.);
#8624 = FACE_BOUND('',#8625,.T.);
#8625 = EDGE_LOOP('',(#8626,#8627,#8635,#8642));
#8626 = ORIENTED_EDGE('',*,*,#8517,.T.);
#8627 = ORIENTED_EDGE('',*,*,#8628,.T.);
#8628 = EDGE_CURVE('',#8442,#8629,#8631,.T.);
#8629 = VERTEX_POINT('',#8630);
#8630 = CARTESIAN_POINT('',(-1.,20.861111111111,10.027777777778));
#8631 = LINE('',#8632,#8633);
#8632 = CARTESIAN_POINT('',(-1.,20.,10.));
#8633 = VECTOR('',#8634,1.);
#8634 = DIRECTION('',(0.,0.99948011434,3.224129401096E-02));
#8635 = ORIENTED_EDGE('',*,*,#8636,.F.);
#8636 = EDGE_CURVE('',#8111,#8629,#8637,.T.);
#8637 = CIRCLE('',#8638,2.);
#8638 = AXIS2_PLACEMENT_3D('',#8639,#8640,#8641);
#8639 = CARTESIAN_POINT('',(-1.,20.925593699133,8.028817549098));
#8640 = DIRECTION('',(0.,0.99948011434,3.224129401096E-02));
#8641 = DIRECTION('',(-1.,0.,0.));
#8642 = ORIENTED_EDGE('',*,*,#8118,.F.);
#8643 = CYLINDRICAL_SURFACE('',#8644,2.);
#8644 = AXIS2_PLACEMENT_3D('',#8645,#8646,#8647);
#8645 = CARTESIAN_POINT('',(-1.,20.064482588022,8.001039771321));
#8646 = DIRECTION('',(0.,0.99948011434,3.224129401096E-02));
#8647 = DIRECTION('',(-1.,0.,0.));
#8648 = ADVANCED_FACE('',(#8649),#8676,.T.);
#8649 = FACE_BOUND('',#8650,.T.);
#8650 = EDGE_LOOP('',(#8651,#8660,#8668,#8675));
#8651 = ORIENTED_EDGE('',*,*,#8652,.T.);
#8652 = EDGE_CURVE('',#7967,#8653,#8655,.T.);
#8653 = VERTEX_POINT('',#8654);
#8654 = CARTESIAN_POINT('',(-1.,45.861111111111,5.777777777778));
#8655 = CIRCLE('',#8656,2.);
#8656 = AXIS2_PLACEMENT_3D('',#8657,#8658,#8659);
#8657 = CARTESIAN_POINT('',(-1.,45.369234871347,3.839206715176));
#8658 = DIRECTION('',(0.,0.969285531301,-0.245938119882));
#8659 = DIRECTION('',(-1.,0.,0.));
#8660 = ORIENTED_EDGE('',*,*,#8661,.T.);
#8661 = EDGE_CURVE('',#8653,#8662,#8664,.T.);
#8662 = VERTEX_POINT('',#8663);
#8663 = CARTESIAN_POINT('',(-1.,46.504843794294,5.6098475126));
#8664 = LINE('',#8665,#8666);
#8665 = CARTESIAN_POINT('',(-1.,45.861111111111,5.777777777778));
#8666 = VECTOR('',#8667,1.);
#8667 = DIRECTION('',(0.,0.967617272397,-0.252421897147));
#8668 = ORIENTED_EDGE('',*,*,#8669,.F.);
#8669 = EDGE_CURVE('',#7959,#8662,#8670,.T.);
#8670 = CIRCLE('',#8671,2.);
#8671 = AXIS2_PLACEMENT_3D('',#8672,#8673,#8674);
#8672 = CARTESIAN_POINT('',(-1.,46.,3.674612967806));
#8673 = DIRECTION('',(0.,0.967617272397,-0.252421897147));
#8674 = DIRECTION('',(-1.,0.,0.));
#8675 = ORIENTED_EDGE('',*,*,#7966,.F.);
#8676 = CYLINDRICAL_SURFACE('',#8677,2.);
#8677 = AXIS2_PLACEMENT_3D('',#8678,#8679,#8680);
#8678 = CARTESIAN_POINT('',(-1.,45.356267316817,3.842543232984));
#8679 = DIRECTION('',(0.,0.967617272397,-0.252421897147));
#8680 = DIRECTION('',(-1.,0.,0.));
#8681 = ADVANCED_FACE('',(#8682),#8701,.T.);
#8682 = FACE_BOUND('',#8683,.T.);
#8683 = EDGE_LOOP('',(#8684,#8685,#8693,#8700));
#8684 = ORIENTED_EDGE('',*,*,#8636,.T.);
#8685 = ORIENTED_EDGE('',*,*,#8686,.T.);
#8686 = EDGE_CURVE('',#8629,#8687,#8689,.T.);
#8687 = VERTEX_POINT('',#8688);
#8688 = CARTESIAN_POINT('',(-1.,21.777777777778,10.027777777778));
#8689 = LINE('',#8690,#8691);
#8690 = CARTESIAN_POINT('',(-1.,20.861111111111,10.027777777778));
#8691 = VECTOR('',#8692,1.);
#8692 = DIRECTION('',(0.,1.,-1.9378438248E-15));
#8693 = ORIENTED_EDGE('',*,*,#8694,.F.);
#8694 = EDGE_CURVE('',#8103,#8687,#8695,.T.);
#8695 = CIRCLE('',#8696,2.);
#8696 = AXIS2_PLACEMENT_3D('',#8697,#8698,#8699);
#8697 = CARTESIAN_POINT('',(-1.,21.777777777778,8.027777777778));
#8698 = DIRECTION('',(0.,1.,-1.9378438248E-15));
#8699 = DIRECTION('',(-1.,0.,0.));
#8700 = ORIENTED_EDGE('',*,*,#8110,.F.);
#8701 = CYLINDRICAL_SURFACE('',#8702,2.);
#8702 = AXIS2_PLACEMENT_3D('',#8703,#8704,#8705);
#8703 = CARTESIAN_POINT('',(-1.,20.861111111111,8.027777777778));
#8704 = DIRECTION('',(0.,1.,-1.9378438248E-15));
#8705 = DIRECTION('',(-1.,0.,0.));
#8706 = ADVANCED_FACE('',(#8707),#8726,.T.);
#8707 = FACE_BOUND('',#8708,.T.);
#8708 = EDGE_LOOP('',(#8709,#8718,#8724,#8725));
#8709 = ORIENTED_EDGE('',*,*,#8710,.T.);
#8710 = EDGE_CURVE('',#7975,#8711,#8713,.T.);
#8711 = VERTEX_POINT('',#8712);
#8712 = CARTESIAN_POINT('',(-1.,44.,6.25));
#8713 = CIRCLE('',#8714,2.);
#8714 = AXIS2_PLACEMENT_3D('',#8715,#8716,#8717);
#8715 = CARTESIAN_POINT('',(-1.,43.521961905755,4.30797024213));
#8716 = DIRECTION('',(0.,0.971014878935,-0.239019047122));
#8717 = DIRECTION('',(-1.,0.,0.));
#8718 = ORIENTED_EDGE('',*,*,#8719,.T.);
#8719 = EDGE_CURVE('',#8711,#8653,#8720,.T.);
#8720 = LINE('',#8721,#8722);
#8721 = CARTESIAN_POINT('',(-1.,44.,6.25));
#8722 = VECTOR('',#8723,1.);
#8723 = DIRECTION('',(0.,0.969285531301,-0.245938119882));
#8724 = ORIENTED_EDGE('',*,*,#8652,.F.);
#8725 = ORIENTED_EDGE('',*,*,#7974,.F.);
#8726 = CYLINDRICAL_SURFACE('',#8727,2.);
#8727 = AXIS2_PLACEMENT_3D('',#8728,#8729,#8730);
#8728 = CARTESIAN_POINT('',(-1.,43.508123760235,4.311428937399));
#8729 = DIRECTION('',(0.,0.969285531301,-0.245938119882));
#8730 = DIRECTION('',(-1.,0.,0.));
#8731 = ADVANCED_FACE('',(#8732),#8751,.T.);
#8732 = FACE_BOUND('',#8733,.T.);
#8733 = EDGE_LOOP('',(#8734,#8735,#8743,#8750));
#8734 = ORIENTED_EDGE('',*,*,#8694,.T.);
#8735 = ORIENTED_EDGE('',*,*,#8736,.T.);
#8736 = EDGE_CURVE('',#8687,#8737,#8739,.T.);
#8737 = VERTEX_POINT('',#8738);
#8738 = CARTESIAN_POINT('',(-1.,22.75,10.));
#8739 = LINE('',#8740,#8741);
#8740 = CARTESIAN_POINT('',(-1.,21.777777777778,10.027777777778));
#8741 = VECTOR('',#8742,1.);
#8742 = DIRECTION('',(0.,0.999592086461,-2.855977389888E-02));
#8743 = ORIENTED_EDGE('',*,*,#8744,.F.);
#8744 = EDGE_CURVE('',#8095,#8737,#8745,.T.);
#8745 = CIRCLE('',#8746,2.);
#8746 = AXIS2_PLACEMENT_3D('',#8747,#8748,#8749);
#8747 = CARTESIAN_POINT('',(-1.,22.692880452202,8.000815827079));
#8748 = DIRECTION('',(0.,0.999592086461,-2.855977389888E-02));
#8749 = DIRECTION('',(-1.,0.,0.));
#8750 = ORIENTED_EDGE('',*,*,#8102,.F.);
#8751 = CYLINDRICAL_SURFACE('',#8752,2.);
#8752 = AXIS2_PLACEMENT_3D('',#8753,#8754,#8755);
#8753 = CARTESIAN_POINT('',(-1.,21.72065822998,8.028593604856));
#8754 = DIRECTION('',(0.,0.999592086461,-2.855977389888E-02));
#8755 = DIRECTION('',(-1.,0.,0.));
#8756 = ADVANCED_FACE('',(#8757),#8776,.T.);
#8757 = FACE_BOUND('',#8758,.T.);
#8758 = EDGE_LOOP('',(#8759,#8768,#8774,#8775));
#8759 = ORIENTED_EDGE('',*,*,#8760,.T.);
#8760 = EDGE_CURVE('',#7983,#8761,#8763,.T.);
#8761 = VERTEX_POINT('',#8762);
#8762 = CARTESIAN_POINT('',(-1.,42.194444444444,6.694444444444));
#8763 = CIRCLE('',#8764,2.);
#8764 = AXIS2_PLACEMENT_3D('',#8765,#8766,#8767);
#8765 = CARTESIAN_POINT('',(-1.,41.731203389832,4.748832015074));
#8766 = DIRECTION('',(0.,0.972806214685,-0.231620527306));
#8767 = DIRECTION('',(-1.,0.,0.));
#8768 = ORIENTED_EDGE('',*,*,#8769,.T.);
#8769 = EDGE_CURVE('',#8761,#8711,#8770,.T.);
#8770 = LINE('',#8771,#8772);
#8771 = CARTESIAN_POINT('',(-1.,42.194444444444,6.694444444444));
#8772 = VECTOR('',#8773,1.);
#8773 = DIRECTION('',(0.,0.971014878935,-0.239019047122));
#8774 = ORIENTED_EDGE('',*,*,#8710,.F.);
#8775 = ORIENTED_EDGE('',*,*,#7982,.F.);
#8776 = CYLINDRICAL_SURFACE('',#8777,2.);
#8777 = AXIS2_PLACEMENT_3D('',#8778,#8779,#8780);
#8778 = CARTESIAN_POINT('',(-1.,41.7164063502,4.752414686575));
#8779 = DIRECTION('',(0.,0.971014878935,-0.239019047122));
#8780 = DIRECTION('',(-1.,0.,0.));
#8781 = ADVANCED_FACE('',(#8782),#8801,.T.);
#8782 = FACE_BOUND('',#8783,.T.);
#8783 = EDGE_LOOP('',(#8784,#8785,#8793,#8800));
#8784 = ORIENTED_EDGE('',*,*,#8744,.T.);
#8785 = ORIENTED_EDGE('',*,*,#8786,.T.);
#8786 = EDGE_CURVE('',#8737,#8787,#8789,.T.);
#8787 = VERTEX_POINT('',#8788);
#8788 = CARTESIAN_POINT('',(-1.,23.777777777778,9.944444444444));
#8789 = LINE('',#8790,#8791);
#8790 = CARTESIAN_POINT('',(-1.,22.75,10.));
#8791 = VECTOR('',#8792,1.);
#8792 = DIRECTION('',(0.,0.998542273278,-5.3975258015E-02));
#8793 = ORIENTED_EDGE('',*,*,#8794,.F.);
#8794 = EDGE_CURVE('',#8087,#8787,#8795,.T.);
#8795 = CIRCLE('',#8796,2.);
#8796 = AXIS2_PLACEMENT_3D('',#8797,#8798,#8799);
#8797 = CARTESIAN_POINT('',(-1.,23.669827261748,7.947359897889));
#8798 = DIRECTION('',(0.,0.998542273278,-5.3975258015E-02));
#8799 = DIRECTION('',(-1.,0.,0.));
#8800 = ORIENTED_EDGE('',*,*,#8094,.F.);
#8801 = CYLINDRICAL_SURFACE('',#8802,2.);
#8802 = AXIS2_PLACEMENT_3D('',#8803,#8804,#8805);
#8803 = CARTESIAN_POINT('',(-1.,22.64204948397,8.002915453445));
#8804 = DIRECTION('',(0.,0.998542273278,-5.3975258015E-02));
#8805 = DIRECTION('',(-1.,0.,0.));
#8806 = ADVANCED_FACE('',(#8807),#8826,.T.);
#8807 = FACE_BOUND('',#8808,.T.);
#8808 = EDGE_LOOP('',(#8809,#8818,#8824,#8825));
#8809 = ORIENTED_EDGE('',*,*,#8810,.T.);
#8810 = EDGE_CURVE('',#7991,#8811,#8813,.T.);
#8811 = VERTEX_POINT('',#8812);
#8812 = CARTESIAN_POINT('',(-1.,40.444444444444,7.111111111111));
#8813 = CIRCLE('',#8814,2.);
#8814 = AXIS2_PLACEMENT_3D('',#8815,#8816,#8817);
#8815 = CARTESIAN_POINT('',(-1.,39.997059623007,5.161791531989));
#8816 = DIRECTION('',(0.,0.974659789561,-0.223692410719));
#8817 = DIRECTION('',(-1.,0.,0.));
#8818 = ORIENTED_EDGE('',*,*,#8819,.T.);
#8819 = EDGE_CURVE('',#8811,#8761,#8820,.T.);
#8820 = LINE('',#8821,#8822);
#8821 = CARTESIAN_POINT('',(-1.,40.444444444444,7.111111111111));
#8822 = VECTOR('',#8823,1.);
#8823 = DIRECTION('',(0.,0.972806214685,-0.231620527306));
#8824 = ORIENTED_EDGE('',*,*,#8760,.F.);
#8825 = ORIENTED_EDGE('',*,*,#7990,.F.);
#8826 = CYLINDRICAL_SURFACE('',#8827,2.);
#8827 = AXIS2_PLACEMENT_3D('',#8828,#8829,#8830);
#8828 = CARTESIAN_POINT('',(-1.,39.981203389832,5.16549868174));
#8829 = DIRECTION('',(0.,0.972806214685,-0.231620527306));
#8830 = DIRECTION('',(-1.,0.,0.));
#8831 = ADVANCED_FACE('',(#8832),#8851,.T.);
#8832 = FACE_BOUND('',#8833,.T.);
#8833 = EDGE_LOOP('',(#8834,#8835,#8843,#8850));
#8834 = ORIENTED_EDGE('',*,*,#8794,.T.);
#8835 = ORIENTED_EDGE('',*,*,#8836,.T.);
#8836 = EDGE_CURVE('',#8787,#8837,#8839,.T.);
#8837 = VERTEX_POINT('',#8838);
#8838 = CARTESIAN_POINT('',(-1.,24.861111111111,9.861111111111));
#8839 = LINE('',#8840,#8841);
#8840 = CARTESIAN_POINT('',(-1.,23.777777777778,9.944444444444));
#8841 = VECTOR('',#8842,1.);
#8842 = DIRECTION('',(0.,0.997054485502,-7.669649888474E-02));
#8843 = ORIENTED_EDGE('',*,*,#8844,.F.);
#8844 = EDGE_CURVE('',#8079,#8837,#8845,.T.);
#8845 = CIRCLE('',#8846,2.);
#8846 = AXIS2_PLACEMENT_3D('',#8847,#8848,#8849);
#8847 = CARTESIAN_POINT('',(-1.,24.707718113342,7.867002140108));
#8848 = DIRECTION('',(0.,0.997054485502,-7.669649888474E-02));
#8849 = DIRECTION('',(-1.,0.,0.));
#8850 = ORIENTED_EDGE('',*,*,#8086,.F.);
#8851 = CYLINDRICAL_SURFACE('',#8852,2.);
#8852 = AXIS2_PLACEMENT_3D('',#8853,#8854,#8855);
#8853 = CARTESIAN_POINT('',(-1.,23.624384780008,7.950335473441));
#8854 = DIRECTION('',(0.,0.997054485502,-7.669649888474E-02));
#8855 = DIRECTION('',(-1.,0.,0.));
#8856 = ADVANCED_FACE('',(#8857),#8876,.T.);
#8857 = FACE_BOUND('',#8858,.T.);
#8858 = EDGE_LOOP('',(#8859,#8868,#8874,#8875));
#8859 = ORIENTED_EDGE('',*,*,#8860,.T.);
#8860 = EDGE_CURVE('',#7999,#8861,#8863,.T.);
#8861 = VERTEX_POINT('',#8862);
#8862 = CARTESIAN_POINT('',(-1.,38.75,7.5));
#8863 = CIRCLE('',#8864,2.);
#8864 = AXIS2_PLACEMENT_3D('',#8865,#8866,#8867);
#8865 = CARTESIAN_POINT('',(-1.,38.319644937927,5.546850102898));
#8866 = DIRECTION('',(0.,0.976574948551,-0.215177531037));
#8867 = DIRECTION('',(-1.,0.,0.));
#8868 = ORIENTED_EDGE('',*,*,#8869,.T.);
#8869 = EDGE_CURVE('',#8861,#8811,#8870,.T.);
#8870 = LINE('',#8871,#8872);
#8871 = CARTESIAN_POINT('',(-1.,38.75,7.5));
#8872 = VECTOR('',#8873,1.);
#8873 = DIRECTION('',(0.,0.974659789561,-0.223692410719));
#8874 = ORIENTED_EDGE('',*,*,#8810,.F.);
#8875 = ORIENTED_EDGE('',*,*,#7998,.F.);
#8876 = CYLINDRICAL_SURFACE('',#8877,2.);
#8877 = AXIS2_PLACEMENT_3D('',#8878,#8879,#8880);
#8878 = CARTESIAN_POINT('',(-1.,38.302615178562,5.550680420878));
#8879 = DIRECTION('',(0.,0.974659789561,-0.223692410719));
#8880 = DIRECTION('',(-1.,0.,0.));
#8881 = ADVANCED_FACE('',(#8882),#8901,.T.);
#8882 = FACE_BOUND('',#8883,.T.);
#8883 = EDGE_LOOP('',(#8884,#8885,#8893,#8900));
#8884 = ORIENTED_EDGE('',*,*,#8844,.T.);
#8885 = ORIENTED_EDGE('',*,*,#8886,.T.);
#8886 = EDGE_CURVE('',#8837,#8887,#8889,.T.);
#8887 = VERTEX_POINT('',#8888);
#8888 = CARTESIAN_POINT('',(-1.,26.,9.75));
#8889 = LINE('',#8890,#8891);
#8890 = CARTESIAN_POINT('',(-1.,24.861111111111,9.861111111111));
#8891 = VECTOR('',#8892,1.);
#8892 = DIRECTION('',(0.,0.995274633926,-9.709996428543E-02));
#8893 = ORIENTED_EDGE('',*,*,#8894,.F.);
#8894 = EDGE_CURVE('',#8071,#8887,#8895,.T.);
#8895 = CIRCLE('',#8896,2.);
#8896 = AXIS2_PLACEMENT_3D('',#8897,#8898,#8899);
#8897 = CARTESIAN_POINT('',(-1.,25.805800071429,7.759450732149));
#8898 = DIRECTION('',(0.,0.995274633926,-9.709996428543E-02));
#8899 = DIRECTION('',(-1.,0.,0.));
#8900 = ORIENTED_EDGE('',*,*,#8078,.F.);
#8901 = CYLINDRICAL_SURFACE('',#8902,2.);
#8902 = AXIS2_PLACEMENT_3D('',#8903,#8904,#8905);
#8903 = CARTESIAN_POINT('',(-1.,24.66691118254,7.87056184326));
#8904 = DIRECTION('',(0.,0.995274633926,-9.709996428543E-02));
#8905 = DIRECTION('',(-1.,0.,0.));
#8906 = ADVANCED_FACE('',(#8907),#8926,.T.);
#8907 = FACE_BOUND('',#8908,.T.);
#8908 = EDGE_LOOP('',(#8909,#8918,#8924,#8925));
#8909 = ORIENTED_EDGE('',*,*,#8910,.T.);
#8910 = EDGE_CURVE('',#8007,#8911,#8913,.T.);
#8911 = VERTEX_POINT('',#8912);
#8912 = CARTESIAN_POINT('',(-1.,37.111111111111,7.861111111111));
#8913 = CIRCLE('',#8914,2.);
#8914 = AXIS2_PLACEMENT_3D('',#8915,#8916,#8917);
#8915 = CARTESIAN_POINT('',(-1.,36.699090149011,5.904011541138));
#8916 = DIRECTION('',(0.,0.978549784987,-0.20601048105));
#8917 = DIRECTION('',(-1.,0.,0.));
#8918 = ORIENTED_EDGE('',*,*,#8919,.T.);
#8919 = EDGE_CURVE('',#8911,#8861,#8920,.T.);
#8920 = LINE('',#8921,#8922);
#8921 = CARTESIAN_POINT('',(-1.,37.111111111111,7.861111111111));
#8922 = VECTOR('',#8923,1.);
#8923 = DIRECTION('',(0.,0.976574948551,-0.215177531037));
#8924 = ORIENTED_EDGE('',*,*,#8860,.F.);
#8925 = ORIENTED_EDGE('',*,*,#8006,.F.);
#8926 = CYLINDRICAL_SURFACE('',#8927,2.);
#8927 = AXIS2_PLACEMENT_3D('',#8928,#8929,#8930);
#8928 = CARTESIAN_POINT('',(-1.,36.680756049038,5.90796121401));
#8929 = DIRECTION('',(0.,0.976574948551,-0.215177531037));
#8930 = DIRECTION('',(-1.,0.,0.));
#8931 = ADVANCED_FACE('',(#8932),#8951,.T.);
#8932 = FACE_BOUND('',#8933,.T.);
#8933 = EDGE_LOOP('',(#8934,#8935,#8943,#8950));
#8934 = ORIENTED_EDGE('',*,*,#8894,.T.);
#8935 = ORIENTED_EDGE('',*,*,#8936,.T.);
#8936 = EDGE_CURVE('',#8887,#8937,#8939,.T.);
#8937 = VERTEX_POINT('',#8938);
#8938 = CARTESIAN_POINT('',(-1.,27.194444444444,9.611111111111));
#8939 = LINE('',#8940,#8941);
#8940 = CARTESIAN_POINT('',(-1.,26.,9.75));
#8941 = VECTOR('',#8942,1.);
#8942 = DIRECTION('',(0.,0.993307380301,-0.115500858175));
#8943 = ORIENTED_EDGE('',*,*,#8944,.F.);
#8944 = EDGE_CURVE('',#8063,#8937,#8945,.T.);
#8945 = CIRCLE('',#8946,2.);
#8946 = AXIS2_PLACEMENT_3D('',#8947,#8948,#8949);
#8947 = CARTESIAN_POINT('',(-1.,26.963442728095,7.624496350509));
#8948 = DIRECTION('',(0.,0.993307380301,-0.115500858175));
#8949 = DIRECTION('',(-1.,0.,0.));
#8950 = ORIENTED_EDGE('',*,*,#8070,.F.);
#8951 = CYLINDRICAL_SURFACE('',#8952,2.);
#8952 = AXIS2_PLACEMENT_3D('',#8953,#8954,#8955);
#8953 = CARTESIAN_POINT('',(-1.,25.768998283651,7.763385239397));
#8954 = DIRECTION('',(0.,0.993307380301,-0.115500858175));
#8955 = DIRECTION('',(-1.,0.,0.));
#8956 = ADVANCED_FACE('',(#8957),#8976,.T.);
#8957 = FACE_BOUND('',#8958,.T.);
#8958 = EDGE_LOOP('',(#8959,#8968,#8974,#8975));
#8959 = ORIENTED_EDGE('',*,*,#8960,.T.);
#8960 = EDGE_CURVE('',#8015,#8961,#8963,.T.);
#8961 = VERTEX_POINT('',#8962);
#8962 = CARTESIAN_POINT('',(-1.,35.527777777778,8.194444444444));
#8963 = CIRCLE('',#8964,2.);
#8964 = AXIS2_PLACEMENT_3D('',#8965,#8966,#8967);
#8965 = CARTESIAN_POINT('',(-1.,35.135545507501,6.233283093063));
#8966 = DIRECTION('',(0.,0.980580675691,-0.196116135138));
#8967 = DIRECTION('',(-1.,0.,0.));
#8968 = ORIENTED_EDGE('',*,*,#8969,.T.);
#8969 = EDGE_CURVE('',#8961,#8911,#8970,.T.);
#8970 = LINE('',#8971,#8972);
#8971 = CARTESIAN_POINT('',(-1.,35.527777777778,8.194444444444));
#8972 = VECTOR('',#8973,1.);
#8973 = DIRECTION('',(0.,0.978549784987,-0.20601048105));
#8974 = ORIENTED_EDGE('',*,*,#8910,.F.);
#8975 = ORIENTED_EDGE('',*,*,#8014,.F.);
#8976 = CYLINDRICAL_SURFACE('',#8977,2.);
#8977 = AXIS2_PLACEMENT_3D('',#8978,#8979,#8980);
#8978 = CARTESIAN_POINT('',(-1.,35.115756815678,6.237344874471));
#8979 = DIRECTION('',(0.,0.978549784987,-0.20601048105));
#8980 = DIRECTION('',(-1.,0.,0.));
#8981 = ADVANCED_FACE('',(#8982),#9001,.T.);
#8982 = FACE_BOUND('',#8983,.T.);
#8983 = EDGE_LOOP('',(#8984,#8985,#8993,#9000));
#8984 = ORIENTED_EDGE('',*,*,#8944,.T.);
#8985 = ORIENTED_EDGE('',*,*,#8986,.T.);
#8986 = EDGE_CURVE('',#8937,#8987,#8989,.T.);
#8987 = VERTEX_POINT('',#8988);
#8988 = CARTESIAN_POINT('',(-1.,28.444444444444,9.444444444444));
#8989 = LINE('',#8990,#8991);
#8990 = CARTESIAN_POINT('',(-1.,27.194444444444,9.611111111111));
#8991 = VECTOR('',#8992,1.);
#8992 = DIRECTION('',(0.,0.991227900683,-0.132163720091));
#8993 = ORIENTED_EDGE('',*,*,#8994,.F.);
#8994 = EDGE_CURVE('',#8055,#8987,#8995,.T.);
#8995 = CIRCLE('',#8996,2.);
#8996 = AXIS2_PLACEMENT_3D('',#8997,#8998,#8999);
#8997 = CARTESIAN_POINT('',(-1.,28.180117004262,7.461988643079));
#8998 = DIRECTION('',(0.,0.991227900683,-0.132163720091));
#8999 = DIRECTION('',(-1.,0.,0.));
#9000 = ORIENTED_EDGE('',*,*,#8062,.F.);
#9001 = CYLINDRICAL_SURFACE('',#9002,2.);
#9002 = AXIS2_PLACEMENT_3D('',#9003,#9004,#9005);
#9003 = CARTESIAN_POINT('',(-1.,26.930117004262,7.628655309746));
#9004 = DIRECTION('',(0.,0.991227900683,-0.132163720091));
#9005 = DIRECTION('',(-1.,0.,0.));
#9006 = ADVANCED_FACE('',(#9007),#9026,.T.);
#9007 = FACE_BOUND('',#9008,.T.);
#9008 = EDGE_LOOP('',(#9009,#9018,#9024,#9025));
#9009 = ORIENTED_EDGE('',*,*,#9010,.T.);
#9010 = EDGE_CURVE('',#8023,#9011,#9013,.T.);
#9011 = VERTEX_POINT('',#9012);
#9012 = CARTESIAN_POINT('',(-1.,34.,8.5));
#9013 = CIRCLE('',#9014,2.);
#9014 = AXIS2_PLACEMENT_3D('',#9015,#9016,#9017);
#9015 = CARTESIAN_POINT('',(-1.,33.629184281604,6.534676692503));
#9016 = DIRECTION('',(0.,0.982661653748,-0.185407859198));
#9017 = DIRECTION('',(-1.,0.,0.));
#9018 = ORIENTED_EDGE('',*,*,#9019,.T.);
#9019 = EDGE_CURVE('',#9011,#8961,#9020,.T.);
#9020 = LINE('',#9021,#9022);
#9021 = CARTESIAN_POINT('',(-1.,34.,8.5));
#9022 = VECTOR('',#9023,1.);
#9023 = DIRECTION('',(0.,0.980580675691,-0.196116135138));
#9024 = ORIENTED_EDGE('',*,*,#8960,.F.);
#9025 = ORIENTED_EDGE('',*,*,#8022,.F.);
#9026 = CYLINDRICAL_SURFACE('',#9027,2.);
#9027 = AXIS2_PLACEMENT_3D('',#9028,#9029,#9030);
#9028 = CARTESIAN_POINT('',(-1.,33.607767729724,6.538838648618));
#9029 = DIRECTION('',(0.,0.980580675691,-0.196116135138));
#9030 = DIRECTION('',(-1.,0.,0.));
#9031 = ADVANCED_FACE('',(#9032),#9051,.T.);
#9032 = FACE_BOUND('',#9033,.T.);
#9033 = EDGE_LOOP('',(#9034,#9035,#9043,#9050));
#9034 = ORIENTED_EDGE('',*,*,#8994,.T.);
#9035 = ORIENTED_EDGE('',*,*,#9036,.T.);
#9036 = EDGE_CURVE('',#8987,#9037,#9039,.T.);
#9037 = VERTEX_POINT('',#9038);
#9038 = CARTESIAN_POINT('',(-1.,29.75,9.25));
#9039 = LINE('',#9040,#9041);
#9040 = CARTESIAN_POINT('',(-1.,28.444444444444,9.444444444444));
#9041 = VECTOR('',#9042,1.);
#9042 = DIRECTION('',(0.,0.989090177882,-0.147311303089));
#9043 = ORIENTED_EDGE('',*,*,#9044,.F.);
#9044 = EDGE_CURVE('',#8047,#9037,#9045,.T.);
#9045 = CIRCLE('',#9046,2.);
#9046 = AXIS2_PLACEMENT_3D('',#9047,#9048,#9049);
#9047 = CARTESIAN_POINT('',(-1.,29.455377393822,7.271819644236));
#9048 = DIRECTION('',(0.,0.989090177882,-0.147311303089));
#9049 = DIRECTION('',(-1.,0.,0.));
#9050 = ORIENTED_EDGE('',*,*,#8054,.F.);
#9051 = CYLINDRICAL_SURFACE('',#9052,2.);
#9052 = AXIS2_PLACEMENT_3D('',#9053,#9054,#9055);
#9053 = CARTESIAN_POINT('',(-1.,28.149821838267,7.466264088681));
#9054 = DIRECTION('',(0.,0.989090177882,-0.147311303089));
#9055 = DIRECTION('',(-1.,0.,0.));
#9056 = ADVANCED_FACE('',(#9057),#9076,.T.);
#9057 = FACE_BOUND('',#9058,.T.);
#9058 = EDGE_LOOP('',(#9059,#9068,#9074,#9075));
#9059 = ORIENTED_EDGE('',*,*,#9060,.T.);
#9060 = EDGE_CURVE('',#8031,#9061,#9063,.T.);
#9061 = VERTEX_POINT('',#9062);
#9062 = CARTESIAN_POINT('',(-1.,32.527777777778,8.777777777778));
#9063 = CIRCLE('',#9064,2.);
#9064 = AXIS2_PLACEMENT_3D('',#9065,#9066,#9067);
#9065 = CARTESIAN_POINT('',(-1.,32.18020710996,6.808210660142));
#9066 = DIRECTION('',(0.,0.984783558818,-0.173785333909));
#9067 = DIRECTION('',(-1.,0.,0.));
#9068 = ORIENTED_EDGE('',*,*,#9069,.T.);
#9069 = EDGE_CURVE('',#9061,#9011,#9070,.T.);
#9070 = LINE('',#9071,#9072);
#9071 = CARTESIAN_POINT('',(-1.,32.527777777778,8.777777777778));
#9072 = VECTOR('',#9073,1.);
#9073 = DIRECTION('',(0.,0.982661653748,-0.185407859198));
#9074 = ORIENTED_EDGE('',*,*,#9010,.F.);
#9075 = ORIENTED_EDGE('',*,*,#8030,.F.);
#9076 = CYLINDRICAL_SURFACE('',#9077,2.);
#9077 = AXIS2_PLACEMENT_3D('',#9078,#9079,#9080);
#9078 = CARTESIAN_POINT('',(-1.,32.156962059382,6.812454470281));
#9079 = DIRECTION('',(0.,0.982661653748,-0.185407859198));
#9080 = DIRECTION('',(-1.,0.,0.));
#9081 = ADVANCED_FACE('',(#9082),#9101,.T.);
#9082 = FACE_BOUND('',#9083,.T.);
#9083 = EDGE_LOOP('',(#9084,#9085,#9093,#9100));
#9084 = ORIENTED_EDGE('',*,*,#9044,.T.);
#9085 = ORIENTED_EDGE('',*,*,#9086,.T.);
#9086 = EDGE_CURVE('',#9037,#9087,#9089,.T.);
#9087 = VERTEX_POINT('',#9088);
#9088 = CARTESIAN_POINT('',(-1.,31.111111111111,9.027777777778));
#9089 = LINE('',#9090,#9091);
#9090 = CARTESIAN_POINT('',(-1.,29.75,9.25));
#9091 = VECTOR('',#9092,1.);
#9092 = DIRECTION('',(0.,0.986932880776,-0.161131898902));
#9093 = ORIENTED_EDGE('',*,*,#9094,.F.);
#9094 = EDGE_CURVE('',#8039,#9087,#9095,.T.);
#9095 = CIRCLE('',#9096,2.);
#9096 = AXIS2_PLACEMENT_3D('',#9097,#9098,#9099);
#9097 = CARTESIAN_POINT('',(-1.,30.788847313307,7.053912016226));
#9098 = DIRECTION('',(0.,0.986932880776,-0.161131898902));
#9099 = DIRECTION('',(-1.,0.,0.));
#9100 = ORIENTED_EDGE('',*,*,#8046,.F.);
#9101 = CYLINDRICAL_SURFACE('',#9102,2.);
#9102 = AXIS2_PLACEMENT_3D('',#9103,#9104,#9105);
#9103 = CARTESIAN_POINT('',(-1.,29.427736202196,7.276134238449));
#9104 = DIRECTION('',(0.,0.986932880776,-0.161131898902));
#9105 = DIRECTION('',(-1.,0.,0.));
#9106 = ADVANCED_FACE('',(#9107),#9118,.T.);
#9107 = FACE_BOUND('',#9108,.T.);
#9108 = EDGE_LOOP('',(#9109,#9110,#9116,#9117));
#9109 = ORIENTED_EDGE('',*,*,#9094,.T.);
#9110 = ORIENTED_EDGE('',*,*,#9111,.T.);
#9111 = EDGE_CURVE('',#9087,#9061,#9112,.T.);
#9112 = LINE('',#9113,#9114);
#9113 = CARTESIAN_POINT('',(-1.,31.111111111111,9.027777777778));
#9114 = VECTOR('',#9115,1.);
#9115 = DIRECTION('',(0.,0.984783558818,-0.173785333909));
#9116 = ORIENTED_EDGE('',*,*,#9060,.F.);
#9117 = ORIENTED_EDGE('',*,*,#8038,.F.);
#9118 = CYLINDRICAL_SURFACE('',#9119,2.);
#9119 = AXIS2_PLACEMENT_3D('',#9120,#9121,#9122);
#9120 = CARTESIAN_POINT('',(-1.,30.763540443293,7.058210660142));
#9121 = DIRECTION('',(0.,0.984783558818,-0.173785333909));
#9122 = DIRECTION('',(-1.,0.,0.));
#9123 = ADVANCED_FACE('',(#9124),#9135,.T.);
#9124 = FACE_BOUND('',#9125,.T.);
#9125 = EDGE_LOOP('',(#9126,#9132,#9133,#9134));
#9126 = ORIENTED_EDGE('',*,*,#9127,.F.);
#9127 = EDGE_CURVE('',#8190,#8225,#9128,.T.);
#9128 = LINE('',#9129,#9130);
#9129 = CARTESIAN_POINT('',(125.2,6.,0.3));
#9130 = VECTOR('',#9131,1.);
#9131 = DIRECTION('',(-0.707106781187,-0.,-0.707106781187));
#9132 = ORIENTED_EDGE('',*,*,#8199,.T.);
#9133 = ORIENTED_EDGE('',*,*,#8140,.T.);
#9134 = ORIENTED_EDGE('',*,*,#8224,.F.);
#9135 = CONICAL_SURFACE('',#9136,10.,0.785398163397);
#9136 = AXIS2_PLACEMENT_3D('',#9137,#9138,#9139);
#9137 = CARTESIAN_POINT('',(115.5,6.,0.6));
#9138 = DIRECTION('',(0.,0.,1.));
#9139 = DIRECTION('',(1.,8.881784197001E-17,0.));
#9140 = ADVANCED_FACE('',(#9141),#9170,.T.);
#9141 = FACE_BOUND('',#9142,.F.);
#9142 = EDGE_LOOP('',(#9143,#9158,#9159,#9166,#9167,#9168,#9169));
#9143 = ORIENTED_EDGE('',*,*,#9144,.T.);
#9144 = EDGE_CURVE('',#8341,#8466,#9145,.T.);
#9145 = B_SPLINE_CURVE_WITH_KNOTS('',6,(#9146,#9147,#9148,#9149,#9150,
    #9151,#9152,#9153,#9154,#9155,#9156,#9157),.UNSPECIFIED.,.F.,.F.,(7,
    5,7),(0.,0.236405492164,1.),.UNSPECIFIED.);
#9146 = CARTESIAN_POINT('',(121.50100106264,0.523772827389,
    9.996145789745));
#9147 = CARTESIAN_POINT('',(121.50287830558,0.533106120214,
    9.996450722963));
#9148 = CARTESIAN_POINT('',(121.50474356788,0.542439160342,
    9.996741065706));
#9149 = CARTESIAN_POINT('',(121.50659694225,0.551772101242,
    9.997016847514));
#9150 = CARTESIAN_POINT('',(121.50843842316,0.561104638825,
    9.997278074064));
#9151 = CARTESIAN_POINT('',(121.51026810864,0.570436959589,
    9.997524775764));
#9152 = CARTESIAN_POINT('',(121.5179579578,0.609911435671,9.998506953967
    ));
#9153 = CARTESIAN_POINT('',(121.5237071981,0.64005057677,9.999105570803)
  );
#9154 = CARTESIAN_POINT('',(121.52933550023,0.670185379969,
    9.999553491251));
#9155 = CARTESIAN_POINT('',(121.53484456585,0.700314894024,
    9.999851401247));
#9156 = CARTESIAN_POINT('',(121.54023605013,0.73043820231,10.));
#9157 = CARTESIAN_POINT('',(121.54551156179,0.760554422819,10.));
#9158 = ORIENTED_EDGE('',*,*,#8465,.F.);
#9159 = ORIENTED_EDGE('',*,*,#9160,.F.);
#9160 = EDGE_CURVE('',#8192,#8458,#9161,.T.);
#9161 = CIRCLE('',#9162,2.);
#9162 = AXIS2_PLACEMENT_3D('',#9163,#9164,#9165);
#9163 = CARTESIAN_POINT('',(123.5,6.,8.));
#9164 = DIRECTION('',(0.,-1.,0.));
#9165 = DIRECTION('',(1.,0.,0.));
#9166 = ORIENTED_EDGE('',*,*,#8207,.T.);
#9167 = ORIENTED_EDGE('',*,*,#8164,.T.);
#9168 = ORIENTED_EDGE('',*,*,#8307,.F.);
#9169 = ORIENTED_EDGE('',*,*,#8349,.F.);
#9170 = TOROIDAL_SURFACE('',#9171,8.,2.);
#9171 = AXIS2_PLACEMENT_3D('',#9172,#9173,#9174);
#9172 = CARTESIAN_POINT('',(115.5,6.,8.));
#9173 = DIRECTION('',(0.,0.,1.));
#9174 = DIRECTION('',(1.,0.,0.));
#9175 = ADVANCED_FACE('',(#9176),#9361,.T.);
#9176 = FACE_BOUND('',#9177,.T.);
#9177 = EDGE_LOOP('',(#9178,#9179,#9187,#9195,#9203,#9211,#9219,#9227,
    #9235,#9243,#9251,#9259,#9267,#9275,#9283,#9291,#9299,#9307,#9315,
    #9323,#9331,#9339,#9347,#9355));
#9178 = ORIENTED_EDGE('',*,*,#8189,.F.);
#9179 = ORIENTED_EDGE('',*,*,#9180,.F.);
#9180 = EDGE_CURVE('',#9181,#8190,#9183,.T.);
#9181 = VERTEX_POINT('',#9182);
#9182 = CARTESIAN_POINT('',(125.5,46.,0.6));
#9183 = LINE('',#9184,#9185);
#9184 = CARTESIAN_POINT('',(125.5,46.,0.6));
#9185 = VECTOR('',#9186,1.);
#9186 = DIRECTION('',(-0.,-1.,-0.));
#9187 = ORIENTED_EDGE('',*,*,#9188,.T.);
#9188 = EDGE_CURVE('',#9181,#9189,#9191,.T.);
#9189 = VERTEX_POINT('',#9190);
#9190 = CARTESIAN_POINT('',(125.5,46.,3.674612967806));
#9191 = LINE('',#9192,#9193);
#9192 = CARTESIAN_POINT('',(125.5,46.,-5.));
#9193 = VECTOR('',#9194,1.);
#9194 = DIRECTION('',(0.,0.,1.));
#9195 = ORIENTED_EDGE('',*,*,#9196,.T.);
#9196 = EDGE_CURVE('',#9189,#9197,#9199,.T.);
#9197 = VERTEX_POINT('',#9198);
#9198 = CARTESIAN_POINT('',(125.5,45.356267316817,3.842543232984));
#9199 = LINE('',#9200,#9201);
#9200 = CARTESIAN_POINT('',(125.5,45.495156205706,3.806311348926));
#9201 = VECTOR('',#9202,1.);
#9202 = DIRECTION('',(0.,-0.967617272397,0.252421897147));
#9203 = ORIENTED_EDGE('',*,*,#9204,.T.);
#9204 = EDGE_CURVE('',#9197,#9205,#9207,.T.);
#9205 = VERTEX_POINT('',#9206);
#9206 = CARTESIAN_POINT('',(125.5,43.508123760235,4.311428937399));
#9207 = LINE('',#9208,#9209);
#9208 = CARTESIAN_POINT('',(125.5,45.369234871347,3.839206715176));
#9209 = VECTOR('',#9210,1.);
#9210 = DIRECTION('',(0.,-0.969285531301,0.245938119882));
#9211 = ORIENTED_EDGE('',*,*,#9212,.T.);
#9212 = EDGE_CURVE('',#9205,#9213,#9215,.T.);
#9213 = VERTEX_POINT('',#9214);
#9214 = CARTESIAN_POINT('',(125.5,41.7164063502,4.752414686575));
#9215 = LINE('',#9216,#9217);
#9216 = CARTESIAN_POINT('',(125.5,43.521961905755,4.30797024213));
#9217 = VECTOR('',#9218,1.);
#9218 = DIRECTION('',(0.,-0.971014878935,0.239019047122));
#9219 = ORIENTED_EDGE('',*,*,#9220,.T.);
#9220 = EDGE_CURVE('',#9213,#9221,#9223,.T.);
#9221 = VERTEX_POINT('',#9222);
#9222 = CARTESIAN_POINT('',(125.5,39.981203389832,5.16549868174));
#9223 = LINE('',#9224,#9225);
#9224 = CARTESIAN_POINT('',(125.5,41.731203389832,4.748832015074));
#9225 = VECTOR('',#9226,1.);
#9226 = DIRECTION('',(0.,-0.972806214685,0.231620527306));
#9227 = ORIENTED_EDGE('',*,*,#9228,.T.);
#9228 = EDGE_CURVE('',#9221,#9229,#9231,.T.);
#9229 = VERTEX_POINT('',#9230);
#9230 = CARTESIAN_POINT('',(125.5,38.302615178562,5.550680420878));
#9231 = LINE('',#9232,#9233);
#9232 = CARTESIAN_POINT('',(125.5,39.997059623007,5.161791531989));
#9233 = VECTOR('',#9234,1.);
#9234 = DIRECTION('',(0.,-0.974659789561,0.223692410719));
#9235 = ORIENTED_EDGE('',*,*,#9236,.T.);
#9236 = EDGE_CURVE('',#9229,#9237,#9239,.T.);
#9237 = VERTEX_POINT('',#9238);
#9238 = CARTESIAN_POINT('',(125.5,36.680756049038,5.90796121401));
#9239 = LINE('',#9240,#9241);
#9240 = CARTESIAN_POINT('',(125.5,38.319644937927,5.546850102898));
#9241 = VECTOR('',#9242,1.);
#9242 = DIRECTION('',(0.,-0.976574948551,0.215177531037));
#9243 = ORIENTED_EDGE('',*,*,#9244,.T.);
#9244 = EDGE_CURVE('',#9237,#9245,#9247,.T.);
#9245 = VERTEX_POINT('',#9246);
#9246 = CARTESIAN_POINT('',(125.5,35.115756815678,6.237344874471));
#9247 = LINE('',#9248,#9249);
#9248 = CARTESIAN_POINT('',(125.5,36.699090149011,5.904011541138));
#9249 = VECTOR('',#9250,1.);
#9250 = DIRECTION('',(0.,-0.978549784987,0.20601048105));
#9251 = ORIENTED_EDGE('',*,*,#9252,.T.);
#9252 = EDGE_CURVE('',#9245,#9253,#9255,.T.);
#9253 = VERTEX_POINT('',#9254);
#9254 = CARTESIAN_POINT('',(125.5,33.607767729724,6.538838648618));
#9255 = LINE('',#9256,#9257);
#9256 = CARTESIAN_POINT('',(125.5,35.135545507501,6.233283093063));
#9257 = VECTOR('',#9258,1.);
#9258 = DIRECTION('',(0.,-0.980580675691,0.196116135138));
#9259 = ORIENTED_EDGE('',*,*,#9260,.T.);
#9260 = EDGE_CURVE('',#9253,#9261,#9263,.T.);
#9261 = VERTEX_POINT('',#9262);
#9262 = CARTESIAN_POINT('',(125.5,32.156962059382,6.812454470281));
#9263 = LINE('',#9264,#9265);
#9264 = CARTESIAN_POINT('',(125.5,33.629184281604,6.534676692503));
#9265 = VECTOR('',#9266,1.);
#9266 = DIRECTION('',(0.,-0.982661653748,0.185407859198));
#9267 = ORIENTED_EDGE('',*,*,#9268,.T.);
#9268 = EDGE_CURVE('',#9261,#9269,#9271,.T.);
#9269 = VERTEX_POINT('',#9270);
#9270 = CARTESIAN_POINT('',(125.5,30.763540443293,7.058210660142));
#9271 = LINE('',#9272,#9273);
#9272 = CARTESIAN_POINT('',(125.5,32.18020710996,6.808210660142));
#9273 = VECTOR('',#9274,1.);
#9274 = DIRECTION('',(0.,-0.984783558818,0.173785333909));
#9275 = ORIENTED_EDGE('',*,*,#9276,.T.);
#9276 = EDGE_CURVE('',#9269,#9277,#9279,.T.);
#9277 = VERTEX_POINT('',#9278);
#9278 = CARTESIAN_POINT('',(125.5,29.427736202196,7.276134238449));
#9279 = LINE('',#9280,#9281);
#9280 = CARTESIAN_POINT('',(125.5,30.788847313307,7.053912016226));
#9281 = VECTOR('',#9282,1.);
#9282 = DIRECTION('',(0.,-0.986932880776,0.161131898902));
#9283 = ORIENTED_EDGE('',*,*,#9284,.T.);
#9284 = EDGE_CURVE('',#9277,#9285,#9287,.T.);
#9285 = VERTEX_POINT('',#9286);
#9286 = CARTESIAN_POINT('',(125.5,28.149821838267,7.466264088681));
#9287 = LINE('',#9288,#9289);
#9288 = CARTESIAN_POINT('',(125.5,29.455377393822,7.271819644236));
#9289 = VECTOR('',#9290,1.);
#9290 = DIRECTION('',(0.,-0.989090177882,0.147311303089));
#9291 = ORIENTED_EDGE('',*,*,#9292,.T.);
#9292 = EDGE_CURVE('',#9285,#9293,#9295,.T.);
#9293 = VERTEX_POINT('',#9294);
#9294 = CARTESIAN_POINT('',(125.5,26.930117004262,7.628655309746));
#9295 = LINE('',#9296,#9297);
#9296 = CARTESIAN_POINT('',(125.5,28.180117004262,7.461988643079));
#9297 = VECTOR('',#9298,1.);
#9298 = DIRECTION('',(0.,-0.991227900683,0.132163720091));
#9299 = ORIENTED_EDGE('',*,*,#9300,.T.);
#9300 = EDGE_CURVE('',#9293,#9301,#9303,.T.);
#9301 = VERTEX_POINT('',#9302);
#9302 = CARTESIAN_POINT('',(125.5,25.768998283651,7.763385239397));
#9303 = LINE('',#9304,#9305);
#9304 = CARTESIAN_POINT('',(125.5,26.963442728095,7.624496350509));
#9305 = VECTOR('',#9306,1.);
#9306 = DIRECTION('',(0.,-0.993307380301,0.115500858175));
#9307 = ORIENTED_EDGE('',*,*,#9308,.T.);
#9308 = EDGE_CURVE('',#9301,#9309,#9311,.T.);
#9309 = VERTEX_POINT('',#9310);
#9310 = CARTESIAN_POINT('',(125.5,24.66691118254,7.87056184326));
#9311 = LINE('',#9312,#9313);
#9312 = CARTESIAN_POINT('',(125.5,25.805800071429,7.759450732149));
#9313 = VECTOR('',#9314,1.);
#9314 = DIRECTION('',(0.,-0.995274633926,9.709996428543E-02));
#9315 = ORIENTED_EDGE('',*,*,#9316,.T.);
#9316 = EDGE_CURVE('',#9309,#9317,#9319,.T.);
#9317 = VERTEX_POINT('',#9318);
#9318 = CARTESIAN_POINT('',(125.5,23.624384780008,7.950335473441));
#9319 = LINE('',#9320,#9321);
#9320 = CARTESIAN_POINT('',(125.5,24.707718113342,7.867002140108));
#9321 = VECTOR('',#9322,1.);
#9322 = DIRECTION('',(0.,-0.997054485502,7.669649888474E-02));
#9323 = ORIENTED_EDGE('',*,*,#9324,.T.);
#9324 = EDGE_CURVE('',#9317,#9325,#9327,.T.);
#9325 = VERTEX_POINT('',#9326);
#9326 = CARTESIAN_POINT('',(125.5,22.64204948397,8.002915453445));
#9327 = LINE('',#9328,#9329);
#9328 = CARTESIAN_POINT('',(125.5,23.669827261748,7.947359897889));
#9329 = VECTOR('',#9330,1.);
#9330 = DIRECTION('',(0.,-0.998542273278,5.3975258015E-02));
#9331 = ORIENTED_EDGE('',*,*,#9332,.T.);
#9332 = EDGE_CURVE('',#9325,#9333,#9335,.T.);
#9333 = VERTEX_POINT('',#9334);
#9334 = CARTESIAN_POINT('',(125.5,21.72065822998,8.028593604856));
#9335 = LINE('',#9336,#9337);
#9336 = CARTESIAN_POINT('',(125.5,22.692880452202,8.000815827079));
#9337 = VECTOR('',#9338,1.);
#9338 = DIRECTION('',(0.,-0.999592086461,2.855977389888E-02));
#9339 = ORIENTED_EDGE('',*,*,#9340,.T.);
#9340 = EDGE_CURVE('',#9333,#9341,#9343,.T.);
#9341 = VERTEX_POINT('',#9342);
#9342 = CARTESIAN_POINT('',(125.5,20.861111111111,8.027777777778));
#9343 = LINE('',#9344,#9345);
#9344 = CARTESIAN_POINT('',(125.5,21.777777777778,8.027777777778));
#9345 = VECTOR('',#9346,1.);
#9346 = DIRECTION('',(0.,-1.,1.9378438248E-15));
#9347 = ORIENTED_EDGE('',*,*,#9348,.T.);
#9348 = EDGE_CURVE('',#9341,#9349,#9351,.T.);
#9349 = VERTEX_POINT('',#9350);
#9350 = CARTESIAN_POINT('',(125.5,20.064482588022,8.001039771321));
#9351 = LINE('',#9352,#9353);
#9352 = CARTESIAN_POINT('',(125.5,20.925593699133,8.028817549098));
#9353 = VECTOR('',#9354,1.);
#9354 = DIRECTION('',(0.,-0.99948011434,-3.224129401096E-02));
#9355 = ORIENTED_EDGE('',*,*,#9356,.T.);
#9356 = EDGE_CURVE('',#9349,#8192,#9357,.T.);
#9357 = LINE('',#9358,#9359);
#9358 = CARTESIAN_POINT('',(125.5,20.,8.));
#9359 = VECTOR('',#9360,1.);
#9360 = DIRECTION('',(0.,-1.,0.));
#9361 = PLANE('',#9362);
#9362 = AXIS2_PLACEMENT_3D('',#9363,#9364,#9365);
#9363 = CARTESIAN_POINT('',(125.5,24.537445800075,4.205113874951));
#9364 = DIRECTION('',(1.,0.,0.));
#9365 = DIRECTION('',(0.,0.,1.));
#9366 = ADVANCED_FACE('',(#9367),#9378,.T.);
#9367 = FACE_BOUND('',#9368,.T.);
#9368 = EDGE_LOOP('',(#9369,#9370,#9371,#9377));
#9369 = ORIENTED_EDGE('',*,*,#8283,.F.);
#9370 = ORIENTED_EDGE('',*,*,#8534,.T.);
#9371 = ORIENTED_EDGE('',*,*,#9372,.T.);
#9372 = EDGE_CURVE('',#8535,#8251,#9373,.T.);
#9373 = LINE('',#9374,#9375);
#9374 = CARTESIAN_POINT('',(7.,56.,0.6));
#9375 = VECTOR('',#9376,1.);
#9376 = DIRECTION('',(4.329780281177E-17,-0.707106781187,-0.707106781187
    ));
#9377 = ORIENTED_EDGE('',*,*,#8258,.F.);
#9378 = CONICAL_SURFACE('',#9379,10.,0.785398163397);
#9379 = AXIS2_PLACEMENT_3D('',#9380,#9381,#9382);
#9380 = CARTESIAN_POINT('',(7.,46.,0.6));
#9381 = DIRECTION('',(0.,0.,1.));
#9382 = DIRECTION('',(-1.,0.,0.));
#9383 = ADVANCED_FACE('',(#9384),#9395,.F.);
#9384 = FACE_BOUND('',#9385,.T.);
#9385 = EDGE_LOOP('',(#9386,#9392,#9393,#9394));
#9386 = ORIENTED_EDGE('',*,*,#9387,.F.);
#9387 = EDGE_CURVE('',#9181,#8234,#9388,.T.);
#9388 = LINE('',#9389,#9390);
#9389 = CARTESIAN_POINT('',(125.5,46.,0.6));
#9390 = VECTOR('',#9391,1.);
#9391 = DIRECTION('',(-0.707106781187,-4.329780281177E-17,
    -0.707106781187));
#9392 = ORIENTED_EDGE('',*,*,#9180,.T.);
#9393 = ORIENTED_EDGE('',*,*,#9127,.T.);
#9394 = ORIENTED_EDGE('',*,*,#8233,.F.);
#9395 = PLANE('',#9396);
#9396 = AXIS2_PLACEMENT_3D('',#9397,#9398,#9399);
#9397 = CARTESIAN_POINT('',(125.2,46.,0.3));
#9398 = DIRECTION('',(-0.707106781187,0.,0.707106781187));
#9399 = DIRECTION('',(0.,1.,0.));
#9400 = ADVANCED_FACE('',(#9401),#9419,.T.);
#9401 = FACE_BOUND('',#9402,.T.);
#9402 = EDGE_LOOP('',(#9403,#9404,#9412,#9418));
#9403 = ORIENTED_EDGE('',*,*,#9372,.F.);
#9404 = ORIENTED_EDGE('',*,*,#9405,.T.);
#9405 = EDGE_CURVE('',#8535,#9406,#9408,.T.);
#9406 = VERTEX_POINT('',#9407);
#9407 = CARTESIAN_POINT('',(115.5,56.,0.6));
#9408 = LINE('',#9409,#9410);
#9409 = CARTESIAN_POINT('',(7.,56.,0.6));
#9410 = VECTOR('',#9411,1.);
#9411 = DIRECTION('',(1.,0.,0.));
#9412 = ORIENTED_EDGE('',*,*,#9413,.T.);
#9413 = EDGE_CURVE('',#9406,#8242,#9414,.T.);
#9414 = LINE('',#9415,#9416);
#9415 = CARTESIAN_POINT('',(115.5,55.7,0.3));
#9416 = VECTOR('',#9417,1.);
#9417 = DIRECTION('',(0.,-0.707106781187,-0.707106781187));
#9418 = ORIENTED_EDGE('',*,*,#8250,.F.);
#9419 = PLANE('',#9420);
#9420 = AXIS2_PLACEMENT_3D('',#9421,#9422,#9423);
#9421 = CARTESIAN_POINT('',(7.,55.7,0.3));
#9422 = DIRECTION('',(0.,0.707106781187,-0.707106781187));
#9423 = DIRECTION('',(1.,0.,0.));
#9424 = ADVANCED_FACE('',(#9425),#9437,.T.);
#9425 = FACE_BOUND('',#9426,.T.);
#9426 = EDGE_LOOP('',(#9427,#9428,#9435,#9436));
#9427 = ORIENTED_EDGE('',*,*,#9413,.F.);
#9428 = ORIENTED_EDGE('',*,*,#9429,.T.);
#9429 = EDGE_CURVE('',#9406,#9181,#9430,.T.);
#9430 = CIRCLE('',#9431,10.);
#9431 = AXIS2_PLACEMENT_3D('',#9432,#9433,#9434);
#9432 = CARTESIAN_POINT('',(115.5,46.,0.6));
#9433 = DIRECTION('',(0.,0.,-1.));
#9434 = DIRECTION('',(0.,1.,0.));
#9435 = ORIENTED_EDGE('',*,*,#9387,.T.);
#9436 = ORIENTED_EDGE('',*,*,#8241,.F.);
#9437 = CONICAL_SURFACE('',#9438,10.,0.785398163397);
#9438 = AXIS2_PLACEMENT_3D('',#9439,#9440,#9441);
#9439 = CARTESIAN_POINT('',(115.5,46.,0.6));
#9440 = DIRECTION('',(0.,0.,1.));
#9441 = DIRECTION('',(0.,1.,0.));
#9442 = ADVANCED_FACE('',(#9443),#9471,.F.);
#9443 = FACE_BOUND('',#9444,.F.);
#9444 = EDGE_LOOP('',(#9445,#9446,#9454,#9463,#9469,#9470));
#9445 = ORIENTED_EDGE('',*,*,#8340,.F.);
#9446 = ORIENTED_EDGE('',*,*,#9447,.T.);
#9447 = EDGE_CURVE('',#8333,#9448,#9450,.T.);
#9448 = VERTEX_POINT('',#9449);
#9449 = CARTESIAN_POINT('',(115.5,14.778665142223,2.922354286469));
#9450 = LINE('',#9451,#9452);
#9451 = CARTESIAN_POINT('',(115.5,-0.289777747887,6.959931390069));
#9452 = VECTOR('',#9453,1.);
#9453 = DIRECTION('',(0.,0.965925826289,-0.258819045103));
#9454 = ORIENTED_EDGE('',*,*,#9455,.T.);
#9455 = EDGE_CURVE('',#9448,#9456,#9458,.T.);
#9456 = VERTEX_POINT('',#9457);
#9457 = CARTESIAN_POINT('',(122.8,16.668044171471,9.973612818379));
#9458 = CIRCLE('',#9459,7.3);
#9459 = AXIS2_PLACEMENT_3D('',#9460,#9461,#9462);
#9460 = CARTESIAN_POINT('',(115.5,16.668044171471,9.973612818379));
#9461 = DIRECTION('',(0.,-0.965925826289,0.258819045103));
#9462 = DIRECTION('',(0.,-0.258819045103,-0.965925826289));
#9463 = ORIENTED_EDGE('',*,*,#9464,.F.);
#9464 = EDGE_CURVE('',#8475,#9456,#9465,.T.);
#9465 = LINE('',#9466,#9467);
#9466 = CARTESIAN_POINT('',(122.8,1.599601281362,14.011189921979));
#9467 = VECTOR('',#9468,1.);
#9468 = DIRECTION('',(0.,0.965925826289,-0.258819045103));
#9469 = ORIENTED_EDGE('',*,*,#8474,.T.);
#9470 = ORIENTED_EDGE('',*,*,#9144,.F.);
#9471 = CYLINDRICAL_SURFACE('',#9472,7.3);
#9472 = AXIS2_PLACEMENT_3D('',#9473,#9474,#9475);
#9473 = CARTESIAN_POINT('',(115.5,1.599601281362,14.011189921979));
#9474 = DIRECTION('',(0.,-0.965925826289,0.258819045103));
#9475 = DIRECTION('',(0.,-0.258819045103,-0.965925826289));
#9476 = ADVANCED_FACE('',(#9477),#9488,.F.);
#9477 = FACE_BOUND('',#9478,.F.);
#9478 = EDGE_LOOP('',(#9479,#9480,#9486,#9487));
#9479 = ORIENTED_EDGE('',*,*,#8425,.T.);
#9480 = ORIENTED_EDGE('',*,*,#9481,.T.);
#9481 = EDGE_CURVE('',#8417,#9448,#9482,.T.);
#9482 = LINE('',#9483,#9484);
#9483 = CARTESIAN_POINT('',(7.,14.778665142223,2.922354286469));
#9484 = VECTOR('',#9485,1.);
#9485 = DIRECTION('',(1.,0.,0.));
#9486 = ORIENTED_EDGE('',*,*,#9447,.F.);
#9487 = ORIENTED_EDGE('',*,*,#8332,.F.);
#9488 = PLANE('',#9489);
#9489 = AXIS2_PLACEMENT_3D('',#9490,#9491,#9492);
#9490 = CARTESIAN_POINT('',(7.,-0.289777747887,6.959931390069));
#9491 = DIRECTION('',(0.,-0.258819045103,-0.965925826289));
#9492 = DIRECTION('',(1.,0.,0.));
#9493 = ADVANCED_FACE('',(#9494),#9512,.T.);
#9494 = FACE_BOUND('',#9495,.T.);
#9495 = EDGE_LOOP('',(#9496,#9497,#9498,#9499,#9505,#9506));
#9496 = ORIENTED_EDGE('',*,*,#8416,.T.);
#9497 = ORIENTED_EDGE('',*,*,#9481,.T.);
#9498 = ORIENTED_EDGE('',*,*,#9455,.T.);
#9499 = ORIENTED_EDGE('',*,*,#9500,.T.);
#9500 = EDGE_CURVE('',#9456,#8484,#9501,.T.);
#9501 = LINE('',#9502,#9503);
#9502 = CARTESIAN_POINT('',(122.8,16.668044171471,9.973612818379));
#9503 = VECTOR('',#9504,1.);
#9504 = DIRECTION('',(0.,0.258819045103,0.965925826289));
#9505 = ORIENTED_EDGE('',*,*,#8491,.T.);
#9506 = ORIENTED_EDGE('',*,*,#9507,.T.);
#9507 = EDGE_CURVE('',#8492,#8409,#9508,.T.);
#9508 = LINE('',#9509,#9510);
#9509 = CARTESIAN_POINT('',(-0.3,29.997224994251,59.718792872266));
#9510 = VECTOR('',#9511,1.);
#9511 = DIRECTION('',(0.,-0.258819045103,-0.965925826289));
#9512 = PLANE('',#9513);
#9513 = AXIS2_PLACEMENT_3D('',#9514,#9515,#9516);
#9514 = CARTESIAN_POINT('',(61.25,23.332634582861,34.846202845323));
#9515 = DIRECTION('',(-0.,-0.965925826289,0.258819045103));
#9516 = DIRECTION('',(0.,-0.258819045103,-0.965925826289));
#9517 = ADVANCED_FACE('',(#9518),#9523,.F.);
#9518 = FACE_BOUND('',#9519,.F.);
#9519 = EDGE_LOOP('',(#9520,#9521,#9522));
#9520 = ORIENTED_EDGE('',*,*,#8499,.T.);
#9521 = ORIENTED_EDGE('',*,*,#9507,.T.);
#9522 = ORIENTED_EDGE('',*,*,#8408,.F.);
#9523 = PLANE('',#9524);
#9524 = AXIS2_PLACEMENT_3D('',#9525,#9526,#9527);
#9525 = CARTESIAN_POINT('',(-0.3,14.928782104141,63.756369975866));
#9526 = DIRECTION('',(-1.,0.,0.));
#9527 = DIRECTION('',(0.,-0.258819045103,-0.965925826289));
#9528 = ADVANCED_FACE('',(#9529),#9534,.F.);
#9529 = FACE_BOUND('',#9530,.F.);
#9530 = EDGE_LOOP('',(#9531,#9532,#9533));
#9531 = ORIENTED_EDGE('',*,*,#8483,.T.);
#9532 = ORIENTED_EDGE('',*,*,#9464,.T.);
#9533 = ORIENTED_EDGE('',*,*,#9500,.T.);
#9534 = PLANE('',#9535);
#9535 = AXIS2_PLACEMENT_3D('',#9536,#9537,#9538);
#9536 = CARTESIAN_POINT('',(122.8,1.599601281362,14.011189921979));
#9537 = DIRECTION('',(1.,0.,0.));
#9538 = DIRECTION('',(0.,0.258819045103,0.965925826289));
#9539 = ADVANCED_FACE('',(#9540),#9552,.T.);
#9540 = FACE_BOUND('',#9541,.T.);
#9541 = EDGE_LOOP('',(#9542,#9549,#9550,#9551));
#9542 = ORIENTED_EDGE('',*,*,#9543,.T.);
#9543 = EDGE_CURVE('',#9349,#8450,#9544,.T.);
#9544 = CIRCLE('',#9545,2.);
#9545 = AXIS2_PLACEMENT_3D('',#9546,#9547,#9548);
#9546 = CARTESIAN_POINT('',(123.5,20.064482588022,8.001039771321));
#9547 = DIRECTION('',(0.,-0.99948011434,-3.224129401096E-02));
#9548 = DIRECTION('',(1.,0.,0.));
#9549 = ORIENTED_EDGE('',*,*,#8457,.T.);
#9550 = ORIENTED_EDGE('',*,*,#9160,.F.);
#9551 = ORIENTED_EDGE('',*,*,#9356,.F.);
#9552 = CYLINDRICAL_SURFACE('',#9553,2.);
#9553 = AXIS2_PLACEMENT_3D('',#9554,#9555,#9556);
#9554 = CARTESIAN_POINT('',(123.5,20.,8.));
#9555 = DIRECTION('',(0.,-1.,0.));
#9556 = DIRECTION('',(1.,0.,0.));
#9557 = ADVANCED_FACE('',(#9558),#9576,.F.);
#9558 = FACE_BOUND('',#9559,.F.);
#9559 = EDGE_LOOP('',(#9560,#9568,#9574,#9575));
#9560 = ORIENTED_EDGE('',*,*,#9561,.T.);
#9561 = EDGE_CURVE('',#8629,#9562,#9564,.T.);
#9562 = VERTEX_POINT('',#9563);
#9563 = CARTESIAN_POINT('',(123.5,20.861111111111,10.027777777778));
#9564 = LINE('',#9565,#9566);
#9565 = CARTESIAN_POINT('',(-3.,20.861111111111,10.027777777778));
#9566 = VECTOR('',#9567,1.);
#9567 = DIRECTION('',(1.,0.,0.));
#9568 = ORIENTED_EDGE('',*,*,#9569,.T.);
#9569 = EDGE_CURVE('',#9562,#8450,#9570,.T.);
#9570 = LINE('',#9571,#9572);
#9571 = CARTESIAN_POINT('',(123.5,20.861111111111,10.027777777778));
#9572 = VECTOR('',#9573,1.);
#9573 = DIRECTION('',(0.,-0.99948011434,-3.224129401096E-02));
#9574 = ORIENTED_EDGE('',*,*,#8449,.F.);
#9575 = ORIENTED_EDGE('',*,*,#8628,.T.);
#9576 = PLANE('',#9577);
#9577 = AXIS2_PLACEMENT_3D('',#9578,#9579,#9580);
#9578 = CARTESIAN_POINT('',(-3.,20.861111111111,10.027777777778));
#9579 = DIRECTION('',(0.,3.224129401096E-02,-0.99948011434));
#9580 = DIRECTION('',(0.,-0.99948011434,-3.224129401096E-02));
#9581 = ADVANCED_FACE('',(#9582),#9606,.T.);
#9582 = FACE_BOUND('',#9583,.T.);
#9583 = EDGE_LOOP('',(#9584,#9585,#9599,#9605));
#9584 = ORIENTED_EDGE('',*,*,#8669,.T.);
#9585 = ORIENTED_EDGE('',*,*,#9586,.T.);
#9586 = EDGE_CURVE('',#8662,#9587,#9589,.T.);
#9587 = VERTEX_POINT('',#9588);
#9588 = CARTESIAN_POINT('',(-0.898297352415,47.777777777778,
    5.277777777778));
#9589 = ( BOUNDED_CURVE() B_SPLINE_CURVE(8,(#9590,#9591,#9592,#9593,
    #9594,#9595,#9596,#9597,#9598),.UNSPECIFIED.,.F.,.F.) 
B_SPLINE_CURVE_WITH_KNOTS((9,9),(56.655028111954,58.305899296041),
.PIECEWISE_BEZIER_KNOTS.) CURVE() GEOMETRIC_REPRESENTATION_ITEM() 
RATIONAL_B_SPLINE_CURVE((1.,1.,1.,1.,1.,1.,1.,1.,1.)) 
REPRESENTATION_ITEM('') );
#9590 = CARTESIAN_POINT('',(-1.,46.504843794294,5.6098475126));
#9591 = CARTESIAN_POINT('',(-1.,46.664775066347,5.568126311194));
#9592 = CARTESIAN_POINT('',(-0.996353022062,46.824541295273,
    5.526448164518));
#9593 = CARTESIAN_POINT('',(-0.989148204266,46.984015331093,
    5.48484624213));
#9594 = CARTESIAN_POINT('',(-0.978124320722,47.143503663097,
    5.443240590303));
#9595 = CARTESIAN_POINT('',(-0.963882087297,47.302141345765,
    5.401856846999));
#9596 = CARTESIAN_POINT('',(-0.94556149612,47.461234800985,
    5.360354206506));
#9597 = CARTESIAN_POINT('',(-0.923732706531,47.619735994843,
    5.319006068978));
#9598 = CARTESIAN_POINT('',(-0.898297352415,47.777777777778,
    5.277777777778));
#9599 = ORIENTED_EDGE('',*,*,#9600,.F.);
#9600 = EDGE_CURVE('',#8593,#9587,#9601,.T.);
#9601 = ( BOUNDED_CURVE() B_SPLINE_CURVE(2,(#9602,#9603,#9604),
.UNSPECIFIED.,.F.,.F.) B_SPLINE_CURVE_WITH_KNOTS((3,3),(0.,
1.650871184086),.PIECEWISE_BEZIER_KNOTS.) CURVE() 
GEOMETRIC_REPRESENTATION_ITEM() RATIONAL_B_SPLINE_CURVE((1.,
0.721426809206,1.)) REPRESENTATION_ITEM('') );
#9602 = CARTESIAN_POINT('',(-2.867119721405,47.624791803112,
    3.335349525752));
#9603 = CARTESIAN_POINT('',(-2.787937073004,48.105656286876,
    5.192244253665));
#9604 = CARTESIAN_POINT('',(-0.898297352415,47.777777777778,
    5.277777777778));
#9605 = ORIENTED_EDGE('',*,*,#8607,.F.);
#9606 = ( BOUNDED_SURFACE() B_SPLINE_SURFACE(2,8,(
    (#9607,#9608,#9609,#9610,#9611,#9612,#9613,#9614,#9615)
    ,(#9616,#9617,#9618,#9619,#9620,#9621,#9622,#9623,#9624)
    ,(#9625,#9626,#9627,#9628,#9629,#9630,#9631,#9632,#9633
)),.UNSPECIFIED.,.F.,.F.,.F.) B_SPLINE_SURFACE_WITH_KNOTS((3,3),(9,9),(
    0.,1.650871184086),(56.655028111954,58.305899296041),
.PIECEWISE_BEZIER_KNOTS.) GEOMETRIC_REPRESENTATION_ITEM() 
RATIONAL_B_SPLINE_SURFACE((
    (1.,1.,1.,1.,1.,1.,1.,1.,1.)
    ,(0.707106781187,0.708943699643,0.710769956724,0.712609394098
      ,0.714367999755,0.716269579979,0.717937213431,0.719682699964
      ,0.721426809206)
,(1.,1.,1.,1.,1.,1.,1.,1.,1.))) REPRESENTATION_ITEM('') SURFACE() );
#9607 = CARTESIAN_POINT('',(-3.,46.,3.674612967806));
#9608 = CARTESIAN_POINT('',(-3.,46.205829606997,3.631657223737));
#9609 = CARTESIAN_POINT('',(-2.995212767039,46.411217310993,
    3.588788996524));
#9610 = CARTESIAN_POINT('',(-2.985237298747,46.617738843508,
    3.545717430936));
#9611 = CARTESIAN_POINT('',(-2.971620373059,46.818720154557,
    3.503692095098));
#9612 = CARTESIAN_POINT('',(-2.950944910344,47.030670956673,
    3.459609330372));
#9613 = CARTESIAN_POINT('',(-2.928317890752,47.223750489087,
    3.419153789928));
#9614 = CARTESIAN_POINT('',(-2.900143523338,47.42424315023,
    3.377252902939));
#9615 = CARTESIAN_POINT('',(-2.867119721405,47.624791803112,
    3.335349525752));
#9616 = CARTESIAN_POINT('',(-3.,46.504843794294,5.6098475126));
#9617 = CARTESIAN_POINT('',(-2.989635744234,46.707523918505,
    5.556974436718));
#9618 = CARTESIAN_POINT('',(-2.974592643604,46.909607792783,
    5.504256904298));
#9619 = CARTESIAN_POINT('',(-2.954813295148,47.111050309696,
    5.451706682495));
#9620 = CARTESIAN_POINT('',(-2.930679004428,47.311697193089,
    5.399364017262));
#9621 = CARTESIAN_POINT('',(-2.901355920002,47.511585710303,
    5.347219186684));
#9622 = CARTESIAN_POINT('',(-2.868370400777,47.710625109751,
    5.295295865089));
#9623 = CARTESIAN_POINT('',(-2.830438369153,47.908662620132,
    5.243633905859));
#9624 = CARTESIAN_POINT('',(-2.787937073004,48.105656286876,
    5.192244253665));
#9625 = CARTESIAN_POINT('',(-1.,46.504843794294,5.6098475126));
#9626 = CARTESIAN_POINT('',(-1.,46.664775066347,5.568126311194));
#9627 = CARTESIAN_POINT('',(-0.996353022062,46.824541295273,
    5.526448164518));
#9628 = CARTESIAN_POINT('',(-0.989148204266,46.984015331093,
    5.48484624213));
#9629 = CARTESIAN_POINT('',(-0.978124320722,47.143503663097,
    5.443240590303));
#9630 = CARTESIAN_POINT('',(-0.963882087297,47.302141345765,
    5.401856846999));
#9631 = CARTESIAN_POINT('',(-0.94556149612,47.461234800985,
    5.360354206506));
#9632 = CARTESIAN_POINT('',(-0.923732706531,47.619735994843,
    5.319006068978));
#9633 = CARTESIAN_POINT('',(-0.898297352415,47.777777777778,
    5.277777777778));
#9634 = ADVANCED_FACE('',(#9635),#9653,.F.);
#9635 = FACE_BOUND('',#9636,.F.);
#9636 = EDGE_LOOP('',(#9637,#9638,#9639,#9647));
#9637 = ORIENTED_EDGE('',*,*,#8543,.F.);
#9638 = ORIENTED_EDGE('',*,*,#9405,.T.);
#9639 = ORIENTED_EDGE('',*,*,#9640,.T.);
#9640 = EDGE_CURVE('',#9406,#9641,#9643,.T.);
#9641 = VERTEX_POINT('',#9642);
#9642 = CARTESIAN_POINT('',(115.5,56.,1.491397174491));
#9643 = LINE('',#9644,#9645);
#9644 = CARTESIAN_POINT('',(115.5,56.,-5.));
#9645 = VECTOR('',#9646,1.);
#9646 = DIRECTION('',(0.,0.,1.));
#9647 = ORIENTED_EDGE('',*,*,#9648,.F.);
#9648 = EDGE_CURVE('',#8544,#9641,#9649,.T.);
#9649 = LINE('',#9650,#9651);
#9650 = CARTESIAN_POINT('',(7.,56.,1.491397174491));
#9651 = VECTOR('',#9652,1.);
#9652 = DIRECTION('',(1.,0.,0.));
#9653 = PLANE('',#9654);
#9654 = AXIS2_PLACEMENT_3D('',#9655,#9656,#9657);
#9655 = CARTESIAN_POINT('',(-3.,56.,0.));
#9656 = DIRECTION('',(0.,-1.,0.));
#9657 = DIRECTION('',(0.,0.,1.));
#9658 = ADVANCED_FACE('',(#9659),#9684,.T.);
#9659 = FACE_BOUND('',#9660,.T.);
#9660 = EDGE_LOOP('',(#9661,#9662,#9677,#9683));
#9661 = ORIENTED_EDGE('',*,*,#9600,.T.);
#9662 = ORIENTED_EDGE('',*,*,#9663,.T.);
#9663 = EDGE_CURVE('',#9587,#9664,#9666,.T.);
#9664 = VERTEX_POINT('',#9665);
#9665 = CARTESIAN_POINT('',(-0.31940002591,49.75,4.75));
#9666 = ( BOUNDED_CURVE() B_SPLINE_CURVE(9,(#9667,#9668,#9669,#9670,
    #9671,#9672,#9673,#9674,#9675,#9676),.UNSPECIFIED.,.F.,.F.) 
B_SPLINE_CURVE_WITH_KNOTS((10,10),(58.305403931379,60.942218684797),
.PIECEWISE_BEZIER_KNOTS.) CURVE() GEOMETRIC_REPRESENTATION_ITEM() 
RATIONAL_B_SPLINE_CURVE((1.,1.,1.,1.,1.,1.,1.,1.,1.,1.)) 
REPRESENTATION_ITEM('') );
#9667 = CARTESIAN_POINT('',(-0.900545522434,47.777777777778,
    5.277777777778));
#9668 = CARTESIAN_POINT('',(-0.864872443469,48.001925711663,
    5.217794527865));
#9669 = CARTESIAN_POINT('',(-0.822045821155,48.22517556618,5.15805160905
    ));
#9670 = CARTESIAN_POINT('',(-0.772368820941,48.447047076199,
    5.098677542989));
#9671 = CARTESIAN_POINT('',(-0.714628670611,48.668576213208,
    5.039395097874));
#9672 = CARTESIAN_POINT('',(-0.651215344655,48.887343329817,
    4.980851784978));
#9673 = CARTESIAN_POINT('',(-0.578486113167,49.106675347545,
    4.922157301361));
#9674 = CARTESIAN_POINT('',(-0.499388549459,49.323251020841,
    4.864200431042));
#9675 = CARTESIAN_POINT('',(-0.412978170407,49.537820467506,
    4.806780438273));
#9676 = CARTESIAN_POINT('',(-0.31940002591,49.75,4.75));
#9677 = ORIENTED_EDGE('',*,*,#9678,.F.);
#9678 = EDGE_CURVE('',#8578,#9664,#9679,.T.);
#9679 = ( BOUNDED_CURVE() B_SPLINE_CURVE(2,(#9680,#9681,#9682),
.UNSPECIFIED.,.F.,.F.) B_SPLINE_CURVE_WITH_KNOTS((3,3),(0.,
2.636814753419),.PIECEWISE_BEZIER_KNOTS.) CURVE() 
GEOMETRIC_REPRESENTATION_ITEM() RATIONAL_B_SPLINE_CURVE((1.,
0.743772890039,1.)) REPRESENTATION_ITEM('') );
#9680 = CARTESIAN_POINT('',(-2.111334690801,50.12111394555,
    2.800621944086));
#9681 = CARTESIAN_POINT('',(-1.935070537475,50.510814816761,
    4.546401668754));
#9682 = CARTESIAN_POINT('',(-0.31940002591,49.75,4.75));
#9683 = ORIENTED_EDGE('',*,*,#8592,.F.);
#9684 = ( BOUNDED_SURFACE() B_SPLINE_SURFACE(2,9,(
    (#9685,#9686,#9687,#9688,#9689,#9690,#9691,#9692,#9693,#9694)
    ,(#9695,#9696,#9697,#9698,#9699,#9700,#9701,#9702,#9703,#9704)
    ,(#9705,#9706,#9707,#9708,#9709,#9710,#9711,#9712,#9713,#9714
)),.UNSPECIFIED.,.F.,.F.,.F.) B_SPLINE_SURFACE_WITH_KNOTS((3,3),(10,10),
  (0.,2.636814753419),(58.305403931379,60.942218684797),
.PIECEWISE_BEZIER_KNOTS.) GEOMETRIC_REPRESENTATION_ITEM() 
RATIONAL_B_SPLINE_SURFACE((
    (1.,1.,1.,1.,1.,1.,1.,1.,1.,1.)
    ,(0.721807201477,0.724345479505,0.726891614736,0.729487197737
      ,0.73184048867,0.734529145376,0.736701297499,0.739111088024
      ,0.741450247578,0.743772890039)
,(1.,1.,1.,1.,1.,1.,1.,1.,1.,1.))) REPRESENTATION_ITEM('') SURFACE() );
#9685 = CARTESIAN_POINT('',(-2.867198931036,47.624310701607,
    3.335451324965));
#9686 = CARTESIAN_POINT('',(-2.820388913994,47.908667475014,
    3.27452682543));
#9687 = CARTESIAN_POINT('',(-2.763983510908,48.194453136137,
    3.213335769616));
#9688 = CARTESIAN_POINT('',(-2.696508343541,48.482947397057,
    3.151751378873));
#9689 = CARTESIAN_POINT('',(-2.624265715833,48.755733347807,
    3.093033243186));
#9690 = CARTESIAN_POINT('',(-2.534658929741,49.048948028986,
    3.030838443057));
#9691 = CARTESIAN_POINT('',(-2.446360192503,49.309019345331,
    2.974514770328));
#9692 = CARTESIAN_POINT('',(-2.343615160286,49.584325820471,
    2.915598874826));
#9693 = CARTESIAN_POINT('',(-2.232244591088,49.85379530707,
    2.857850491203));
#9694 = CARTESIAN_POINT('',(-2.111334690801,50.12111394555,
    2.800621944086));
#9695 = CARTESIAN_POINT('',(-2.788126748241,48.104650427733,
    5.190304815114));
#9696 = CARTESIAN_POINT('',(-2.728263630671,48.382235049331,
    5.116021606517));
#9697 = CARTESIAN_POINT('',(-2.65941688809,48.657733787518,
    5.042296592073));
#9698 = CARTESIAN_POINT('',(-2.58155658807,48.930980091652,
    4.969174341671));
#9699 = CARTESIAN_POINT('',(-2.49563966064,49.201871058952,
    4.896682392675));
#9700 = CARTESIAN_POINT('',(-2.399958151172,49.46985473059,
    4.824968452378));
#9701 = CARTESIAN_POINT('',(-2.297028445804,49.735423805654,
    4.753900671726));
#9702 = CARTESIAN_POINT('',(-2.184776346072,49.997389509188,
    4.683797173598));
#9703 = CARTESIAN_POINT('',(-2.064142750528,50.255995206269,
    4.614592832125));
#9704 = CARTESIAN_POINT('',(-1.935070537475,50.510814816761,
    4.546401668754));
#9705 = CARTESIAN_POINT('',(-0.900545522434,47.777777777778,
    5.277777777778));
#9706 = CARTESIAN_POINT('',(-0.864872443469,48.001925711663,
    5.217794527865));
#9707 = CARTESIAN_POINT('',(-0.822045821155,48.22517556618,5.15805160905
    ));
#9708 = CARTESIAN_POINT('',(-0.772368820941,48.447047076199,
    5.098677542989));
#9709 = CARTESIAN_POINT('',(-0.714628670611,48.668576213208,
    5.039395097874));
#9710 = CARTESIAN_POINT('',(-0.651215344655,48.887343329817,
    4.980851784978));
#9711 = CARTESIAN_POINT('',(-0.578486113167,49.106675347545,
    4.922157301361));
#9712 = CARTESIAN_POINT('',(-0.499388549459,49.323251020841,
    4.864200431042));
#9713 = CARTESIAN_POINT('',(-0.412978170407,49.537820467506,
    4.806780438273));
#9714 = CARTESIAN_POINT('',(-0.31940002591,49.75,4.75));
#9715 = ADVANCED_FACE('',(#9716),#9744,.T.);
#9716 = FACE_BOUND('',#9717,.T.);
#9717 = EDGE_LOOP('',(#9718,#9726,#9737,#9743));
#9718 = ORIENTED_EDGE('',*,*,#9719,.T.);
#9719 = EDGE_CURVE('',#8552,#9720,#9722,.T.);
#9720 = VERTEX_POINT('',#9721);
#9721 = CARTESIAN_POINT('',(3.77477448854,53.861111111111,3.611111111111
    ));
#9722 = ( BOUNDED_CURVE() B_SPLINE_CURVE(2,(#9723,#9724,#9725),
.UNSPECIFIED.,.F.,.F.) B_SPLINE_CURVE_WITH_KNOTS((3,3),(0.,
4.242728045437),.PIECEWISE_BEZIER_KNOTS.) CURVE() 
GEOMETRIC_REPRESENTATION_ITEM() RATIONAL_B_SPLINE_CURVE((1.,
0.78975648364,1.)) REPRESENTATION_ITEM('') );
#9723 = CARTESIAN_POINT('',(3.023834198323,55.175516634913,
    1.680053902145));
#9724 = CARTESIAN_POINT('',(3.175093445444,55.241064098835,
    3.224724274548));
#9725 = CARTESIAN_POINT('',(3.77477448854,53.861111111111,3.611111111111
    ));
#9726 = ORIENTED_EDGE('',*,*,#9727,.T.);
#9727 = EDGE_CURVE('',#9720,#9728,#9730,.T.);
#9728 = VERTEX_POINT('',#9729);
#9729 = CARTESIAN_POINT('',(7.,54.549442255795,3.414445069773));
#9730 = ( BOUNDED_CURVE() B_SPLINE_CURVE(5,(#9731,#9732,#9733,#9734,
#9735,#9736),.UNSPECIFIED.,.F.,.F.) B_SPLINE_CURVE_WITH_KNOTS((6,6),(
68.140128444768,72.128053911455),.PIECEWISE_BEZIER_KNOTS.) CURVE() 
GEOMETRIC_REPRESENTATION_ITEM() RATIONAL_B_SPLINE_CURVE((1.,1.,1.,1.,1.,
1.)) REPRESENTATION_ITEM('') );
#9731 = CARTESIAN_POINT('',(3.751402546031,53.861111111111,
    3.611111111111));
#9732 = CARTESIAN_POINT('',(4.366247584126,54.133863116421,
    3.533181966737));
#9733 = CARTESIAN_POINT('',(5.010577063245,54.342487702115,
    3.473574942253));
#9734 = CARTESIAN_POINT('',(5.673077532343,54.481449808856,
    3.433871483184));
#9735 = CARTESIAN_POINT('',(6.340066380656,54.549442255795,
    3.414445069773));
#9736 = CARTESIAN_POINT('',(7.,54.549442255795,3.414445069773));
#9737 = ORIENTED_EDGE('',*,*,#9738,.F.);
#9738 = EDGE_CURVE('',#8544,#9728,#9739,.T.);
#9739 = ( BOUNDED_CURVE() B_SPLINE_CURVE(2,(#9740,#9741,#9742),
.UNSPECIFIED.,.F.,.F.) B_SPLINE_CURVE_WITH_KNOTS((3,3),(0.,
3.987925466687),.PIECEWISE_BEZIER_KNOTS.) CURVE() 
GEOMETRIC_REPRESENTATION_ITEM() RATIONAL_B_SPLINE_CURVE((1.,
0.798348648116,1.)) REPRESENTATION_ITEM('') );
#9740 = CARTESIAN_POINT('',(7.,56.,1.491397174491));
#9741 = CARTESIAN_POINT('',(7.,56.,3.));
#9742 = CARTESIAN_POINT('',(7.,54.549442255795,3.414445069773));
#9743 = ORIENTED_EDGE('',*,*,#8551,.F.);
#9744 = ( BOUNDED_SURFACE() B_SPLINE_SURFACE(2,5,(
    (#9745,#9746,#9747,#9748,#9749,#9750)
    ,(#9751,#9752,#9753,#9754,#9755,#9756)
    ,(#9757,#9758,#9759,#9760,#9761,#9762
)),.UNSPECIFIED.,.F.,.F.,.F.) B_SPLINE_SURFACE_WITH_KNOTS((3,3),(6,6),(
    0.,3.987925466687),(68.140128444768,72.128053911455),
.PIECEWISE_BEZIER_KNOTS.) GEOMETRIC_REPRESENTATION_ITEM() 
RATIONAL_B_SPLINE_SURFACE((
    (1.,1.,1.,1.,1.,1.)
    ,(0.791160355793,0.7940179432,0.796186683539,0.797632983599
      ,0.798348648116,0.798348648116)
,(1.,1.,1.,1.,1.,1.))) REPRESENTATION_ITEM('') SURFACE() );
#9745 = CARTESIAN_POINT('',(2.999694924715,55.165018238097,
    1.682431117176));
#9746 = CARTESIAN_POINT('',(3.756836838345,55.495492063802,
    1.606820244938));
#9747 = CARTESIAN_POINT('',(4.548469869933,55.747953622262,
    1.549049313312));
#9748 = CARTESIAN_POINT('',(5.362121157228,55.916683595026,
    1.510448326067));
#9749 = CARTESIAN_POINT('',(6.18351761545,56.,1.491397174491));
#9750 = CARTESIAN_POINT('',(7.,56.,1.491397174491));
#9751 = CARTESIAN_POINT('',(3.150970108758,55.23104613578,3.219701104063
    ));
#9752 = CARTESIAN_POINT('',(3.881156781833,55.534930191777,
    3.132877088064));
#9753 = CARTESIAN_POINT('',(4.644077403915,55.767847714656,
    3.066329224384));
#9754 = CARTESIAN_POINT('',(5.42773171297,55.923512115689,3.021853681232
    ));
#9755 = CARTESIAN_POINT('',(6.217256173954,56.,3.));
#9756 = CARTESIAN_POINT('',(7.,56.,3.));
#9757 = CARTESIAN_POINT('',(3.751402546031,53.861111111111,
    3.611111111111));
#9758 = CARTESIAN_POINT('',(4.366247584126,54.133863116421,
    3.533181966737));
#9759 = CARTESIAN_POINT('',(5.010577063245,54.342487702115,
    3.473574942253));
#9760 = CARTESIAN_POINT('',(5.673077532343,54.481449808856,
    3.433871483184));
#9761 = CARTESIAN_POINT('',(6.340066380656,54.549442255795,
    3.414445069773));
#9762 = CARTESIAN_POINT('',(7.,54.549442255795,3.414445069773));
#9763 = ADVANCED_FACE('',(#9764),#9789,.T.);
#9764 = FACE_BOUND('',#9765,.T.);
#9765 = EDGE_LOOP('',(#9766,#9767,#9782,#9788));
#9766 = ORIENTED_EDGE('',*,*,#9678,.T.);
#9767 = ORIENTED_EDGE('',*,*,#9768,.T.);
#9768 = EDGE_CURVE('',#9664,#9769,#9771,.T.);
#9769 = VERTEX_POINT('',#9770);
#9770 = CARTESIAN_POINT('',(0.95993978752,51.777777777778,4.194444444444
    ));
#9771 = ( BOUNDED_CURVE() B_SPLINE_CURVE(9,(#9772,#9773,#9774,#9775,
    #9776,#9777,#9778,#9779,#9780,#9781),.UNSPECIFIED.,.F.,.F.) 
B_SPLINE_CURVE_WITH_KNOTS((10,10),(60.939184772706,63.931015558308),
.PIECEWISE_BEZIER_KNOTS.) CURVE() GEOMETRIC_REPRESENTATION_ITEM() 
RATIONAL_B_SPLINE_CURVE((1.,1.,1.,1.,1.,1.,1.,1.,1.,1.)) 
REPRESENTATION_ITEM('') );
#9772 = CARTESIAN_POINT('',(-0.325038653331,49.75,4.75));
#9773 = CARTESIAN_POINT('',(-0.219332980334,49.990758085251,
    4.684038880753));
#9774 = CARTESIAN_POINT('',(-0.104421530549,50.228470826806,
    4.618912102245));
#9775 = CARTESIAN_POINT('',(2.022100666696E-02,50.463189720486,
    4.554605556031));
#9776 = CARTESIAN_POINT('',(0.153130961445,50.693525227412,
    4.491499937695));
#9777 = CARTESIAN_POINT('',(0.29800730873,50.921707749418,4.428984178242
    ));
#9778 = CARTESIAN_POINT('',(0.449828775144,51.143533065933,
    4.368210118922));
#9779 = CARTESIAN_POINT('',(0.611286877417,51.360795587478,
    4.308686140417));
#9780 = CARTESIAN_POINT('',(0.781296763369,51.572289833494,
    4.250742511372));
#9781 = CARTESIAN_POINT('',(0.95993978752,51.777777777778,4.194444444444
    ));
#9782 = ORIENTED_EDGE('',*,*,#9783,.F.);
#9783 = EDGE_CURVE('',#8563,#9769,#9784,.T.);
#9784 = ( BOUNDED_CURVE() B_SPLINE_CURVE(2,(#9785,#9786,#9787),
.UNSPECIFIED.,.F.,.F.) B_SPLINE_CURVE_WITH_KNOTS((3,3),(0.,
2.991830785601),.PIECEWISE_BEZIER_KNOTS.) CURVE() 
GEOMETRIC_REPRESENTATION_ITEM() RATIONAL_B_SPLINE_CURVE((1.,
0.766632584415,1.)) REPRESENTATION_ITEM('') );
#9785 = CARTESIAN_POINT('',(-0.477295762957,52.64003374037,
    2.248355978926));
#9786 = CARTESIAN_POINT('',(-0.258649952309,52.886249265392,
    3.89075362592));
#9787 = CARTESIAN_POINT('',(0.95993978752,51.777777777778,4.194444444444
    ));
#9788 = ORIENTED_EDGE('',*,*,#8577,.F.);
#9789 = ( BOUNDED_SURFACE() B_SPLINE_SURFACE(2,9,(
    (#9790,#9791,#9792,#9793,#9794,#9795,#9796,#9797,#9798,#9799)
    ,(#9800,#9801,#9802,#9803,#9804,#9805,#9806,#9807,#9808,#9809)
    ,(#9810,#9811,#9812,#9813,#9814,#9815,#9816,#9817,#9818,#9819
)),.UNSPECIFIED.,.F.,.F.,.F.) B_SPLINE_SURFACE_WITH_KNOTS((3,3),(10,10),
  (0.,2.991830785601),(60.939184772706,63.931015558308),
.PIECEWISE_BEZIER_KNOTS.) GEOMETRIC_REPRESENTATION_ITEM() 
RATIONAL_B_SPLINE_SURFACE((
    (1.,1.,1.,1.,1.,1.,1.,1.,1.,1.)
    ,(0.744616411911,0.747306389505,0.749969668656,0.752530581412
      ,0.755153477392,0.757377884448,0.75986694799,0.762169044461
      ,0.764441827747,0.766632584415)
,(1.,1.,1.,1.,1.,1.,1.,1.,1.,1.))) REPRESENTATION_ITEM('') SURFACE() );
#9790 = CARTESIAN_POINT('',(-2.112585637274,50.118347120307,
    2.801221263212));
#9791 = CARTESIAN_POINT('',(-1.975642396075,50.421358735506,
    2.734819001571));
#9792 = CARTESIAN_POINT('',(-1.826383174515,50.721221687616,
    2.669180102001));
#9793 = CARTESIAN_POINT('',(-1.667197477668,51.013632867288,
    2.605025150922));
#9794 = CARTESIAN_POINT('',(-1.492077824646,51.306353046832,
    2.541203237186));
#9795 = CARTESIAN_POINT('',(-1.317376456796,51.576292172258,
    2.481231396852));
#9796 = CARTESIAN_POINT('',(-1.121385205456,51.856932268509,
    2.420024476376));
#9797 = CARTESIAN_POINT('',(-0.917933887844,52.124205836746,
    2.36134159634));
#9798 = CARTESIAN_POINT('',(-0.702632281224,52.386283856085,
    2.303946635589));
#9799 = CARTESIAN_POINT('',(-0.477295762957,52.64003374037,
    2.248355978926));
#9800 = CARTESIAN_POINT('',(-1.936861556969,50.507168335114,
    4.542556620517));
#9801 = CARTESIAN_POINT('',(-1.791694884779,50.79404868782,
    4.463959263611));
#9802 = CARTESIAN_POINT('',(-1.635801004753,51.076248357871,
    4.386644285515));
#9803 = CARTESIAN_POINT('',(-1.469448986949,51.353459180957,
    4.310696114806));
#9804 = CARTESIAN_POINT('',(-1.292394425648,51.625150507394,
    4.236260134961));
#9805 = CARTESIAN_POINT('',(-1.105629646434,51.891435320544,
    4.163305391632));
#9806 = CARTESIAN_POINT('',(-0.90830145087,52.150677895413,
    4.092280028654));
#9807 = CARTESIAN_POINT('',(-0.701251478259,52.403406821635,
    4.023039226949));
#9808 = CARTESIAN_POINT('',(-0.484581581302,52.648706598814,
    3.955833808544));
#9809 = CARTESIAN_POINT('',(-0.258649952309,52.886249265392,
    3.89075362592));
#9810 = CARTESIAN_POINT('',(-0.325038653331,49.75,4.75));
#9811 = CARTESIAN_POINT('',(-0.219332980334,49.990758085251,
    4.684038880753));
#9812 = CARTESIAN_POINT('',(-0.104421530549,50.228470826806,
    4.618912102245));
#9813 = CARTESIAN_POINT('',(2.022100666696E-02,50.463189720486,
    4.554605556031));
#9814 = CARTESIAN_POINT('',(0.153130961445,50.693525227412,
    4.491499937695));
#9815 = CARTESIAN_POINT('',(0.29800730873,50.921707749418,4.428984178242
    ));
#9816 = CARTESIAN_POINT('',(0.449828775144,51.143533065933,
    4.368210118922));
#9817 = CARTESIAN_POINT('',(0.611286877417,51.360795587478,
    4.308686140417));
#9818 = CARTESIAN_POINT('',(0.781296763369,51.572289833494,
    4.250742511372));
#9819 = CARTESIAN_POINT('',(0.95993978752,51.777777777778,4.194444444444
    ));
#9820 = ADVANCED_FACE('',(#9821),#9839,.T.);
#9821 = FACE_BOUND('',#9822,.T.);
#9822 = EDGE_LOOP('',(#9823,#9824,#9837,#9838));
#9823 = ORIENTED_EDGE('',*,*,#9783,.T.);
#9824 = ORIENTED_EDGE('',*,*,#9825,.T.);
#9825 = EDGE_CURVE('',#9769,#9720,#9826,.T.);
#9826 = ( BOUNDED_CURVE() B_SPLINE_CURVE(5,(#9827,#9828,#9829,#9830,
    #9831,#9832,#9833,#9834,#9835,#9836),.UNSPECIFIED.,.F.,.F.) 
B_SPLINE_CURVE_WITH_KNOTS((6,4,6),(63.922811830372,65.33867313777,
68.165539875808),.UNSPECIFIED.) CURVE() GEOMETRIC_REPRESENTATION_ITEM() 
RATIONAL_B_SPLINE_CURVE((1.,1.,1.,1.,1.,1.,1.,1.,1.,1.)) 
REPRESENTATION_ITEM('') );
#9827 = CARTESIAN_POINT('',(0.949947646004,51.777777777778,
    4.194444444444));
#9828 = CARTESIAN_POINT('',(1.101807359147,51.953084974312,
    4.145358429415));
#9829 = CARTESIAN_POINT('',(1.260632467848,52.123566659842,
    4.097623557467));
#9830 = CARTESIAN_POINT('',(1.426306500587,52.288833859409,
    4.051348741588));
#9831 = CARTESIAN_POINT('',(1.598600167041,52.448473685759,4.00664959021
    ));
#9832 = CARTESIAN_POINT('',(2.133701307522,52.908673939235,
    3.877793519236));
#9833 = CARTESIAN_POINT('',(2.514435599545,53.190703947885,
    3.798825116814));
#9834 = CARTESIAN_POINT('',(2.917257006577,53.445200487776,
    3.727566085645));
#9835 = CARTESIAN_POINT('',(3.338715544757,53.669288091234,
    3.664821556677));
#9836 = CARTESIAN_POINT('',(3.77477448854,53.861111111111,3.611111111111
    ));
#9837 = ORIENTED_EDGE('',*,*,#9719,.F.);
#9838 = ORIENTED_EDGE('',*,*,#8562,.F.);
#9839 = ( BOUNDED_SURFACE() B_SPLINE_SURFACE(2,5,(
    (#9840,#9841,#9842,#9843,#9844,#9845,#9846,#9847,#9848,#9849)
    ,(#9850,#9851,#9852,#9853,#9854,#9855,#9856,#9857,#9858,#9859)
    ,(#9860,#9861,#9862,#9863,#9864,#9865,#9866,#9867,#9868,#9869
)),.UNSPECIFIED.,.F.,.F.,.F.) B_SPLINE_SURFACE_WITH_KNOTS((3,3),(6,4,6),
  (0.,4.242728045437),(63.922811830372,65.33867313777,68.165539875808),
.UNSPECIFIED.) GEOMETRIC_REPRESENTATION_ITEM() RATIONAL_B_SPLINE_SURFACE
((
    (1.,1.,1.,1.,1.,1.,1.,1.,1.,1.)
    ,(0.767809241449,0.769708235906,0.771543779058,0.773306349496
      ,0.774992301869,0.779821469835,0.78279034439,0.785444603552
      ,0.787771553759,0.78975648364)
,(1.,1.,1.,1.,1.,1.,1.,1.,1.,1.))) REPRESENTATION_ITEM('') SURFACE() );
#9840 = CARTESIAN_POINT('',(-0.482851984456,52.633771640531,
    2.249743123983));
#9841 = CARTESIAN_POINT('',(-0.291228203162,52.849922040308,
    2.201334147141));
#9842 = CARTESIAN_POINT('',(-9.138336269193E-02,53.059605010158,
    2.15436890615));
#9843 = CARTESIAN_POINT('',(0.116076650928,53.262075103838,
    2.108989788335));
#9844 = CARTESIAN_POINT('',(0.330726033669,53.456864394771,
    2.065299659424));
#9845 = CARTESIAN_POINT('',(0.994745141624,54.016977579212,
    1.939630102819));
#9846 = CARTESIAN_POINT('',(1.467567959717,54.36100425195,1.862567028727
    ));
#9847 = CARTESIAN_POINT('',(1.966133892654,54.670410244728,
    1.793235924471));
#9848 = CARTESIAN_POINT('',(2.486401827617,54.942622913705,
    1.732241893618));
#9849 = CARTESIAN_POINT('',(3.023834198323,55.175516634913,
    1.680053902145));
#9850 = CARTESIAN_POINT('',(-0.265056050571,52.879444061048,
    3.885977885129));
#9851 = CARTESIAN_POINT('',(-7.395824937646E-02,53.080740327984,
    3.829614930387));
#9852 = CARTESIAN_POINT('',(0.124721807036,53.27606251444,3.774924718179
    ));
#9853 = CARTESIAN_POINT('',(0.330727073477,53.464974523857,
    3.722029355542));
#9854 = CARTESIAN_POINT('',(0.543740010164,53.647039655195,
    3.671051118768));
#9855 = CARTESIAN_POINT('',(1.19917767161,54.168598617915,3.525014609206
    ));
#9856 = CARTESIAN_POINT('',(1.661564264649,54.486960155973,3.43587337855
    ));
#9857 = CARTESIAN_POINT('',(2.147714847592,54.773668778149,
    3.355594964341));
#9858 = CARTESIAN_POINT('',(2.653731687477,55.025684369342,
    3.285030598807));
#9859 = CARTESIAN_POINT('',(3.175093445444,55.241064098835,
    3.224724274548));
#9860 = CARTESIAN_POINT('',(0.949947646004,51.777777777778,
    4.194444444444));
#9861 = CARTESIAN_POINT('',(1.101807359147,51.953084974312,
    4.145358429415));
#9862 = CARTESIAN_POINT('',(1.260632467848,52.123566659842,
    4.097623557467));
#9863 = CARTESIAN_POINT('',(1.426306500587,52.288833859409,
    4.051348741588));
#9864 = CARTESIAN_POINT('',(1.598600167041,52.448473685759,4.00664959021
    ));
#9865 = CARTESIAN_POINT('',(2.133701307522,52.908673939235,
    3.877793519236));
#9866 = CARTESIAN_POINT('',(2.514435599545,53.190703947885,
    3.798825116814));
#9867 = CARTESIAN_POINT('',(2.917257006577,53.445200487776,
    3.727566085645));
#9868 = CARTESIAN_POINT('',(3.338715544757,53.669288091234,
    3.664821556677));
#9869 = CARTESIAN_POINT('',(3.77477448854,53.861111111111,3.611111111111
    ));
#9870 = ADVANCED_FACE('',(#9871),#9912,.F.);
#9871 = FACE_BOUND('',#9872,.F.);
#9872 = EDGE_LOOP('',(#9873,#9881,#9882,#9883,#9891,#9906));
#9873 = ORIENTED_EDGE('',*,*,#9874,.F.);
#9874 = EDGE_CURVE('',#8653,#9875,#9877,.T.);
#9875 = VERTEX_POINT('',#9876);
#9876 = CARTESIAN_POINT('',(123.5,45.861111111111,5.777777777778));
#9877 = LINE('',#9878,#9879);
#9878 = CARTESIAN_POINT('',(-3.,45.861111111111,5.777777777778));
#9879 = VECTOR('',#9880,1.);
#9880 = DIRECTION('',(1.,0.,0.));
#9881 = ORIENTED_EDGE('',*,*,#8661,.T.);
#9882 = ORIENTED_EDGE('',*,*,#9586,.T.);
#9883 = ORIENTED_EDGE('',*,*,#9884,.T.);
#9884 = EDGE_CURVE('',#9587,#9885,#9887,.T.);
#9885 = VERTEX_POINT('',#9886);
#9886 = CARTESIAN_POINT('',(123.40054184374,47.777777777778,
    5.277777777778));
#9887 = LINE('',#9888,#9889);
#9888 = CARTESIAN_POINT('',(-3.,47.777777777778,5.277777777778));
#9889 = VECTOR('',#9890,1.);
#9890 = DIRECTION('',(1.,0.,0.));
#9891 = ORIENTED_EDGE('',*,*,#9892,.T.);
#9892 = EDGE_CURVE('',#9885,#9893,#9895,.T.);
#9893 = VERTEX_POINT('',#9894);
#9894 = CARTESIAN_POINT('',(123.5,46.504843794294,5.6098475126));
#9895 = ( BOUNDED_CURVE() B_SPLINE_CURVE(9,(#9896,#9897,#9898,#9899,
    #9900,#9901,#9902,#9903,#9904,#9905),.UNSPECIFIED.,.F.,.F.) 
B_SPLINE_CURVE_WITH_KNOTS((10,10),(194.45024132803,196.10107971095),
.PIECEWISE_BEZIER_KNOTS.) CURVE() GEOMETRIC_REPRESENTATION_ITEM() 
RATIONAL_B_SPLINE_CURVE((1.,1.,1.,1.,1.,1.,1.,1.,1.,1.)) 
REPRESENTATION_ITEM('') );
#9896 = CARTESIAN_POINT('',(123.39829391494,47.777777777778,
    5.277777777778));
#9897 = CARTESIAN_POINT('',(123.4208873821,47.637332535111,
    5.314415667169));
#9898 = CARTESIAN_POINT('',(123.44068808623,47.49649760686,
    5.351155213669));
#9899 = CARTESIAN_POINT('',(123.45764344724,47.355410999249,
    5.387960415655));
#9900 = CARTESIAN_POINT('',(123.47200911383,47.213639423328,
    5.424944305026));
#9901 = CARTESIAN_POINT('',(123.4829362718,47.072653300974,
    5.461723293466));
#9902 = CARTESIAN_POINT('',(123.49156970549,46.930848221401,
    5.49871592292));
#9903 = CARTESIAN_POINT('',(123.49716244738,46.789029385037,
    5.535712141101));
#9904 = CARTESIAN_POINT('',(123.5,46.647002100574,5.572762737048));
#9905 = CARTESIAN_POINT('',(123.5,46.504843794294,5.6098475126));
#9906 = ORIENTED_EDGE('',*,*,#9907,.T.);
#9907 = EDGE_CURVE('',#9893,#9875,#9908,.T.);
#9908 = LINE('',#9909,#9910);
#9909 = CARTESIAN_POINT('',(123.5,46.,5.74154589372));
#9910 = VECTOR('',#9911,1.);
#9911 = DIRECTION('',(0.,-0.967617272397,0.252421897147));
#9912 = PLANE('',#9913);
#9913 = AXIS2_PLACEMENT_3D('',#9914,#9915,#9916);
#9914 = CARTESIAN_POINT('',(-3.,47.777777777778,5.277777777778));
#9915 = DIRECTION('',(0.,-0.252421897147,-0.967617272397));
#9916 = DIRECTION('',(0.,-0.967617272397,0.252421897147));
#9917 = ADVANCED_FACE('',(#9918),#9936,.F.);
#9918 = FACE_BOUND('',#9919,.F.);
#9919 = EDGE_LOOP('',(#9920,#9928,#9934,#9935));
#9920 = ORIENTED_EDGE('',*,*,#9921,.T.);
#9921 = EDGE_CURVE('',#8687,#9922,#9924,.T.);
#9922 = VERTEX_POINT('',#9923);
#9923 = CARTESIAN_POINT('',(123.5,21.777777777778,10.027777777778));
#9924 = LINE('',#9925,#9926);
#9925 = CARTESIAN_POINT('',(-3.,21.777777777778,10.027777777778));
#9926 = VECTOR('',#9927,1.);
#9927 = DIRECTION('',(1.,0.,0.));
#9928 = ORIENTED_EDGE('',*,*,#9929,.T.);
#9929 = EDGE_CURVE('',#9922,#9562,#9930,.T.);
#9930 = LINE('',#9931,#9932);
#9931 = CARTESIAN_POINT('',(123.5,21.777777777778,10.027777777778));
#9932 = VECTOR('',#9933,1.);
#9933 = DIRECTION('',(0.,-1.,1.9378438248E-15));
#9934 = ORIENTED_EDGE('',*,*,#9561,.F.);
#9935 = ORIENTED_EDGE('',*,*,#8686,.T.);
#9936 = PLANE('',#9937);
#9937 = AXIS2_PLACEMENT_3D('',#9938,#9939,#9940);
#9938 = CARTESIAN_POINT('',(-3.,21.777777777778,10.027777777778));
#9939 = DIRECTION('',(0.,-1.9378438248E-15,-1.));
#9940 = DIRECTION('',(0.,-1.,1.9378438248E-15));
#9941 = ADVANCED_FACE('',(#9942),#9960,.F.);
#9942 = FACE_BOUND('',#9943,.F.);
#9943 = EDGE_LOOP('',(#9944,#9945,#9953,#9959));
#9944 = ORIENTED_EDGE('',*,*,#9874,.T.);
#9945 = ORIENTED_EDGE('',*,*,#9946,.T.);
#9946 = EDGE_CURVE('',#9875,#9947,#9949,.T.);
#9947 = VERTEX_POINT('',#9948);
#9948 = CARTESIAN_POINT('',(123.5,44.,6.25));
#9949 = LINE('',#9950,#9951);
#9950 = CARTESIAN_POINT('',(123.5,45.861111111111,5.777777777778));
#9951 = VECTOR('',#9952,1.);
#9952 = DIRECTION('',(0.,-0.969285531301,0.245938119882));
#9953 = ORIENTED_EDGE('',*,*,#9954,.F.);
#9954 = EDGE_CURVE('',#8711,#9947,#9955,.T.);
#9955 = LINE('',#9956,#9957);
#9956 = CARTESIAN_POINT('',(-3.,44.,6.25));
#9957 = VECTOR('',#9958,1.);
#9958 = DIRECTION('',(1.,0.,0.));
#9959 = ORIENTED_EDGE('',*,*,#8719,.T.);
#9960 = PLANE('',#9961);
#9961 = AXIS2_PLACEMENT_3D('',#9962,#9963,#9964);
#9962 = CARTESIAN_POINT('',(-3.,45.861111111111,5.777777777778));
#9963 = DIRECTION('',(0.,-0.245938119882,-0.969285531301));
#9964 = DIRECTION('',(0.,-0.969285531301,0.245938119882));
#9965 = ADVANCED_FACE('',(#9966),#9984,.F.);
#9966 = FACE_BOUND('',#9967,.F.);
#9967 = EDGE_LOOP('',(#9968,#9976,#9982,#9983));
#9968 = ORIENTED_EDGE('',*,*,#9969,.T.);
#9969 = EDGE_CURVE('',#8737,#9970,#9972,.T.);
#9970 = VERTEX_POINT('',#9971);
#9971 = CARTESIAN_POINT('',(123.5,22.75,10.));
#9972 = LINE('',#9973,#9974);
#9973 = CARTESIAN_POINT('',(-3.,22.75,10.));
#9974 = VECTOR('',#9975,1.);
#9975 = DIRECTION('',(1.,0.,0.));
#9976 = ORIENTED_EDGE('',*,*,#9977,.T.);
#9977 = EDGE_CURVE('',#9970,#9922,#9978,.T.);
#9978 = LINE('',#9979,#9980);
#9979 = CARTESIAN_POINT('',(123.5,22.75,10.));
#9980 = VECTOR('',#9981,1.);
#9981 = DIRECTION('',(0.,-0.999592086461,2.855977389888E-02));
#9982 = ORIENTED_EDGE('',*,*,#9921,.F.);
#9983 = ORIENTED_EDGE('',*,*,#8736,.T.);
#9984 = PLANE('',#9985);
#9985 = AXIS2_PLACEMENT_3D('',#9986,#9987,#9988);
#9986 = CARTESIAN_POINT('',(-3.,22.75,10.));
#9987 = DIRECTION('',(0.,-2.855977389888E-02,-0.999592086461));
#9988 = DIRECTION('',(0.,-0.999592086461,2.855977389888E-02));
#9989 = ADVANCED_FACE('',(#9990),#10008,.F.);
#9990 = FACE_BOUND('',#9991,.F.);
#9991 = EDGE_LOOP('',(#9992,#9993,#10001,#10007));
#9992 = ORIENTED_EDGE('',*,*,#9954,.T.);
#9993 = ORIENTED_EDGE('',*,*,#9994,.T.);
#9994 = EDGE_CURVE('',#9947,#9995,#9997,.T.);
#9995 = VERTEX_POINT('',#9996);
#9996 = CARTESIAN_POINT('',(123.5,42.194444444444,6.694444444444));
#9997 = LINE('',#9998,#9999);
#9998 = CARTESIAN_POINT('',(123.5,44.,6.25));
#9999 = VECTOR('',#10000,1.);
#10000 = DIRECTION('',(0.,-0.971014878935,0.239019047122));
#10001 = ORIENTED_EDGE('',*,*,#10002,.F.);
#10002 = EDGE_CURVE('',#8761,#9995,#10003,.T.);
#10003 = LINE('',#10004,#10005);
#10004 = CARTESIAN_POINT('',(-3.,42.194444444444,6.694444444444));
#10005 = VECTOR('',#10006,1.);
#10006 = DIRECTION('',(1.,0.,0.));
#10007 = ORIENTED_EDGE('',*,*,#8769,.T.);
#10008 = PLANE('',#10009);
#10009 = AXIS2_PLACEMENT_3D('',#10010,#10011,#10012);
#10010 = CARTESIAN_POINT('',(-3.,44.,6.25));
#10011 = DIRECTION('',(0.,-0.239019047122,-0.971014878935));
#10012 = DIRECTION('',(0.,-0.971014878935,0.239019047122));
#10013 = ADVANCED_FACE('',(#10014),#10032,.F.);
#10014 = FACE_BOUND('',#10015,.F.);
#10015 = EDGE_LOOP('',(#10016,#10024,#10030,#10031));
#10016 = ORIENTED_EDGE('',*,*,#10017,.T.);
#10017 = EDGE_CURVE('',#8787,#10018,#10020,.T.);
#10018 = VERTEX_POINT('',#10019);
#10019 = CARTESIAN_POINT('',(123.5,23.777777777778,9.944444444444));
#10020 = LINE('',#10021,#10022);
#10021 = CARTESIAN_POINT('',(-3.,23.777777777778,9.944444444444));
#10022 = VECTOR('',#10023,1.);
#10023 = DIRECTION('',(1.,0.,0.));
#10024 = ORIENTED_EDGE('',*,*,#10025,.T.);
#10025 = EDGE_CURVE('',#10018,#9970,#10026,.T.);
#10026 = LINE('',#10027,#10028);
#10027 = CARTESIAN_POINT('',(123.5,23.777777777778,9.944444444444));
#10028 = VECTOR('',#10029,1.);
#10029 = DIRECTION('',(0.,-0.998542273278,5.3975258015E-02));
#10030 = ORIENTED_EDGE('',*,*,#9969,.F.);
#10031 = ORIENTED_EDGE('',*,*,#8786,.T.);
#10032 = PLANE('',#10033);
#10033 = AXIS2_PLACEMENT_3D('',#10034,#10035,#10036);
#10034 = CARTESIAN_POINT('',(-3.,23.777777777778,9.944444444444));
#10035 = DIRECTION('',(0.,-5.3975258015E-02,-0.998542273278));
#10036 = DIRECTION('',(0.,-0.998542273278,5.3975258015E-02));
#10037 = ADVANCED_FACE('',(#10038),#10056,.F.);
#10038 = FACE_BOUND('',#10039,.F.);
#10039 = EDGE_LOOP('',(#10040,#10041,#10049,#10055));
#10040 = ORIENTED_EDGE('',*,*,#10002,.T.);
#10041 = ORIENTED_EDGE('',*,*,#10042,.T.);
#10042 = EDGE_CURVE('',#9995,#10043,#10045,.T.);
#10043 = VERTEX_POINT('',#10044);
#10044 = CARTESIAN_POINT('',(123.5,40.444444444444,7.111111111111));
#10045 = LINE('',#10046,#10047);
#10046 = CARTESIAN_POINT('',(123.5,42.194444444444,6.694444444444));
#10047 = VECTOR('',#10048,1.);
#10048 = DIRECTION('',(0.,-0.972806214685,0.231620527306));
#10049 = ORIENTED_EDGE('',*,*,#10050,.F.);
#10050 = EDGE_CURVE('',#8811,#10043,#10051,.T.);
#10051 = LINE('',#10052,#10053);
#10052 = CARTESIAN_POINT('',(-3.,40.444444444444,7.111111111111));
#10053 = VECTOR('',#10054,1.);
#10054 = DIRECTION('',(1.,0.,0.));
#10055 = ORIENTED_EDGE('',*,*,#8819,.T.);
#10056 = PLANE('',#10057);
#10057 = AXIS2_PLACEMENT_3D('',#10058,#10059,#10060);
#10058 = CARTESIAN_POINT('',(-3.,42.194444444444,6.694444444444));
#10059 = DIRECTION('',(0.,-0.231620527306,-0.972806214685));
#10060 = DIRECTION('',(0.,-0.972806214685,0.231620527306));
#10061 = ADVANCED_FACE('',(#10062),#10080,.F.);
#10062 = FACE_BOUND('',#10063,.F.);
#10063 = EDGE_LOOP('',(#10064,#10072,#10078,#10079));
#10064 = ORIENTED_EDGE('',*,*,#10065,.T.);
#10065 = EDGE_CURVE('',#8837,#10066,#10068,.T.);
#10066 = VERTEX_POINT('',#10067);
#10067 = CARTESIAN_POINT('',(123.5,24.861111111111,9.861111111111));
#10068 = LINE('',#10069,#10070);
#10069 = CARTESIAN_POINT('',(-3.,24.861111111111,9.861111111111));
#10070 = VECTOR('',#10071,1.);
#10071 = DIRECTION('',(1.,0.,0.));
#10072 = ORIENTED_EDGE('',*,*,#10073,.T.);
#10073 = EDGE_CURVE('',#10066,#10018,#10074,.T.);
#10074 = LINE('',#10075,#10076);
#10075 = CARTESIAN_POINT('',(123.5,24.861111111111,9.861111111111));
#10076 = VECTOR('',#10077,1.);
#10077 = DIRECTION('',(0.,-0.997054485502,7.669649888474E-02));
#10078 = ORIENTED_EDGE('',*,*,#10017,.F.);
#10079 = ORIENTED_EDGE('',*,*,#8836,.T.);
#10080 = PLANE('',#10081);
#10081 = AXIS2_PLACEMENT_3D('',#10082,#10083,#10084);
#10082 = CARTESIAN_POINT('',(-3.,24.861111111111,9.861111111111));
#10083 = DIRECTION('',(0.,-7.669649888474E-02,-0.997054485502));
#10084 = DIRECTION('',(0.,-0.997054485502,7.669649888474E-02));
#10085 = ADVANCED_FACE('',(#10086),#10104,.F.);
#10086 = FACE_BOUND('',#10087,.F.);
#10087 = EDGE_LOOP('',(#10088,#10089,#10097,#10103));
#10088 = ORIENTED_EDGE('',*,*,#10050,.T.);
#10089 = ORIENTED_EDGE('',*,*,#10090,.T.);
#10090 = EDGE_CURVE('',#10043,#10091,#10093,.T.);
#10091 = VERTEX_POINT('',#10092);
#10092 = CARTESIAN_POINT('',(123.5,38.75,7.5));
#10093 = LINE('',#10094,#10095);
#10094 = CARTESIAN_POINT('',(123.5,40.444444444444,7.111111111111));
#10095 = VECTOR('',#10096,1.);
#10096 = DIRECTION('',(0.,-0.974659789561,0.223692410719));
#10097 = ORIENTED_EDGE('',*,*,#10098,.F.);
#10098 = EDGE_CURVE('',#8861,#10091,#10099,.T.);
#10099 = LINE('',#10100,#10101);
#10100 = CARTESIAN_POINT('',(-3.,38.75,7.5));
#10101 = VECTOR('',#10102,1.);
#10102 = DIRECTION('',(1.,0.,0.));
#10103 = ORIENTED_EDGE('',*,*,#8869,.T.);
#10104 = PLANE('',#10105);
#10105 = AXIS2_PLACEMENT_3D('',#10106,#10107,#10108);
#10106 = CARTESIAN_POINT('',(-3.,40.444444444444,7.111111111111));
#10107 = DIRECTION('',(0.,-0.223692410719,-0.974659789561));
#10108 = DIRECTION('',(0.,-0.974659789561,0.223692410719));
#10109 = ADVANCED_FACE('',(#10110),#10128,.F.);
#10110 = FACE_BOUND('',#10111,.F.);
#10111 = EDGE_LOOP('',(#10112,#10120,#10126,#10127));
#10112 = ORIENTED_EDGE('',*,*,#10113,.T.);
#10113 = EDGE_CURVE('',#8887,#10114,#10116,.T.);
#10114 = VERTEX_POINT('',#10115);
#10115 = CARTESIAN_POINT('',(123.5,26.,9.75));
#10116 = LINE('',#10117,#10118);
#10117 = CARTESIAN_POINT('',(-3.,26.,9.75));
#10118 = VECTOR('',#10119,1.);
#10119 = DIRECTION('',(1.,0.,0.));
#10120 = ORIENTED_EDGE('',*,*,#10121,.T.);
#10121 = EDGE_CURVE('',#10114,#10066,#10122,.T.);
#10122 = LINE('',#10123,#10124);
#10123 = CARTESIAN_POINT('',(123.5,26.,9.75));
#10124 = VECTOR('',#10125,1.);
#10125 = DIRECTION('',(0.,-0.995274633926,9.709996428543E-02));
#10126 = ORIENTED_EDGE('',*,*,#10065,.F.);
#10127 = ORIENTED_EDGE('',*,*,#8886,.T.);
#10128 = PLANE('',#10129);
#10129 = AXIS2_PLACEMENT_3D('',#10130,#10131,#10132);
#10130 = CARTESIAN_POINT('',(-3.,26.,9.75));
#10131 = DIRECTION('',(0.,-9.709996428543E-02,-0.995274633926));
#10132 = DIRECTION('',(0.,-0.995274633926,9.709996428543E-02));
#10133 = ADVANCED_FACE('',(#10134),#10152,.F.);
#10134 = FACE_BOUND('',#10135,.F.);
#10135 = EDGE_LOOP('',(#10136,#10137,#10145,#10151));
#10136 = ORIENTED_EDGE('',*,*,#10098,.T.);
#10137 = ORIENTED_EDGE('',*,*,#10138,.T.);
#10138 = EDGE_CURVE('',#10091,#10139,#10141,.T.);
#10139 = VERTEX_POINT('',#10140);
#10140 = CARTESIAN_POINT('',(123.5,37.111111111111,7.861111111111));
#10141 = LINE('',#10142,#10143);
#10142 = CARTESIAN_POINT('',(123.5,38.75,7.5));
#10143 = VECTOR('',#10144,1.);
#10144 = DIRECTION('',(0.,-0.976574948551,0.215177531037));
#10145 = ORIENTED_EDGE('',*,*,#10146,.F.);
#10146 = EDGE_CURVE('',#8911,#10139,#10147,.T.);
#10147 = LINE('',#10148,#10149);
#10148 = CARTESIAN_POINT('',(-3.,37.111111111111,7.861111111111));
#10149 = VECTOR('',#10150,1.);
#10150 = DIRECTION('',(1.,0.,0.));
#10151 = ORIENTED_EDGE('',*,*,#8919,.T.);
#10152 = PLANE('',#10153);
#10153 = AXIS2_PLACEMENT_3D('',#10154,#10155,#10156);
#10154 = CARTESIAN_POINT('',(-3.,38.75,7.5));
#10155 = DIRECTION('',(0.,-0.215177531037,-0.976574948551));
#10156 = DIRECTION('',(0.,-0.976574948551,0.215177531037));
#10157 = ADVANCED_FACE('',(#10158),#10176,.F.);
#10158 = FACE_BOUND('',#10159,.F.);
#10159 = EDGE_LOOP('',(#10160,#10168,#10174,#10175));
#10160 = ORIENTED_EDGE('',*,*,#10161,.T.);
#10161 = EDGE_CURVE('',#8937,#10162,#10164,.T.);
#10162 = VERTEX_POINT('',#10163);
#10163 = CARTESIAN_POINT('',(123.5,27.194444444444,9.611111111111));
#10164 = LINE('',#10165,#10166);
#10165 = CARTESIAN_POINT('',(-3.,27.194444444444,9.611111111111));
#10166 = VECTOR('',#10167,1.);
#10167 = DIRECTION('',(1.,0.,0.));
#10168 = ORIENTED_EDGE('',*,*,#10169,.T.);
#10169 = EDGE_CURVE('',#10162,#10114,#10170,.T.);
#10170 = LINE('',#10171,#10172);
#10171 = CARTESIAN_POINT('',(123.5,27.194444444444,9.611111111111));
#10172 = VECTOR('',#10173,1.);
#10173 = DIRECTION('',(0.,-0.993307380301,0.115500858175));
#10174 = ORIENTED_EDGE('',*,*,#10113,.F.);
#10175 = ORIENTED_EDGE('',*,*,#8936,.T.);
#10176 = PLANE('',#10177);
#10177 = AXIS2_PLACEMENT_3D('',#10178,#10179,#10180);
#10178 = CARTESIAN_POINT('',(-3.,27.194444444444,9.611111111111));
#10179 = DIRECTION('',(0.,-0.115500858175,-0.993307380301));
#10180 = DIRECTION('',(0.,-0.993307380301,0.115500858175));
#10181 = ADVANCED_FACE('',(#10182),#10200,.F.);
#10182 = FACE_BOUND('',#10183,.F.);
#10183 = EDGE_LOOP('',(#10184,#10185,#10193,#10199));
#10184 = ORIENTED_EDGE('',*,*,#10146,.T.);
#10185 = ORIENTED_EDGE('',*,*,#10186,.T.);
#10186 = EDGE_CURVE('',#10139,#10187,#10189,.T.);
#10187 = VERTEX_POINT('',#10188);
#10188 = CARTESIAN_POINT('',(123.5,35.527777777778,8.194444444444));
#10189 = LINE('',#10190,#10191);
#10190 = CARTESIAN_POINT('',(123.5,37.111111111111,7.861111111111));
#10191 = VECTOR('',#10192,1.);
#10192 = DIRECTION('',(0.,-0.978549784987,0.20601048105));
#10193 = ORIENTED_EDGE('',*,*,#10194,.F.);
#10194 = EDGE_CURVE('',#8961,#10187,#10195,.T.);
#10195 = LINE('',#10196,#10197);
#10196 = CARTESIAN_POINT('',(-3.,35.527777777778,8.194444444444));
#10197 = VECTOR('',#10198,1.);
#10198 = DIRECTION('',(1.,0.,0.));
#10199 = ORIENTED_EDGE('',*,*,#8969,.T.);
#10200 = PLANE('',#10201);
#10201 = AXIS2_PLACEMENT_3D('',#10202,#10203,#10204);
#10202 = CARTESIAN_POINT('',(-3.,37.111111111111,7.861111111111));
#10203 = DIRECTION('',(0.,-0.20601048105,-0.978549784987));
#10204 = DIRECTION('',(0.,-0.978549784987,0.20601048105));
#10205 = ADVANCED_FACE('',(#10206),#10224,.F.);
#10206 = FACE_BOUND('',#10207,.F.);
#10207 = EDGE_LOOP('',(#10208,#10216,#10222,#10223));
#10208 = ORIENTED_EDGE('',*,*,#10209,.T.);
#10209 = EDGE_CURVE('',#8987,#10210,#10212,.T.);
#10210 = VERTEX_POINT('',#10211);
#10211 = CARTESIAN_POINT('',(123.5,28.444444444444,9.444444444444));
#10212 = LINE('',#10213,#10214);
#10213 = CARTESIAN_POINT('',(-3.,28.444444444444,9.444444444444));
#10214 = VECTOR('',#10215,1.);
#10215 = DIRECTION('',(1.,0.,0.));
#10216 = ORIENTED_EDGE('',*,*,#10217,.T.);
#10217 = EDGE_CURVE('',#10210,#10162,#10218,.T.);
#10218 = LINE('',#10219,#10220);
#10219 = CARTESIAN_POINT('',(123.5,28.444444444444,9.444444444444));
#10220 = VECTOR('',#10221,1.);
#10221 = DIRECTION('',(0.,-0.991227900683,0.132163720091));
#10222 = ORIENTED_EDGE('',*,*,#10161,.F.);
#10223 = ORIENTED_EDGE('',*,*,#8986,.T.);
#10224 = PLANE('',#10225);
#10225 = AXIS2_PLACEMENT_3D('',#10226,#10227,#10228);
#10226 = CARTESIAN_POINT('',(-3.,28.444444444444,9.444444444444));
#10227 = DIRECTION('',(0.,-0.132163720091,-0.991227900683));
#10228 = DIRECTION('',(0.,-0.991227900683,0.132163720091));
#10229 = ADVANCED_FACE('',(#10230),#10248,.F.);
#10230 = FACE_BOUND('',#10231,.F.);
#10231 = EDGE_LOOP('',(#10232,#10233,#10241,#10247));
#10232 = ORIENTED_EDGE('',*,*,#10194,.T.);
#10233 = ORIENTED_EDGE('',*,*,#10234,.T.);
#10234 = EDGE_CURVE('',#10187,#10235,#10237,.T.);
#10235 = VERTEX_POINT('',#10236);
#10236 = CARTESIAN_POINT('',(123.5,34.,8.5));
#10237 = LINE('',#10238,#10239);
#10238 = CARTESIAN_POINT('',(123.5,35.527777777778,8.194444444444));
#10239 = VECTOR('',#10240,1.);
#10240 = DIRECTION('',(0.,-0.980580675691,0.196116135138));
#10241 = ORIENTED_EDGE('',*,*,#10242,.F.);
#10242 = EDGE_CURVE('',#9011,#10235,#10243,.T.);
#10243 = LINE('',#10244,#10245);
#10244 = CARTESIAN_POINT('',(-3.,34.,8.5));
#10245 = VECTOR('',#10246,1.);
#10246 = DIRECTION('',(1.,0.,0.));
#10247 = ORIENTED_EDGE('',*,*,#9019,.T.);
#10248 = PLANE('',#10249);
#10249 = AXIS2_PLACEMENT_3D('',#10250,#10251,#10252);
#10250 = CARTESIAN_POINT('',(-3.,35.527777777778,8.194444444444));
#10251 = DIRECTION('',(0.,-0.196116135138,-0.980580675691));
#10252 = DIRECTION('',(0.,-0.980580675691,0.196116135138));
#10253 = ADVANCED_FACE('',(#10254),#10272,.F.);
#10254 = FACE_BOUND('',#10255,.F.);
#10255 = EDGE_LOOP('',(#10256,#10264,#10270,#10271));
#10256 = ORIENTED_EDGE('',*,*,#10257,.T.);
#10257 = EDGE_CURVE('',#9037,#10258,#10260,.T.);
#10258 = VERTEX_POINT('',#10259);
#10259 = CARTESIAN_POINT('',(123.5,29.75,9.25));
#10260 = LINE('',#10261,#10262);
#10261 = CARTESIAN_POINT('',(-3.,29.75,9.25));
#10262 = VECTOR('',#10263,1.);
#10263 = DIRECTION('',(1.,0.,0.));
#10264 = ORIENTED_EDGE('',*,*,#10265,.T.);
#10265 = EDGE_CURVE('',#10258,#10210,#10266,.T.);
#10266 = LINE('',#10267,#10268);
#10267 = CARTESIAN_POINT('',(123.5,29.75,9.25));
#10268 = VECTOR('',#10269,1.);
#10269 = DIRECTION('',(0.,-0.989090177882,0.147311303089));
#10270 = ORIENTED_EDGE('',*,*,#10209,.F.);
#10271 = ORIENTED_EDGE('',*,*,#9036,.T.);
#10272 = PLANE('',#10273);
#10273 = AXIS2_PLACEMENT_3D('',#10274,#10275,#10276);
#10274 = CARTESIAN_POINT('',(-3.,29.75,9.25));
#10275 = DIRECTION('',(0.,-0.147311303089,-0.989090177882));
#10276 = DIRECTION('',(0.,-0.989090177882,0.147311303089));
#10277 = ADVANCED_FACE('',(#10278),#10296,.F.);
#10278 = FACE_BOUND('',#10279,.F.);
#10279 = EDGE_LOOP('',(#10280,#10281,#10289,#10295));
#10280 = ORIENTED_EDGE('',*,*,#10242,.T.);
#10281 = ORIENTED_EDGE('',*,*,#10282,.T.);
#10282 = EDGE_CURVE('',#10235,#10283,#10285,.T.);
#10283 = VERTEX_POINT('',#10284);
#10284 = CARTESIAN_POINT('',(123.5,32.527777777778,8.777777777778));
#10285 = LINE('',#10286,#10287);
#10286 = CARTESIAN_POINT('',(123.5,34.,8.5));
#10287 = VECTOR('',#10288,1.);
#10288 = DIRECTION('',(0.,-0.982661653748,0.185407859198));
#10289 = ORIENTED_EDGE('',*,*,#10290,.F.);
#10290 = EDGE_CURVE('',#9061,#10283,#10291,.T.);
#10291 = LINE('',#10292,#10293);
#10292 = CARTESIAN_POINT('',(-3.,32.527777777778,8.777777777778));
#10293 = VECTOR('',#10294,1.);
#10294 = DIRECTION('',(1.,0.,0.));
#10295 = ORIENTED_EDGE('',*,*,#9069,.T.);
#10296 = PLANE('',#10297);
#10297 = AXIS2_PLACEMENT_3D('',#10298,#10299,#10300);
#10298 = CARTESIAN_POINT('',(-3.,34.,8.5));
#10299 = DIRECTION('',(0.,-0.185407859198,-0.982661653748));
#10300 = DIRECTION('',(0.,-0.982661653748,0.185407859198));
#10301 = ADVANCED_FACE('',(#10302),#10320,.F.);
#10302 = FACE_BOUND('',#10303,.F.);
#10303 = EDGE_LOOP('',(#10304,#10312,#10318,#10319));
#10304 = ORIENTED_EDGE('',*,*,#10305,.T.);
#10305 = EDGE_CURVE('',#9087,#10306,#10308,.T.);
#10306 = VERTEX_POINT('',#10307);
#10307 = CARTESIAN_POINT('',(123.5,31.111111111111,9.027777777778));
#10308 = LINE('',#10309,#10310);
#10309 = CARTESIAN_POINT('',(-3.,31.111111111111,9.027777777778));
#10310 = VECTOR('',#10311,1.);
#10311 = DIRECTION('',(1.,0.,0.));
#10312 = ORIENTED_EDGE('',*,*,#10313,.T.);
#10313 = EDGE_CURVE('',#10306,#10258,#10314,.T.);
#10314 = LINE('',#10315,#10316);
#10315 = CARTESIAN_POINT('',(123.5,31.111111111111,9.027777777778));
#10316 = VECTOR('',#10317,1.);
#10317 = DIRECTION('',(0.,-0.986932880776,0.161131898902));
#10318 = ORIENTED_EDGE('',*,*,#10257,.F.);
#10319 = ORIENTED_EDGE('',*,*,#9086,.T.);
#10320 = PLANE('',#10321);
#10321 = AXIS2_PLACEMENT_3D('',#10322,#10323,#10324);
#10322 = CARTESIAN_POINT('',(-3.,31.111111111111,9.027777777778));
#10323 = DIRECTION('',(0.,-0.161131898902,-0.986932880776));
#10324 = DIRECTION('',(0.,-0.986932880776,0.161131898902));
#10325 = ADVANCED_FACE('',(#10326),#10337,.F.);
#10326 = FACE_BOUND('',#10327,.F.);
#10327 = EDGE_LOOP('',(#10328,#10329,#10335,#10336));
#10328 = ORIENTED_EDGE('',*,*,#10290,.T.);
#10329 = ORIENTED_EDGE('',*,*,#10330,.T.);
#10330 = EDGE_CURVE('',#10283,#10306,#10331,.T.);
#10331 = LINE('',#10332,#10333);
#10332 = CARTESIAN_POINT('',(123.5,32.527777777778,8.777777777778));
#10333 = VECTOR('',#10334,1.);
#10334 = DIRECTION('',(0.,-0.984783558818,0.173785333909));
#10335 = ORIENTED_EDGE('',*,*,#10305,.F.);
#10336 = ORIENTED_EDGE('',*,*,#9111,.T.);
#10337 = PLANE('',#10338);
#10338 = AXIS2_PLACEMENT_3D('',#10339,#10340,#10341);
#10339 = CARTESIAN_POINT('',(-3.,32.527777777778,8.777777777778));
#10340 = DIRECTION('',(0.,-0.173785333909,-0.984783558818));
#10341 = DIRECTION('',(0.,-0.984783558818,0.173785333909));
#10342 = ADVANCED_FACE('',(#10343),#10417,.T.);
#10343 = FACE_BOUND('',#10344,.F.);
#10344 = EDGE_LOOP('',(#10345,#10346,#10347,#10348,#10363,#10378,#10393,
    #10408));
#10345 = ORIENTED_EDGE('',*,*,#9640,.F.);
#10346 = ORIENTED_EDGE('',*,*,#9429,.T.);
#10347 = ORIENTED_EDGE('',*,*,#9188,.T.);
#10348 = ORIENTED_EDGE('',*,*,#10349,.F.);
#10349 = EDGE_CURVE('',#10350,#9189,#10352,.T.);
#10350 = VERTEX_POINT('',#10351);
#10351 = CARTESIAN_POINT('',(125.36722820351,47.62413287013,
    3.335486134393));
#10352 = ( BOUNDED_CURVE() B_SPLINE_CURVE(9,(#10353,#10354,#10355,#10356
    ,#10357,#10358,#10359,#10360,#10361,#10362),.UNSPECIFIED.,.F.,.F.) 
B_SPLINE_CURVE_WITH_KNOTS((10,10),(194.45024132803,196.10107971095),
.PIECEWISE_BEZIER_KNOTS.) CURVE() GEOMETRIC_REPRESENTATION_ITEM() 
RATIONAL_B_SPLINE_CURVE((1.,1.,1.,1.,1.,1.,1.,1.,1.,1.)) 
REPRESENTATION_ITEM('') );
#10353 = CARTESIAN_POINT('',(125.36714879035,47.624615261812,
    3.335384086366));
#10354 = CARTESIAN_POINT('',(125.39657664433,47.445884321264,
    3.372721195107));
#10355 = CARTESIAN_POINT('',(125.42215499225,47.268146377561,
    3.409871774189));
#10356 = CARTESIAN_POINT('',(125.44430812255,47.08666144477,
    3.447752896851));
#10357 = CARTESIAN_POINT('',(125.461069886,46.922915947201,
    3.482180834979));
#10358 = CARTESIAN_POINT('',(125.47824601467,46.727707512315,
    3.522655260074));
#10359 = CARTESIAN_POINT('',(125.48842809735,46.549143685659,
    3.560038864719));
#10360 = CARTESIAN_POINT('',(125.49628749781,46.365576890142,
    3.598313634169));
#10361 = CARTESIAN_POINT('',(125.5,46.182956015432,3.636430842846));
#10362 = CARTESIAN_POINT('',(125.5,46.,3.674612967806));
#10363 = ORIENTED_EDGE('',*,*,#10364,.F.);
#10364 = EDGE_CURVE('',#10365,#10350,#10367,.T.);
#10365 = VERTEX_POINT('',#10366);
#10366 = CARTESIAN_POINT('',(124.61236783155,50.118829020795,
    2.80113805159));
#10367 = ( BOUNDED_CURVE() B_SPLINE_CURVE(9,(#10368,#10369,#10370,#10371
    ,#10372,#10373,#10374,#10375,#10376,#10377),.UNSPECIFIED.,.F.,.F.) 
B_SPLINE_CURVE_WITH_KNOTS((10,10),(191.81382508306,194.45073671609),
.PIECEWISE_BEZIER_KNOTS.) CURVE() GEOMETRIC_REPRESENTATION_ITEM() 
RATIONAL_B_SPLINE_CURVE((1.,1.,1.,1.,1.,1.,1.,1.,1.,1.)) 
REPRESENTATION_ITEM('') );
#10368 = CARTESIAN_POINT('',(124.61111586847,50.121597703704,
    2.800538403904));
#10369 = CARTESIAN_POINT('',(124.732100215,49.854152290844,
    2.857787417161));
#10370 = CARTESIAN_POINT('',(124.8436804104,49.584000424808,
    2.915655662843));
#10371 = CARTESIAN_POINT('',(124.9470488887,49.308801411726,
    2.974519723646));
#10372 = CARTESIAN_POINT('',(125.03717989882,49.038712795721,
    3.03267179319));
#10373 = CARTESIAN_POINT('',(125.12087090039,48.767215649247,
    3.091012306057));
#10374 = CARTESIAN_POINT('',(125.1977883805,48.479201201717,
    3.152395595574));
#10375 = CARTESIAN_POINT('',(125.26354994327,48.195900108348,
    3.213079177666));
#10376 = CARTESIAN_POINT('',(125.3202982706,47.909250157094,
    3.274415170681));
#10377 = CARTESIAN_POINT('',(125.36722820351,47.62413287013,
    3.335486134393));
#10378 = ORIENTED_EDGE('',*,*,#10379,.F.);
#10379 = EDGE_CURVE('',#10380,#10365,#10382,.T.);
#10380 = VERTEX_POINT('',#10381);
#10381 = CARTESIAN_POINT('',(122.98262475914,52.634027940386,
    2.249702431787));
#10382 = ( BOUNDED_CURVE() B_SPLINE_CURVE(5,(#10383,#10384,#10385,#10386
    ,#10387,#10388,#10389,#10390,#10391,#10392),.UNSPECIFIED.,.F.,.F.) 
B_SPLINE_CURVE_WITH_KNOTS((6,4,6),(188.82503912844,190.3552564317,
191.81685967719),.UNSPECIFIED.) CURVE() GEOMETRIC_REPRESENTATION_ITEM() 
RATIONAL_B_SPLINE_CURVE((1.,1.,1.,1.,1.,1.,1.,1.,1.,1.)) 
REPRESENTATION_ITEM('') );
#10383 = CARTESIAN_POINT('',(122.97707078074,52.640287082627,
    2.248315732962));
#10384 = CARTESIAN_POINT('',(123.18444015704,52.406785807,2.299477916152
    ));
#10385 = CARTESIAN_POINT('',(123.3823028712,52.165599425307,
    2.352313966002));
#10386 = CARTESIAN_POINT('',(123.57007953486,51.917711113771,
    2.406635418939));
#10387 = CARTESIAN_POINT('',(123.74762426336,51.66304892316,
    2.462422682806));
#10388 = CARTESIAN_POINT('',(124.07069045101,51.160281341333,
    2.572952883146));
#10389 = CARTESIAN_POINT('',(124.22088278065,50.906803904044,
    2.628500303126));
#10390 = CARTESIAN_POINT('',(124.36119450939,50.648500749711,
    2.685100436202));
#10391 = CARTESIAN_POINT('',(124.49187406868,50.385405633489,
    2.742727770285));
#10392 = CARTESIAN_POINT('',(124.61236783155,50.118829020795,
    2.80113805159));
#10393 = ORIENTED_EDGE('',*,*,#10394,.F.);
#10394 = EDGE_CURVE('',#10395,#10380,#10397,.T.);
#10395 = VERTEX_POINT('',#10396);
#10396 = CARTESIAN_POINT('',(119.50030507528,55.165018238099,
    1.682431117175));
#10397 = ( BOUNDED_CURVE() B_SPLINE_CURVE(5,(#10398,#10399,#10400,#10401
    ,#10402,#10403,#10404,#10405,#10406,#10407),.UNSPECIFIED.,.F.,.F.) 
B_SPLINE_CURVE_WITH_KNOTS((6,4,6),(184.59056794707,187.41743468512,
188.83324283701),.UNSPECIFIED.) CURVE() GEOMETRIC_REPRESENTATION_ITEM() 
RATIONAL_B_SPLINE_CURVE((1.,1.,1.,1.,1.,1.,1.,1.,1.,1.)) 
REPRESENTATION_ITEM('') );
#10398 = CARTESIAN_POINT('',(119.47616580167,55.175516634916,
    1.680053902145));
#10399 = CARTESIAN_POINT('',(120.01359817238,54.942622913705,
    1.732241893618));
#10400 = CARTESIAN_POINT('',(120.53386610735,54.670410244726,
    1.793235924472));
#10401 = CARTESIAN_POINT('',(121.03243204029,54.361004251945,
    1.862567028728));
#10402 = CARTESIAN_POINT('',(121.50525485838,54.016977579203,
    1.939630102821));
#10403 = CARTESIAN_POINT('',(122.1692656471,53.456871412201,
    2.065298084961));
#10404 = CARTESIAN_POINT('',(122.38393412538,53.262060702954,
    2.108990700339));
#10405 = CARTESIAN_POINT('',(122.59134918589,53.059635042017,
    2.154362822666));
#10406 = CARTESIAN_POINT('',(122.79108453265,52.850069183198,
    2.201310443261));
#10407 = CARTESIAN_POINT('',(122.98262475914,52.634027940386,
    2.249702431787));
#10408 = ORIENTED_EDGE('',*,*,#10409,.F.);
#10409 = EDGE_CURVE('',#9641,#10395,#10410,.T.);
#10410 = ( BOUNDED_CURVE() B_SPLINE_CURVE(5,(#10411,#10412,#10413,#10414
,#10415,#10416),.UNSPECIFIED.,.F.,.F.) B_SPLINE_CURVE_WITH_KNOTS((6,6),(
180.62805391144,184.61597937811),.PIECEWISE_BEZIER_KNOTS.) CURVE() 
GEOMETRIC_REPRESENTATION_ITEM() RATIONAL_B_SPLINE_CURVE((1.,1.,1.,1.,1.,
1.)) REPRESENTATION_ITEM('') );
#10411 = CARTESIAN_POINT('',(115.5,56.,1.491397174491));
#10412 = CARTESIAN_POINT('',(116.31648238454,56.,1.491397174491));
#10413 = CARTESIAN_POINT('',(117.13787884276,55.916683595027,
    1.510448326067));
#10414 = CARTESIAN_POINT('',(117.95153013006,55.747953622263,
    1.549049313312));
#10415 = CARTESIAN_POINT('',(118.74316316165,55.495492063804,
    1.606820244937));
#10416 = CARTESIAN_POINT('',(119.50030507528,55.165018238099,
    1.682431117175));
#10417 = CYLINDRICAL_SURFACE('',#10418,10.);
#10418 = AXIS2_PLACEMENT_3D('',#10419,#10420,#10421);
#10419 = CARTESIAN_POINT('',(115.5,46.,-5.));
#10420 = DIRECTION('',(0.,1.110223024625E-16,-1.));
#10421 = DIRECTION('',(1.,0.,0.));
#10422 = ADVANCED_FACE('',(#10423),#10435,.T.);
#10423 = FACE_BOUND('',#10424,.T.);
#10424 = EDGE_LOOP('',(#10425,#10432,#10433,#10434));
#10425 = ORIENTED_EDGE('',*,*,#10426,.T.);
#10426 = EDGE_CURVE('',#9341,#9562,#10427,.T.);
#10427 = CIRCLE('',#10428,2.);
#10428 = AXIS2_PLACEMENT_3D('',#10429,#10430,#10431);
#10429 = CARTESIAN_POINT('',(123.5,20.861111111111,8.027777777778));
#10430 = DIRECTION('',(0.,-1.,1.9378438248E-15));
#10431 = DIRECTION('',(1.,0.,0.));
#10432 = ORIENTED_EDGE('',*,*,#9569,.T.);
#10433 = ORIENTED_EDGE('',*,*,#9543,.F.);
#10434 = ORIENTED_EDGE('',*,*,#9348,.F.);
#10435 = CYLINDRICAL_SURFACE('',#10436,2.);
#10436 = AXIS2_PLACEMENT_3D('',#10437,#10438,#10439);
#10437 = CARTESIAN_POINT('',(123.5,20.925593699133,8.028817549098));
#10438 = DIRECTION('',(0.,-0.99948011434,-3.224129401096E-02));
#10439 = DIRECTION('',(1.,0.,0.));
#10440 = ADVANCED_FACE('',(#10441),#10458,.T.);
#10441 = FACE_BOUND('',#10442,.T.);
#10442 = EDGE_LOOP('',(#10443,#10449,#10450,#10457));
#10443 = ORIENTED_EDGE('',*,*,#10444,.T.);
#10444 = EDGE_CURVE('',#9189,#9893,#10445,.T.);
#10445 = ( BOUNDED_CURVE() B_SPLINE_CURVE(2,(#10446,#10447,#10448),
.UNSPECIFIED.,.F.,.F.) B_SPLINE_CURVE_WITH_KNOTS((3,3),(0.,
1.650838382925),.PIECEWISE_BEZIER_KNOTS.) CURVE() 
GEOMETRIC_REPRESENTATION_ITEM() RATIONAL_B_SPLINE_CURVE((1.,
0.707106781187,1.)) REPRESENTATION_ITEM('') );
#10446 = CARTESIAN_POINT('',(125.5,46.,3.674612967806));
#10447 = CARTESIAN_POINT('',(125.5,46.504843794294,5.6098475126));
#10448 = CARTESIAN_POINT('',(123.5,46.504843794294,5.6098475126));
#10449 = ORIENTED_EDGE('',*,*,#9907,.T.);
#10450 = ORIENTED_EDGE('',*,*,#10451,.F.);
#10451 = EDGE_CURVE('',#9197,#9875,#10452,.T.);
#10452 = CIRCLE('',#10453,2.);
#10453 = AXIS2_PLACEMENT_3D('',#10454,#10455,#10456);
#10454 = CARTESIAN_POINT('',(123.5,45.356267316817,3.842543232984));
#10455 = DIRECTION('',(0.,-0.967617272397,0.252421897147));
#10456 = DIRECTION('',(1.,0.,0.));
#10457 = ORIENTED_EDGE('',*,*,#9196,.F.);
#10458 = CYLINDRICAL_SURFACE('',#10459,2.);
#10459 = AXIS2_PLACEMENT_3D('',#10460,#10461,#10462);
#10460 = CARTESIAN_POINT('',(123.5,45.495156205706,3.806311348926));
#10461 = DIRECTION('',(0.,-0.967617272397,0.252421897147));
#10462 = DIRECTION('',(1.,0.,0.));
#10463 = ADVANCED_FACE('',(#10464),#10476,.T.);
#10464 = FACE_BOUND('',#10465,.T.);
#10465 = EDGE_LOOP('',(#10466,#10473,#10474,#10475));
#10466 = ORIENTED_EDGE('',*,*,#10467,.T.);
#10467 = EDGE_CURVE('',#9333,#9922,#10468,.T.);
#10468 = CIRCLE('',#10469,2.);
#10469 = AXIS2_PLACEMENT_3D('',#10470,#10471,#10472);
#10470 = CARTESIAN_POINT('',(123.5,21.72065822998,8.028593604856));
#10471 = DIRECTION('',(0.,-0.999592086461,2.855977389888E-02));
#10472 = DIRECTION('',(1.,0.,0.));
#10473 = ORIENTED_EDGE('',*,*,#9929,.T.);
#10474 = ORIENTED_EDGE('',*,*,#10426,.F.);
#10475 = ORIENTED_EDGE('',*,*,#9340,.F.);
#10476 = CYLINDRICAL_SURFACE('',#10477,2.);
#10477 = AXIS2_PLACEMENT_3D('',#10478,#10479,#10480);
#10478 = CARTESIAN_POINT('',(123.5,21.777777777778,8.027777777778));
#10479 = DIRECTION('',(0.,-1.,1.9378438248E-15));
#10480 = DIRECTION('',(1.,0.,0.));
#10481 = ADVANCED_FACE('',(#10482),#10494,.T.);
#10482 = FACE_BOUND('',#10483,.T.);
#10483 = EDGE_LOOP('',(#10484,#10485,#10486,#10493));
#10484 = ORIENTED_EDGE('',*,*,#10451,.T.);
#10485 = ORIENTED_EDGE('',*,*,#9946,.T.);
#10486 = ORIENTED_EDGE('',*,*,#10487,.F.);
#10487 = EDGE_CURVE('',#9205,#9947,#10488,.T.);
#10488 = CIRCLE('',#10489,2.);
#10489 = AXIS2_PLACEMENT_3D('',#10490,#10491,#10492);
#10490 = CARTESIAN_POINT('',(123.5,43.508123760235,4.311428937399));
#10491 = DIRECTION('',(0.,-0.969285531301,0.245938119882));
#10492 = DIRECTION('',(1.,0.,0.));
#10493 = ORIENTED_EDGE('',*,*,#9204,.F.);
#10494 = CYLINDRICAL_SURFACE('',#10495,2.);
#10495 = AXIS2_PLACEMENT_3D('',#10496,#10497,#10498);
#10496 = CARTESIAN_POINT('',(123.5,45.369234871347,3.839206715176));
#10497 = DIRECTION('',(0.,-0.969285531301,0.245938119882));
#10498 = DIRECTION('',(1.,0.,0.));
#10499 = ADVANCED_FACE('',(#10500),#10512,.T.);
#10500 = FACE_BOUND('',#10501,.T.);
#10501 = EDGE_LOOP('',(#10502,#10509,#10510,#10511));
#10502 = ORIENTED_EDGE('',*,*,#10503,.T.);
#10503 = EDGE_CURVE('',#9325,#9970,#10504,.T.);
#10504 = CIRCLE('',#10505,2.);
#10505 = AXIS2_PLACEMENT_3D('',#10506,#10507,#10508);
#10506 = CARTESIAN_POINT('',(123.5,22.64204948397,8.002915453445));
#10507 = DIRECTION('',(0.,-0.998542273278,5.3975258015E-02));
#10508 = DIRECTION('',(1.,0.,0.));
#10509 = ORIENTED_EDGE('',*,*,#9977,.T.);
#10510 = ORIENTED_EDGE('',*,*,#10467,.F.);
#10511 = ORIENTED_EDGE('',*,*,#9332,.F.);
#10512 = CYLINDRICAL_SURFACE('',#10513,2.);
#10513 = AXIS2_PLACEMENT_3D('',#10514,#10515,#10516);
#10514 = CARTESIAN_POINT('',(123.5,22.692880452202,8.000815827079));
#10515 = DIRECTION('',(0.,-0.999592086461,2.855977389888E-02));
#10516 = DIRECTION('',(1.,0.,0.));
#10517 = ADVANCED_FACE('',(#10518),#10530,.T.);
#10518 = FACE_BOUND('',#10519,.T.);
#10519 = EDGE_LOOP('',(#10520,#10521,#10522,#10529));
#10520 = ORIENTED_EDGE('',*,*,#10487,.T.);
#10521 = ORIENTED_EDGE('',*,*,#9994,.T.);
#10522 = ORIENTED_EDGE('',*,*,#10523,.F.);
#10523 = EDGE_CURVE('',#9213,#9995,#10524,.T.);
#10524 = CIRCLE('',#10525,2.);
#10525 = AXIS2_PLACEMENT_3D('',#10526,#10527,#10528);
#10526 = CARTESIAN_POINT('',(123.5,41.7164063502,4.752414686575));
#10527 = DIRECTION('',(0.,-0.971014878935,0.239019047122));
#10528 = DIRECTION('',(1.,0.,0.));
#10529 = ORIENTED_EDGE('',*,*,#9212,.F.);
#10530 = CYLINDRICAL_SURFACE('',#10531,2.);
#10531 = AXIS2_PLACEMENT_3D('',#10532,#10533,#10534);
#10532 = CARTESIAN_POINT('',(123.5,43.521961905755,4.30797024213));
#10533 = DIRECTION('',(0.,-0.971014878935,0.239019047122));
#10534 = DIRECTION('',(1.,0.,0.));
#10535 = ADVANCED_FACE('',(#10536),#10548,.T.);
#10536 = FACE_BOUND('',#10537,.T.);
#10537 = EDGE_LOOP('',(#10538,#10545,#10546,#10547));
#10538 = ORIENTED_EDGE('',*,*,#10539,.T.);
#10539 = EDGE_CURVE('',#9317,#10018,#10540,.T.);
#10540 = CIRCLE('',#10541,2.);
#10541 = AXIS2_PLACEMENT_3D('',#10542,#10543,#10544);
#10542 = CARTESIAN_POINT('',(123.5,23.624384780008,7.950335473441));
#10543 = DIRECTION('',(0.,-0.997054485502,7.669649888474E-02));
#10544 = DIRECTION('',(1.,0.,0.));
#10545 = ORIENTED_EDGE('',*,*,#10025,.T.);
#10546 = ORIENTED_EDGE('',*,*,#10503,.F.);
#10547 = ORIENTED_EDGE('',*,*,#9324,.F.);
#10548 = CYLINDRICAL_SURFACE('',#10549,2.);
#10549 = AXIS2_PLACEMENT_3D('',#10550,#10551,#10552);
#10550 = CARTESIAN_POINT('',(123.5,23.669827261748,7.947359897889));
#10551 = DIRECTION('',(0.,-0.998542273278,5.3975258015E-02));
#10552 = DIRECTION('',(1.,0.,0.));
#10553 = ADVANCED_FACE('',(#10554),#10566,.T.);
#10554 = FACE_BOUND('',#10555,.T.);
#10555 = EDGE_LOOP('',(#10556,#10557,#10558,#10565));
#10556 = ORIENTED_EDGE('',*,*,#10523,.T.);
#10557 = ORIENTED_EDGE('',*,*,#10042,.T.);
#10558 = ORIENTED_EDGE('',*,*,#10559,.F.);
#10559 = EDGE_CURVE('',#9221,#10043,#10560,.T.);
#10560 = CIRCLE('',#10561,2.);
#10561 = AXIS2_PLACEMENT_3D('',#10562,#10563,#10564);
#10562 = CARTESIAN_POINT('',(123.5,39.981203389832,5.16549868174));
#10563 = DIRECTION('',(0.,-0.972806214685,0.231620527306));
#10564 = DIRECTION('',(1.,0.,0.));
#10565 = ORIENTED_EDGE('',*,*,#9220,.F.);
#10566 = CYLINDRICAL_SURFACE('',#10567,2.);
#10567 = AXIS2_PLACEMENT_3D('',#10568,#10569,#10570);
#10568 = CARTESIAN_POINT('',(123.5,41.731203389832,4.748832015074));
#10569 = DIRECTION('',(0.,-0.972806214685,0.231620527306));
#10570 = DIRECTION('',(1.,0.,0.));
#10571 = ADVANCED_FACE('',(#10572),#10584,.T.);
#10572 = FACE_BOUND('',#10573,.T.);
#10573 = EDGE_LOOP('',(#10574,#10581,#10582,#10583));
#10574 = ORIENTED_EDGE('',*,*,#10575,.T.);
#10575 = EDGE_CURVE('',#9309,#10066,#10576,.T.);
#10576 = CIRCLE('',#10577,2.);
#10577 = AXIS2_PLACEMENT_3D('',#10578,#10579,#10580);
#10578 = CARTESIAN_POINT('',(123.5,24.66691118254,7.87056184326));
#10579 = DIRECTION('',(0.,-0.995274633926,9.709996428543E-02));
#10580 = DIRECTION('',(1.,0.,0.));
#10581 = ORIENTED_EDGE('',*,*,#10073,.T.);
#10582 = ORIENTED_EDGE('',*,*,#10539,.F.);
#10583 = ORIENTED_EDGE('',*,*,#9316,.F.);
#10584 = CYLINDRICAL_SURFACE('',#10585,2.);
#10585 = AXIS2_PLACEMENT_3D('',#10586,#10587,#10588);
#10586 = CARTESIAN_POINT('',(123.5,24.707718113342,7.867002140108));
#10587 = DIRECTION('',(0.,-0.997054485502,7.669649888474E-02));
#10588 = DIRECTION('',(1.,0.,0.));
#10589 = ADVANCED_FACE('',(#10590),#10602,.T.);
#10590 = FACE_BOUND('',#10591,.T.);
#10591 = EDGE_LOOP('',(#10592,#10593,#10594,#10601));
#10592 = ORIENTED_EDGE('',*,*,#10559,.T.);
#10593 = ORIENTED_EDGE('',*,*,#10090,.T.);
#10594 = ORIENTED_EDGE('',*,*,#10595,.F.);
#10595 = EDGE_CURVE('',#9229,#10091,#10596,.T.);
#10596 = CIRCLE('',#10597,2.);
#10597 = AXIS2_PLACEMENT_3D('',#10598,#10599,#10600);
#10598 = CARTESIAN_POINT('',(123.5,38.302615178562,5.550680420878));
#10599 = DIRECTION('',(0.,-0.974659789561,0.223692410719));
#10600 = DIRECTION('',(1.,0.,0.));
#10601 = ORIENTED_EDGE('',*,*,#9228,.F.);
#10602 = CYLINDRICAL_SURFACE('',#10603,2.);
#10603 = AXIS2_PLACEMENT_3D('',#10604,#10605,#10606);
#10604 = CARTESIAN_POINT('',(123.5,39.997059623007,5.161791531989));
#10605 = DIRECTION('',(0.,-0.974659789561,0.223692410719));
#10606 = DIRECTION('',(1.,0.,0.));
#10607 = ADVANCED_FACE('',(#10608),#10620,.T.);
#10608 = FACE_BOUND('',#10609,.T.);
#10609 = EDGE_LOOP('',(#10610,#10617,#10618,#10619));
#10610 = ORIENTED_EDGE('',*,*,#10611,.T.);
#10611 = EDGE_CURVE('',#9301,#10114,#10612,.T.);
#10612 = CIRCLE('',#10613,2.);
#10613 = AXIS2_PLACEMENT_3D('',#10614,#10615,#10616);
#10614 = CARTESIAN_POINT('',(123.5,25.768998283651,7.763385239397));
#10615 = DIRECTION('',(0.,-0.993307380301,0.115500858175));
#10616 = DIRECTION('',(1.,0.,0.));
#10617 = ORIENTED_EDGE('',*,*,#10121,.T.);
#10618 = ORIENTED_EDGE('',*,*,#10575,.F.);
#10619 = ORIENTED_EDGE('',*,*,#9308,.F.);
#10620 = CYLINDRICAL_SURFACE('',#10621,2.);
#10621 = AXIS2_PLACEMENT_3D('',#10622,#10623,#10624);
#10622 = CARTESIAN_POINT('',(123.5,25.805800071429,7.759450732149));
#10623 = DIRECTION('',(0.,-0.995274633926,9.709996428543E-02));
#10624 = DIRECTION('',(1.,0.,0.));
#10625 = ADVANCED_FACE('',(#10626),#10638,.T.);
#10626 = FACE_BOUND('',#10627,.T.);
#10627 = EDGE_LOOP('',(#10628,#10629,#10630,#10637));
#10628 = ORIENTED_EDGE('',*,*,#10595,.T.);
#10629 = ORIENTED_EDGE('',*,*,#10138,.T.);
#10630 = ORIENTED_EDGE('',*,*,#10631,.F.);
#10631 = EDGE_CURVE('',#9237,#10139,#10632,.T.);
#10632 = CIRCLE('',#10633,2.);
#10633 = AXIS2_PLACEMENT_3D('',#10634,#10635,#10636);
#10634 = CARTESIAN_POINT('',(123.5,36.680756049038,5.90796121401));
#10635 = DIRECTION('',(0.,-0.976574948551,0.215177531037));
#10636 = DIRECTION('',(1.,0.,0.));
#10637 = ORIENTED_EDGE('',*,*,#9236,.F.);
#10638 = CYLINDRICAL_SURFACE('',#10639,2.);
#10639 = AXIS2_PLACEMENT_3D('',#10640,#10641,#10642);
#10640 = CARTESIAN_POINT('',(123.5,38.319644937927,5.546850102898));
#10641 = DIRECTION('',(0.,-0.976574948551,0.215177531037));
#10642 = DIRECTION('',(1.,0.,0.));
#10643 = ADVANCED_FACE('',(#10644),#10656,.T.);
#10644 = FACE_BOUND('',#10645,.T.);
#10645 = EDGE_LOOP('',(#10646,#10653,#10654,#10655));
#10646 = ORIENTED_EDGE('',*,*,#10647,.T.);
#10647 = EDGE_CURVE('',#9293,#10162,#10648,.T.);
#10648 = CIRCLE('',#10649,2.);
#10649 = AXIS2_PLACEMENT_3D('',#10650,#10651,#10652);
#10650 = CARTESIAN_POINT('',(123.5,26.930117004262,7.628655309746));
#10651 = DIRECTION('',(0.,-0.991227900683,0.132163720091));
#10652 = DIRECTION('',(1.,0.,0.));
#10653 = ORIENTED_EDGE('',*,*,#10169,.T.);
#10654 = ORIENTED_EDGE('',*,*,#10611,.F.);
#10655 = ORIENTED_EDGE('',*,*,#9300,.F.);
#10656 = CYLINDRICAL_SURFACE('',#10657,2.);
#10657 = AXIS2_PLACEMENT_3D('',#10658,#10659,#10660);
#10658 = CARTESIAN_POINT('',(123.5,26.963442728095,7.624496350509));
#10659 = DIRECTION('',(0.,-0.993307380301,0.115500858175));
#10660 = DIRECTION('',(1.,0.,0.));
#10661 = ADVANCED_FACE('',(#10662),#10674,.T.);
#10662 = FACE_BOUND('',#10663,.T.);
#10663 = EDGE_LOOP('',(#10664,#10665,#10666,#10673));
#10664 = ORIENTED_EDGE('',*,*,#10631,.T.);
#10665 = ORIENTED_EDGE('',*,*,#10186,.T.);
#10666 = ORIENTED_EDGE('',*,*,#10667,.F.);
#10667 = EDGE_CURVE('',#9245,#10187,#10668,.T.);
#10668 = CIRCLE('',#10669,2.);
#10669 = AXIS2_PLACEMENT_3D('',#10670,#10671,#10672);
#10670 = CARTESIAN_POINT('',(123.5,35.115756815678,6.237344874471));
#10671 = DIRECTION('',(0.,-0.978549784987,0.20601048105));
#10672 = DIRECTION('',(1.,0.,0.));
#10673 = ORIENTED_EDGE('',*,*,#9244,.F.);
#10674 = CYLINDRICAL_SURFACE('',#10675,2.);
#10675 = AXIS2_PLACEMENT_3D('',#10676,#10677,#10678);
#10676 = CARTESIAN_POINT('',(123.5,36.699090149011,5.904011541138));
#10677 = DIRECTION('',(0.,-0.978549784987,0.20601048105));
#10678 = DIRECTION('',(1.,0.,0.));
#10679 = ADVANCED_FACE('',(#10680),#10692,.T.);
#10680 = FACE_BOUND('',#10681,.T.);
#10681 = EDGE_LOOP('',(#10682,#10689,#10690,#10691));
#10682 = ORIENTED_EDGE('',*,*,#10683,.T.);
#10683 = EDGE_CURVE('',#9285,#10210,#10684,.T.);
#10684 = CIRCLE('',#10685,2.);
#10685 = AXIS2_PLACEMENT_3D('',#10686,#10687,#10688);
#10686 = CARTESIAN_POINT('',(123.5,28.149821838267,7.466264088681));
#10687 = DIRECTION('',(0.,-0.989090177882,0.147311303089));
#10688 = DIRECTION('',(1.,0.,0.));
#10689 = ORIENTED_EDGE('',*,*,#10217,.T.);
#10690 = ORIENTED_EDGE('',*,*,#10647,.F.);
#10691 = ORIENTED_EDGE('',*,*,#9292,.F.);
#10692 = CYLINDRICAL_SURFACE('',#10693,2.);
#10693 = AXIS2_PLACEMENT_3D('',#10694,#10695,#10696);
#10694 = CARTESIAN_POINT('',(123.5,28.180117004262,7.461988643079));
#10695 = DIRECTION('',(0.,-0.991227900683,0.132163720091));
#10696 = DIRECTION('',(1.,0.,0.));
#10697 = ADVANCED_FACE('',(#10698),#10710,.T.);
#10698 = FACE_BOUND('',#10699,.T.);
#10699 = EDGE_LOOP('',(#10700,#10701,#10702,#10709));
#10700 = ORIENTED_EDGE('',*,*,#10667,.T.);
#10701 = ORIENTED_EDGE('',*,*,#10234,.T.);
#10702 = ORIENTED_EDGE('',*,*,#10703,.F.);
#10703 = EDGE_CURVE('',#9253,#10235,#10704,.T.);
#10704 = CIRCLE('',#10705,2.);
#10705 = AXIS2_PLACEMENT_3D('',#10706,#10707,#10708);
#10706 = CARTESIAN_POINT('',(123.5,33.607767729724,6.538838648618));
#10707 = DIRECTION('',(0.,-0.980580675691,0.196116135138));
#10708 = DIRECTION('',(1.,0.,0.));
#10709 = ORIENTED_EDGE('',*,*,#9252,.F.);
#10710 = CYLINDRICAL_SURFACE('',#10711,2.);
#10711 = AXIS2_PLACEMENT_3D('',#10712,#10713,#10714);
#10712 = CARTESIAN_POINT('',(123.5,35.135545507501,6.233283093063));
#10713 = DIRECTION('',(0.,-0.980580675691,0.196116135138));
#10714 = DIRECTION('',(1.,0.,0.));
#10715 = ADVANCED_FACE('',(#10716),#10728,.T.);
#10716 = FACE_BOUND('',#10717,.T.);
#10717 = EDGE_LOOP('',(#10718,#10725,#10726,#10727));
#10718 = ORIENTED_EDGE('',*,*,#10719,.T.);
#10719 = EDGE_CURVE('',#9277,#10258,#10720,.T.);
#10720 = CIRCLE('',#10721,2.);
#10721 = AXIS2_PLACEMENT_3D('',#10722,#10723,#10724);
#10722 = CARTESIAN_POINT('',(123.5,29.427736202196,7.276134238449));
#10723 = DIRECTION('',(0.,-0.986932880776,0.161131898902));
#10724 = DIRECTION('',(1.,0.,0.));
#10725 = ORIENTED_EDGE('',*,*,#10265,.T.);
#10726 = ORIENTED_EDGE('',*,*,#10683,.F.);
#10727 = ORIENTED_EDGE('',*,*,#9284,.F.);
#10728 = CYLINDRICAL_SURFACE('',#10729,2.);
#10729 = AXIS2_PLACEMENT_3D('',#10730,#10731,#10732);
#10730 = CARTESIAN_POINT('',(123.5,29.455377393822,7.271819644236));
#10731 = DIRECTION('',(0.,-0.989090177882,0.147311303089));
#10732 = DIRECTION('',(1.,0.,0.));
#10733 = ADVANCED_FACE('',(#10734),#10746,.T.);
#10734 = FACE_BOUND('',#10735,.T.);
#10735 = EDGE_LOOP('',(#10736,#10737,#10738,#10745));
#10736 = ORIENTED_EDGE('',*,*,#10703,.T.);
#10737 = ORIENTED_EDGE('',*,*,#10282,.T.);
#10738 = ORIENTED_EDGE('',*,*,#10739,.F.);
#10739 = EDGE_CURVE('',#9261,#10283,#10740,.T.);
#10740 = CIRCLE('',#10741,2.);
#10741 = AXIS2_PLACEMENT_3D('',#10742,#10743,#10744);
#10742 = CARTESIAN_POINT('',(123.5,32.156962059382,6.812454470281));
#10743 = DIRECTION('',(0.,-0.982661653748,0.185407859198));
#10744 = DIRECTION('',(1.,0.,0.));
#10745 = ORIENTED_EDGE('',*,*,#9260,.F.);
#10746 = CYLINDRICAL_SURFACE('',#10747,2.);
#10747 = AXIS2_PLACEMENT_3D('',#10748,#10749,#10750);
#10748 = CARTESIAN_POINT('',(123.5,33.629184281604,6.534676692503));
#10749 = DIRECTION('',(0.,-0.982661653748,0.185407859198));
#10750 = DIRECTION('',(1.,0.,0.));
#10751 = ADVANCED_FACE('',(#10752),#10764,.T.);
#10752 = FACE_BOUND('',#10753,.T.);
#10753 = EDGE_LOOP('',(#10754,#10761,#10762,#10763));
#10754 = ORIENTED_EDGE('',*,*,#10755,.T.);
#10755 = EDGE_CURVE('',#9269,#10306,#10756,.T.);
#10756 = CIRCLE('',#10757,2.);
#10757 = AXIS2_PLACEMENT_3D('',#10758,#10759,#10760);
#10758 = CARTESIAN_POINT('',(123.5,30.763540443293,7.058210660142));
#10759 = DIRECTION('',(0.,-0.984783558818,0.173785333909));
#10760 = DIRECTION('',(1.,0.,0.));
#10761 = ORIENTED_EDGE('',*,*,#10313,.T.);
#10762 = ORIENTED_EDGE('',*,*,#10719,.F.);
#10763 = ORIENTED_EDGE('',*,*,#9276,.F.);
#10764 = CYLINDRICAL_SURFACE('',#10765,2.);
#10765 = AXIS2_PLACEMENT_3D('',#10766,#10767,#10768);
#10766 = CARTESIAN_POINT('',(123.5,30.788847313307,7.053912016226));
#10767 = DIRECTION('',(0.,-0.986932880776,0.161131898902));
#10768 = DIRECTION('',(1.,0.,0.));
#10769 = ADVANCED_FACE('',(#10770),#10776,.T.);
#10770 = FACE_BOUND('',#10771,.T.);
#10771 = EDGE_LOOP('',(#10772,#10773,#10774,#10775));
#10772 = ORIENTED_EDGE('',*,*,#10739,.T.);
#10773 = ORIENTED_EDGE('',*,*,#10330,.T.);
#10774 = ORIENTED_EDGE('',*,*,#10755,.F.);
#10775 = ORIENTED_EDGE('',*,*,#9268,.F.);
#10776 = CYLINDRICAL_SURFACE('',#10777,2.);
#10777 = AXIS2_PLACEMENT_3D('',#10778,#10779,#10780);
#10778 = CARTESIAN_POINT('',(123.5,32.18020710996,6.808210660142));
#10779 = DIRECTION('',(0.,-0.984783558818,0.173785333909));
#10780 = DIRECTION('',(1.,0.,0.));
#10781 = ADVANCED_FACE('',(#10782),#10801,.T.);
#10782 = FACE_BOUND('',#10783,.T.);
#10783 = EDGE_LOOP('',(#10784,#10785,#10793,#10800));
#10784 = ORIENTED_EDGE('',*,*,#9738,.T.);
#10785 = ORIENTED_EDGE('',*,*,#10786,.T.);
#10786 = EDGE_CURVE('',#9728,#10787,#10789,.T.);
#10787 = VERTEX_POINT('',#10788);
#10788 = CARTESIAN_POINT('',(115.5,54.549442255795,3.414445069773));
#10789 = LINE('',#10790,#10791);
#10790 = CARTESIAN_POINT('',(7.,54.549442255795,3.414445069773));
#10791 = VECTOR('',#10792,1.);
#10792 = DIRECTION('',(1.,0.,0.));
#10793 = ORIENTED_EDGE('',*,*,#10794,.F.);
#10794 = EDGE_CURVE('',#9641,#10787,#10795,.T.);
#10795 = CIRCLE('',#10796,2.);
#10796 = AXIS2_PLACEMENT_3D('',#10797,#10798,#10799);
#10797 = CARTESIAN_POINT('',(115.5,54.,1.491397174491));
#10798 = DIRECTION('',(1.,0.,0.));
#10799 = DIRECTION('',(0.,1.,0.));
#10800 = ORIENTED_EDGE('',*,*,#9648,.F.);
#10801 = CYLINDRICAL_SURFACE('',#10802,2.);
#10802 = AXIS2_PLACEMENT_3D('',#10803,#10804,#10805);
#10803 = CARTESIAN_POINT('',(7.,54.,1.491397174491));
#10804 = DIRECTION('',(1.,0.,0.));
#10805 = DIRECTION('',(0.,1.,0.));
#10806 = ADVANCED_FACE('',(#10807),#10832,.F.);
#10807 = FACE_BOUND('',#10808,.F.);
#10808 = EDGE_LOOP('',(#10809,#10810,#10811,#10819));
#10809 = ORIENTED_EDGE('',*,*,#9884,.F.);
#10810 = ORIENTED_EDGE('',*,*,#9663,.T.);
#10811 = ORIENTED_EDGE('',*,*,#10812,.T.);
#10812 = EDGE_CURVE('',#9664,#10813,#10815,.T.);
#10813 = VERTEX_POINT('',#10814);
#10814 = CARTESIAN_POINT('',(122.8250636818,49.75,4.75));
#10815 = LINE('',#10816,#10817);
#10816 = CARTESIAN_POINT('',(-3.,49.75,4.75));
#10817 = VECTOR('',#10818,1.);
#10818 = DIRECTION('',(1.,0.,0.));
#10819 = ORIENTED_EDGE('',*,*,#10820,.T.);
#10820 = EDGE_CURVE('',#10813,#9885,#10821,.T.);
#10821 = ( BOUNDED_CURVE() B_SPLINE_CURVE(9,(#10822,#10823,#10824,#10825
    ,#10826,#10827,#10828,#10829,#10830,#10831),.UNSPECIFIED.,.F.,.F.) 
B_SPLINE_CURVE_WITH_KNOTS((10,10),(191.81382508306,194.45073671609),
.PIECEWISE_BEZIER_KNOTS.) CURVE() GEOMETRIC_REPRESENTATION_ITEM() 
RATIONAL_B_SPLINE_CURVE((1.,1.,1.,1.,1.,1.,1.,1.,1.,1.)) 
REPRESENTATION_ITEM('') );
#10822 = CARTESIAN_POINT('',(122.81942471696,49.75,4.75));
#10823 = CARTESIAN_POINT('',(122.91299140357,49.537827177309,
    4.806778642692));
#10824 = CARTESIAN_POINT('',(122.99936836114,49.323282137498,
    4.86419210405));
#10825 = CARTESIAN_POINT('',(123.0782381771,49.106990371401,
    4.922072999202));
#10826 = CARTESIAN_POINT('',(123.15083149749,48.887777388379,
    4.980735628462));
#10827 = CARTESIAN_POINT('',(123.21521309128,48.667986487084,
    5.039552911907));
#10828 = CARTESIAN_POINT('',(123.27216467942,48.447197631223,
    5.098637253617));
#10829 = CARTESIAN_POINT('',(123.32213759539,48.225025764574,
    5.158091696804));
#10830 = CARTESIAN_POINT('',(123.36489221889,48.00188045921,
    5.217806637676));
#10831 = CARTESIAN_POINT('',(123.40054184374,47.777777777778,
    5.277777777778));
#10832 = PLANE('',#10833);
#10833 = AXIS2_PLACEMENT_3D('',#10834,#10835,#10836);
#10834 = CARTESIAN_POINT('',(-3.,49.75,4.75));
#10835 = DIRECTION('',(0.,-0.258509382951,-0.966008746817));
#10836 = DIRECTION('',(0.,-0.966008746817,0.258509382951));
#10837 = ADVANCED_FACE('',(#10838),#10859,.F.);
#10838 = FACE_BOUND('',#10839,.F.);
#10839 = EDGE_LOOP('',(#10840,#10848,#10849,#10850));
#10840 = ORIENTED_EDGE('',*,*,#10841,.F.);
#10841 = EDGE_CURVE('',#9720,#10842,#10844,.T.);
#10842 = VERTEX_POINT('',#10843);
#10843 = CARTESIAN_POINT('',(118.74859745396,53.861111111111,
    3.611111111111));
#10844 = LINE('',#10845,#10846);
#10845 = CARTESIAN_POINT('',(-3.,53.861111111111,3.611111111111));
#10846 = VECTOR('',#10847,1.);
#10847 = DIRECTION('',(1.,0.,0.));
#10848 = ORIENTED_EDGE('',*,*,#9727,.T.);
#10849 = ORIENTED_EDGE('',*,*,#10786,.T.);
#10850 = ORIENTED_EDGE('',*,*,#10851,.T.);
#10851 = EDGE_CURVE('',#10787,#10842,#10852,.T.);
#10852 = ( BOUNDED_CURVE() B_SPLINE_CURVE(5,(#10853,#10854,#10855,#10856
,#10857,#10858),.UNSPECIFIED.,.F.,.F.) B_SPLINE_CURVE_WITH_KNOTS((6,6),(
180.62805391144,184.61597937811),.PIECEWISE_BEZIER_KNOTS.) CURVE() 
GEOMETRIC_REPRESENTATION_ITEM() RATIONAL_B_SPLINE_CURVE((1.,1.,1.,1.,1.,
1.)) REPRESENTATION_ITEM('') );
#10853 = CARTESIAN_POINT('',(115.5,54.549442255795,3.414445069773));
#10854 = CARTESIAN_POINT('',(116.15993361934,54.549442255795,
    3.414445069773));
#10855 = CARTESIAN_POINT('',(116.82692246765,54.481449808856,
    3.433871483184));
#10856 = CARTESIAN_POINT('',(117.48942293675,54.342487702116,
    3.473574942253));
#10857 = CARTESIAN_POINT('',(118.13375241587,54.133863116421,
    3.533181966737));
#10858 = CARTESIAN_POINT('',(118.74859745396,53.861111111111,
    3.611111111111));
#10859 = PLANE('',#10860);
#10860 = AXIS2_PLACEMENT_3D('',#10861,#10862,#10863);
#10861 = CARTESIAN_POINT('',(-3.,56.,3.));
#10862 = DIRECTION('',(0.,-0.274721127897,-0.961523947641));
#10863 = DIRECTION('',(0.,-0.961523947641,0.274721127897));
#10864 = ADVANCED_FACE('',(#10865),#10890,.F.);
#10865 = FACE_BOUND('',#10866,.F.);
#10866 = EDGE_LOOP('',(#10867,#10868,#10869,#10877));
#10867 = ORIENTED_EDGE('',*,*,#10812,.F.);
#10868 = ORIENTED_EDGE('',*,*,#9768,.T.);
#10869 = ORIENTED_EDGE('',*,*,#10870,.T.);
#10870 = EDGE_CURVE('',#9769,#10871,#10873,.T.);
#10871 = VERTEX_POINT('',#10872);
#10872 = CARTESIAN_POINT('',(121.55007533925,51.777777777778,
    4.194444444444));
#10873 = LINE('',#10874,#10875);
#10874 = CARTESIAN_POINT('',(-3.,51.777777777778,4.194444444444));
#10875 = VECTOR('',#10876,1.);
#10876 = DIRECTION('',(1.,0.,0.));
#10877 = ORIENTED_EDGE('',*,*,#10878,.T.);
#10878 = EDGE_CURVE('',#10871,#10813,#10879,.T.);
#10879 = ( BOUNDED_CURVE() B_SPLINE_CURVE(5,(#10880,#10881,#10882,#10883
    ,#10884,#10885,#10886,#10887,#10888,#10889),.UNSPECIFIED.,.F.,.F.) 
B_SPLINE_CURVE_WITH_KNOTS((6,4,6),(188.82503912844,190.3552564317,
191.81685967719),.UNSPECIFIED.) CURVE() GEOMETRIC_REPRESENTATION_ITEM() 
RATIONAL_B_SPLINE_CURVE((1.,1.,1.,1.,1.,1.,1.,1.,1.,1.)) 
REPRESENTATION_ITEM('') );
#10880 = CARTESIAN_POINT('',(121.5400825438,51.777777777778,
    4.194444444444));
#10881 = CARTESIAN_POINT('',(121.70457199646,51.588582246732,
    4.246278836512));
#10882 = CARTESIAN_POINT('',(121.86093567369,51.393723930728,
    4.299664676513));
#10883 = CARTESIAN_POINT('',(122.00897489932,51.193687960942,
    4.354469051797));
#10884 = CARTESIAN_POINT('',(122.14847543431,50.989076148429,
    4.410527082622));
#10885 = CARTESIAN_POINT('',(122.40514758686,50.580289693991,
    4.522523371509));
#10886 = CARTESIAN_POINT('',(122.52214486284,50.37722048176,
    4.578158772121));
#10887 = CARTESIAN_POINT('',(122.63118354117,50.170868881872,
    4.634693457021));
#10888 = CARTESIAN_POINT('',(122.73212596493,49.961697680036,
    4.692000635607));
#10889 = CARTESIAN_POINT('',(122.8250636818,49.75,4.75));
#10890 = PLANE('',#10891);
#10891 = AXIS2_PLACEMENT_3D('',#10892,#10893,#10894);
#10892 = CARTESIAN_POINT('',(-3.,51.777777777778,4.194444444444));
#10893 = DIRECTION('',(0.,-0.264235147079,-0.964458286837));
#10894 = DIRECTION('',(0.,-0.964458286837,0.264235147079));
#10895 = ADVANCED_FACE('',(#10896),#10914,.F.);
#10896 = FACE_BOUND('',#10897,.F.);
#10897 = EDGE_LOOP('',(#10898,#10899,#10900,#10901));
#10898 = ORIENTED_EDGE('',*,*,#10870,.F.);
#10899 = ORIENTED_EDGE('',*,*,#9825,.T.);
#10900 = ORIENTED_EDGE('',*,*,#10841,.T.);
#10901 = ORIENTED_EDGE('',*,*,#10902,.T.);
#10902 = EDGE_CURVE('',#10842,#10871,#10903,.T.);
#10903 = ( BOUNDED_CURVE() B_SPLINE_CURVE(5,(#10904,#10905,#10906,#10907
    ,#10908,#10909,#10910,#10911,#10912,#10913),.UNSPECIFIED.,.F.,.F.) 
B_SPLINE_CURVE_WITH_KNOTS((6,4,6),(184.59056794707,187.41743468512,
188.83324283701),.UNSPECIFIED.) CURVE() GEOMETRIC_REPRESENTATION_ITEM() 
RATIONAL_B_SPLINE_CURVE((1.,1.,1.,1.,1.,1.,1.,1.,1.,1.)) 
REPRESENTATION_ITEM('') );
#10904 = CARTESIAN_POINT('',(118.72522551146,53.861111111111,
    3.611111111111));
#10905 = CARTESIAN_POINT('',(119.16128445524,53.669288091232,
    3.664821556677));
#10906 = CARTESIAN_POINT('',(119.58274299343,53.445200487769,
    3.727566085647));
#10907 = CARTESIAN_POINT('',(119.98556440046,53.190703947881,
    3.798825116815));
#10908 = CARTESIAN_POINT('',(120.3662986925,52.908673939217,
    3.877793519241));
#10909 = CARTESIAN_POINT('',(120.90139312889,52.448479451422,
    4.006647975824));
#10910 = CARTESIAN_POINT('',(121.07367324375,52.288850379873,
    4.051344115858));
#10911 = CARTESIAN_POINT('',(121.23935164718,52.12358416458,
    4.09761865614));
#10912 = CARTESIAN_POINT('',(121.39819927521,51.953092708526,
    4.145356263835));
#10913 = CARTESIAN_POINT('',(121.55007533925,51.777777777778,
    4.194444444444));
#10914 = PLANE('',#10915);
#10915 = AXIS2_PLACEMENT_3D('',#10916,#10917,#10918);
#10916 = CARTESIAN_POINT('',(-3.,53.861111111111,3.611111111111));
#10917 = DIRECTION('',(0.,-0.26962992552,-0.962964019714));
#10918 = DIRECTION('',(0.,-0.962964019714,0.26962992552));
#10919 = ADVANCED_FACE('',(#10920),#10931,.T.);
#10920 = FACE_BOUND('',#10921,.T.);
#10921 = EDGE_LOOP('',(#10922,#10928,#10929,#10930));
#10922 = ORIENTED_EDGE('',*,*,#10923,.T.);
#10923 = EDGE_CURVE('',#10350,#9885,#10924,.T.);
#10924 = ( BOUNDED_CURVE() B_SPLINE_CURVE(2,(#10925,#10926,#10927),
.UNSPECIFIED.,.F.,.F.) B_SPLINE_CURVE_WITH_KNOTS((3,3),(0.,
2.636911633032),.PIECEWISE_BEZIER_KNOTS.) CURVE() 
GEOMETRIC_REPRESENTATION_ITEM() RATIONAL_B_SPLINE_CURVE((1.,
0.72180508002,1.)) REPRESENTATION_ITEM('') );
#10925 = CARTESIAN_POINT('',(125.36722820351,47.62413287013,
    3.335486134393));
#10926 = CARTESIAN_POINT('',(125.28814048971,48.104620972126,
    5.1903126976));
#10927 = CARTESIAN_POINT('',(123.40054184374,47.777777777778,
    5.277777777778));
#10928 = ORIENTED_EDGE('',*,*,#9892,.T.);
#10929 = ORIENTED_EDGE('',*,*,#10444,.F.);
#10930 = ORIENTED_EDGE('',*,*,#10349,.F.);
#10931 = ( BOUNDED_SURFACE() B_SPLINE_SURFACE(2,9,(
    (#10932,#10933,#10934,#10935,#10936,#10937,#10938,#10939,#10940
      ,#10941)
    ,(#10942,#10943,#10944,#10945,#10946,#10947,#10948,#10949,#10950
      ,#10951)
    ,(#10952,#10953,#10954,#10955,#10956,#10957,#10958,#10959,#10960
,#10961
    )),.UNSPECIFIED.,.F.,.F.,.F.) B_SPLINE_SURFACE_WITH_KNOTS((3,3),(10,
    10),(0.,1.650838382925),(194.45024132803,196.10107971095),
.PIECEWISE_BEZIER_KNOTS.) GEOMETRIC_REPRESENTATION_ITEM() 
RATIONAL_B_SPLINE_SURFACE((
    (1.,1.,1.,1.,1.,1.,1.,1.,1.,1.)
    ,(0.721424739267,0.719868643965,0.718321212863,0.71673266503
      ,0.715330407738,0.713559241902,0.712001344777,0.71036390089
      ,0.70873956515,0.707106781187)
,(1.,1.,1.,1.,1.,1.,1.,1.,1.,1.))) REPRESENTATION_ITEM('') SURFACE() );
#10932 = CARTESIAN_POINT('',(125.36714879035,47.624615261812,
    3.335384086366));
#10933 = CARTESIAN_POINT('',(125.39657664433,47.445884321264,
    3.372721195107));
#10934 = CARTESIAN_POINT('',(125.42215499225,47.268146377561,
    3.409871774189));
#10935 = CARTESIAN_POINT('',(125.44430812255,47.08666144477,
    3.447752896851));
#10936 = CARTESIAN_POINT('',(125.461069886,46.922915947201,
    3.482180834979));
#10937 = CARTESIAN_POINT('',(125.47824601467,46.727707512315,
    3.522655260074));
#10938 = CARTESIAN_POINT('',(125.48842809735,46.549143685659,
    3.560038864719));
#10939 = CARTESIAN_POINT('',(125.49628749781,46.365576890142,
    3.598313634169));
#10940 = CARTESIAN_POINT('',(125.5,46.182956015432,3.636430842846));
#10941 = CARTESIAN_POINT('',(125.5,46.,3.674612967806));
#10942 = CARTESIAN_POINT('',(125.28795074131,48.105626952538,
    5.192251906101));
#10943 = CARTESIAN_POINT('',(125.32574113302,47.930576128867,
    5.237917338363));
#10944 = CARTESIAN_POINT('',(125.35993868103,47.75468805334,
    5.283801184153));
#10945 = CARTESIAN_POINT('',(125.3907515043,47.578069723235,
    5.329875531137));
#10946 = CARTESIAN_POINT('',(125.4171346633,47.400633896691,
    5.376163138061));
#10947 = CARTESIAN_POINT('',(125.44147940416,47.22259404212,
    5.422608317515));
#10948 = CARTESIAN_POINT('',(125.46138191486,47.044019745765,
    5.469192916564));
#10949 = CARTESIAN_POINT('',(125.47792903453,46.864781543634,
    5.515950708424));
#10950 = CARTESIAN_POINT('',(125.49078485783,46.685052214631,
    5.562836620338));
#10951 = CARTESIAN_POINT('',(125.5,46.504843794294,5.6098475126));
#10952 = CARTESIAN_POINT('',(123.39829391494,47.777777777778,
    5.277777777778));
#10953 = CARTESIAN_POINT('',(123.4208873821,47.637332535111,
    5.314415667169));
#10954 = CARTESIAN_POINT('',(123.44068808623,47.49649760686,
    5.351155213669));
#10955 = CARTESIAN_POINT('',(123.45764344724,47.355410999249,
    5.387960415655));
#10956 = CARTESIAN_POINT('',(123.47200911383,47.213639423328,
    5.424944305026));
#10957 = CARTESIAN_POINT('',(123.4829362718,47.072653300974,
    5.461723293466));
#10958 = CARTESIAN_POINT('',(123.49156970549,46.930848221401,
    5.49871592292));
#10959 = CARTESIAN_POINT('',(123.49716244738,46.789029385037,
    5.535712141101));
#10960 = CARTESIAN_POINT('',(123.5,46.647002100574,5.572762737048));
#10961 = CARTESIAN_POINT('',(123.5,46.504843794294,5.6098475126));
#10962 = ADVANCED_FACE('',(#10963),#10974,.T.);
#10963 = FACE_BOUND('',#10964,.T.);
#10964 = EDGE_LOOP('',(#10965,#10966,#10967,#10973));
#10965 = ORIENTED_EDGE('',*,*,#10794,.T.);
#10966 = ORIENTED_EDGE('',*,*,#10851,.T.);
#10967 = ORIENTED_EDGE('',*,*,#10968,.F.);
#10968 = EDGE_CURVE('',#10395,#10842,#10969,.T.);
#10969 = ( BOUNDED_CURVE() B_SPLINE_CURVE(2,(#10970,#10971,#10972),
.UNSPECIFIED.,.F.,.F.) B_SPLINE_CURVE_WITH_KNOTS((3,3),(0.,
3.987925466669),.PIECEWISE_BEZIER_KNOTS.) CURVE() 
GEOMETRIC_REPRESENTATION_ITEM() RATIONAL_B_SPLINE_CURVE((1.,
0.791160355793,1.)) REPRESENTATION_ITEM('') );
#10970 = CARTESIAN_POINT('',(119.50030507528,55.165018238099,
    1.682431117175));
#10971 = CARTESIAN_POINT('',(119.34902989123,55.231046135782,
    3.219701104062));
#10972 = CARTESIAN_POINT('',(118.74859745396,53.861111111111,
    3.611111111111));
#10973 = ORIENTED_EDGE('',*,*,#10409,.F.);
#10974 = ( BOUNDED_SURFACE() B_SPLINE_SURFACE(2,5,(
    (#10975,#10976,#10977,#10978,#10979,#10980)
    ,(#10981,#10982,#10983,#10984,#10985,#10986)
    ,(#10987,#10988,#10989,#10990,#10991,#10992
)),.UNSPECIFIED.,.F.,.F.,.F.) B_SPLINE_SURFACE_WITH_KNOTS((3,3),(6,6),(
    0.,3.987925466669),(180.62805391144,184.61597937811),
.PIECEWISE_BEZIER_KNOTS.) GEOMETRIC_REPRESENTATION_ITEM() 
RATIONAL_B_SPLINE_SURFACE((
    (1.,1.,1.,1.,1.,1.)
    ,(0.798348648116,0.798348648116,0.797632983599,0.796186683539
      ,0.7940179432,0.791160355793)
,(1.,1.,1.,1.,1.,1.))) REPRESENTATION_ITEM('') SURFACE() );
#10975 = CARTESIAN_POINT('',(115.5,56.,1.491397174491));
#10976 = CARTESIAN_POINT('',(116.31648238454,56.,1.491397174491));
#10977 = CARTESIAN_POINT('',(117.13787884276,55.916683595027,
    1.510448326067));
#10978 = CARTESIAN_POINT('',(117.95153013006,55.747953622263,
    1.549049313312));
#10979 = CARTESIAN_POINT('',(118.74316316165,55.495492063804,
    1.606820244937));
#10980 = CARTESIAN_POINT('',(119.50030507528,55.165018238099,
    1.682431117175));
#10981 = CARTESIAN_POINT('',(115.5,56.,3.));
#10982 = CARTESIAN_POINT('',(116.28274382604,56.,3.));
#10983 = CARTESIAN_POINT('',(117.07226828702,55.92351211569,
    3.021853681231));
#10984 = CARTESIAN_POINT('',(117.85592259608,55.767847714657,
    3.066329224384));
#10985 = CARTESIAN_POINT('',(118.61884321816,55.534930191778,
    3.132877088063));
#10986 = CARTESIAN_POINT('',(119.34902989123,55.231046135782,
    3.219701104062));
#10987 = CARTESIAN_POINT('',(115.5,54.549442255795,3.414445069773));
#10988 = CARTESIAN_POINT('',(116.15993361934,54.549442255795,
    3.414445069773));
#10989 = CARTESIAN_POINT('',(116.82692246765,54.481449808856,
    3.433871483184));
#10990 = CARTESIAN_POINT('',(117.48942293675,54.342487702116,
    3.473574942253));
#10991 = CARTESIAN_POINT('',(118.13375241587,54.133863116421,
    3.533181966737));
#10992 = CARTESIAN_POINT('',(118.74859745396,53.861111111111,
    3.611111111111));
#10993 = ADVANCED_FACE('',(#10994),#11005,.T.);
#10994 = FACE_BOUND('',#10995,.T.);
#10995 = EDGE_LOOP('',(#10996,#10997,#10998,#11004));
#10996 = ORIENTED_EDGE('',*,*,#10968,.T.);
#10997 = ORIENTED_EDGE('',*,*,#10902,.T.);
#10998 = ORIENTED_EDGE('',*,*,#10999,.F.);
#10999 = EDGE_CURVE('',#10380,#10871,#11000,.T.);
#11000 = ( BOUNDED_CURVE() B_SPLINE_CURVE(2,(#11001,#11002,#11003),
.UNSPECIFIED.,.F.,.F.) B_SPLINE_CURVE_WITH_KNOTS((3,3),(0.,
4.242674889942),.PIECEWISE_BEZIER_KNOTS.) CURVE() 
GEOMETRIC_REPRESENTATION_ITEM() RATIONAL_B_SPLINE_CURVE((1.,
0.767814118244,1.)) REPRESENTATION_ITEM('') );
#11001 = CARTESIAN_POINT('',(122.98262475914,52.634027940386,
    2.249702431787));
#11002 = CARTESIAN_POINT('',(122.76501639065,52.879471851763,
    3.885970103728));
#11003 = CARTESIAN_POINT('',(121.55007533925,51.777777777778,
    4.194444444444));
#11004 = ORIENTED_EDGE('',*,*,#10394,.F.);
#11005 = ( BOUNDED_SURFACE() B_SPLINE_SURFACE(2,5,(
    (#11006,#11007,#11008,#11009,#11010,#11011,#11012,#11013,#11014
      ,#11015)
    ,(#11016,#11017,#11018,#11019,#11020,#11021,#11022,#11023,#11024
      ,#11025)
    ,(#11026,#11027,#11028,#11029,#11030,#11031,#11032,#11033,#11034
,#11035
    )),.UNSPECIFIED.,.F.,.F.,.F.) B_SPLINE_SURFACE_WITH_KNOTS((3,3),(6,4
    ,6),(0.,4.242674889942),(184.59056794707,187.41743468512,
188.83324283701),.UNSPECIFIED.) GEOMETRIC_REPRESENTATION_ITEM() 
RATIONAL_B_SPLINE_SURFACE((
    (1.,1.,1.,1.,1.,1.,1.,1.,1.,1.)
    ,(0.78975648364,0.787771553759,0.785444603552,0.78279034439
      ,0.779821469834,0.774992362372,0.773305861401,0.771544140186
      ,0.769710970215,0.767814118244)
,(1.,1.,1.,1.,1.,1.,1.,1.,1.,1.))) REPRESENTATION_ITEM('') SURFACE() );
#11006 = CARTESIAN_POINT('',(119.47616580167,55.175516634916,
    1.680053902145));
#11007 = CARTESIAN_POINT('',(120.01359817238,54.942622913705,
    1.732241893618));
#11008 = CARTESIAN_POINT('',(120.53386610735,54.670410244726,
    1.793235924472));
#11009 = CARTESIAN_POINT('',(121.03243204029,54.361004251945,
    1.862567028728));
#11010 = CARTESIAN_POINT('',(121.50525485838,54.016977579203,
    1.939630102821));
#11011 = CARTESIAN_POINT('',(122.1692656471,53.456871412201,
    2.065298084961));
#11012 = CARTESIAN_POINT('',(122.38393412538,53.262060702954,
    2.108990700339));
#11013 = CARTESIAN_POINT('',(122.59134918589,53.059635042017,
    2.154362822666));
#11014 = CARTESIAN_POINT('',(122.79108453265,52.850069183198,
    2.201310443261));
#11015 = CARTESIAN_POINT('',(122.98262475914,52.634027940386,
    2.249702431787));
#11016 = CARTESIAN_POINT('',(119.32490655455,55.241064098837,
    3.224724274548));
#11017 = CARTESIAN_POINT('',(119.84626831252,55.025684369341,
    3.285030598807));
#11018 = CARTESIAN_POINT('',(120.35228515241,54.773668778146,
    3.355594964341));
#11019 = CARTESIAN_POINT('',(120.83843573536,54.486960155969,
    3.435873378551));
#11020 = CARTESIAN_POINT('',(121.3008223284,54.168598617905,
    3.525014609209));
#11021 = CARTESIAN_POINT('',(121.95625172695,53.647046230314,
    3.671049277734));
#11022 = CARTESIAN_POINT('',(122.16925702861,53.464989841476,
    3.722025066609));
#11023 = CARTESIAN_POINT('',(122.37525447359,53.276083926488,
    3.774918722806));
#11024 = CARTESIAN_POINT('',(122.57392590389,53.080765100459,
    3.829607994094));
#11025 = CARTESIAN_POINT('',(122.76501639065,52.879471851763,
    3.885970103728));
#11026 = CARTESIAN_POINT('',(118.72522551146,53.861111111111,
    3.611111111111));
#11027 = CARTESIAN_POINT('',(119.16128445524,53.669288091232,
    3.664821556677));
#11028 = CARTESIAN_POINT('',(119.58274299343,53.445200487769,
    3.727566085647));
#11029 = CARTESIAN_POINT('',(119.98556440046,53.190703947881,
    3.798825116815));
#11030 = CARTESIAN_POINT('',(120.3662986925,52.908673939217,
    3.877793519241));
#11031 = CARTESIAN_POINT('',(120.90139312889,52.448479451422,
    4.006647975824));
#11032 = CARTESIAN_POINT('',(121.07367324375,52.288850379873,
    4.051344115858));
#11033 = CARTESIAN_POINT('',(121.23935164718,52.12358416458,
    4.09761865614));
#11034 = CARTESIAN_POINT('',(121.39819927521,51.953092708526,
    4.145356263835));
#11035 = CARTESIAN_POINT('',(121.55007533925,51.777777777778,
    4.194444444444));
#11036 = ADVANCED_FACE('',(#11037),#11048,.T.);
#11037 = FACE_BOUND('',#11038,.T.);
#11038 = EDGE_LOOP('',(#11039,#11040,#11041,#11047));
#11039 = ORIENTED_EDGE('',*,*,#10999,.T.);
#11040 = ORIENTED_EDGE('',*,*,#10878,.T.);
#11041 = ORIENTED_EDGE('',*,*,#11042,.F.);
#11042 = EDGE_CURVE('',#10365,#10813,#11043,.T.);
#11043 = ( BOUNDED_CURVE() B_SPLINE_CURVE(2,(#11044,#11045,#11046),
.UNSPECIFIED.,.F.,.F.) B_SPLINE_CURVE_WITH_KNOTS((3,3),(0.,
2.991820548758),.PIECEWISE_BEZIER_KNOTS.) CURVE() 
GEOMETRIC_REPRESENTATION_ITEM() RATIONAL_B_SPLINE_CURVE((1.,
0.744624323727,1.)) REPRESENTATION_ITEM('') );
#11044 = CARTESIAN_POINT('',(124.61236783155,50.118829020795,
    2.80113805159));
#11045 = CARTESIAN_POINT('',(124.43681790915,50.507210149888,
    4.542545164414));
#11046 = CARTESIAN_POINT('',(122.8250636818,49.75,4.75));
#11047 = ORIENTED_EDGE('',*,*,#10379,.F.);
#11048 = ( BOUNDED_SURFACE() B_SPLINE_SURFACE(2,5,(
    (#11049,#11050,#11051,#11052,#11053,#11054,#11055,#11056,#11057
      ,#11058)
    ,(#11059,#11060,#11061,#11062,#11063,#11064,#11065,#11066,#11067
      ,#11068)
    ,(#11069,#11070,#11071,#11072,#11073,#11074,#11075,#11076,#11077
,#11078
    )),.UNSPECIFIED.,.F.,.F.,.F.) B_SPLINE_SURFACE_WITH_KNOTS((3,3),(6,4
    ,6),(0.,2.991820548758),(188.82503912844,190.3552564317,
191.81685967719),.UNSPECIFIED.) GEOMETRIC_REPRESENTATION_ITEM() 
RATIONAL_B_SPLINE_SURFACE((
    (1.,1.,1.,1.,1.,1.,1.,1.,1.,1.)
    ,(0.766637363111,0.764622718126,0.762533662544,0.76038132996
      ,0.758160438339,0.753822923137,0.751597998746,0.749322863769
      ,0.74699206736,0.744624323727)
,(1.,1.,1.,1.,1.,1.,1.,1.,1.,1.))) REPRESENTATION_ITEM('') SURFACE() );
#11049 = CARTESIAN_POINT('',(122.97707078074,52.640287082627,
    2.248315732962));
#11050 = CARTESIAN_POINT('',(123.18444015704,52.406785807,2.299477916152
    ));
#11051 = CARTESIAN_POINT('',(123.3823028712,52.165599425307,
    2.352313966002));
#11052 = CARTESIAN_POINT('',(123.57007953486,51.917711113771,
    2.406635418939));
#11053 = CARTESIAN_POINT('',(123.74762426336,51.66304892316,
    2.462422682806));
#11054 = CARTESIAN_POINT('',(124.07069045101,51.160281341333,
    2.572952883146));
#11055 = CARTESIAN_POINT('',(124.22088278065,50.906803904044,
    2.628500303126));
#11056 = CARTESIAN_POINT('',(124.36119450939,50.648500749711,
    2.685100436202));
#11057 = CARTESIAN_POINT('',(124.49187406868,50.385405633489,
    2.742727770285));
#11058 = CARTESIAN_POINT('',(124.61236783155,50.118829020795,
    2.80113805159));
#11059 = CARTESIAN_POINT('',(122.75861101578,52.886276315479,
    3.890746214937));
#11060 = CARTESIAN_POINT('',(122.9665636151,52.667631410848,
    3.950648928535));
#11061 = CARTESIAN_POINT('',(123.1656706853,52.441806353084,
    4.012518807374));
#11062 = CARTESIAN_POINT('',(123.35558052048,52.209338198387,
    4.076208712771));
#11063 = CARTESIAN_POINT('',(123.53603089208,51.970842006542,
    4.141550135194));
#11064 = CARTESIAN_POINT('',(123.87072494583,51.492125703491,
    4.272705286715));
#11065 = CARTESIAN_POINT('',(124.02594982407,51.252459987501,
    4.338367126712));
#11066 = CARTESIAN_POINT('',(124.17210518884,51.008133064279,
    4.405306009786));
#11067 = CARTESIAN_POINT('',(124.30910370095,50.759584807425,
    4.473401422623));
#11068 = CARTESIAN_POINT('',(124.43681790915,50.507210149888,
    4.542545164414));
#11069 = CARTESIAN_POINT('',(121.5400825438,51.777777777778,
    4.194444444444));
#11070 = CARTESIAN_POINT('',(121.70457199646,51.588582246732,
    4.246278836512));
#11071 = CARTESIAN_POINT('',(121.86093567369,51.393723930728,
    4.299664676513));
#11072 = CARTESIAN_POINT('',(122.00897489932,51.193687960942,
    4.354469051797));
#11073 = CARTESIAN_POINT('',(122.14847543431,50.989076148429,
    4.410527082622));
#11074 = CARTESIAN_POINT('',(122.40514758686,50.580289693991,
    4.522523371509));
#11075 = CARTESIAN_POINT('',(122.52214486284,50.37722048176,
    4.578158772121));
#11076 = CARTESIAN_POINT('',(122.63118354117,50.170868881872,
    4.634693457021));
#11077 = CARTESIAN_POINT('',(122.73212596493,49.961697680036,
    4.692000635607));
#11078 = CARTESIAN_POINT('',(122.8250636818,49.75,4.75));
#11079 = ADVANCED_FACE('',(#11080),#11086,.T.);
#11080 = FACE_BOUND('',#11081,.T.);
#11081 = EDGE_LOOP('',(#11082,#11083,#11084,#11085));
#11082 = ORIENTED_EDGE('',*,*,#11042,.T.);
#11083 = ORIENTED_EDGE('',*,*,#10820,.T.);
#11084 = ORIENTED_EDGE('',*,*,#10923,.F.);
#11085 = ORIENTED_EDGE('',*,*,#10364,.F.);
#11086 = ( BOUNDED_SURFACE() B_SPLINE_SURFACE(2,9,(
    (#11087,#11088,#11089,#11090,#11091,#11092,#11093,#11094,#11095
      ,#11096)
    ,(#11097,#11098,#11099,#11100,#11101,#11102,#11103,#11104,#11105
      ,#11106)
    ,(#11107,#11108,#11109,#11110,#11111,#11112,#11113,#11114,#11115
,#11116
    )),.UNSPECIFIED.,.F.,.F.,.F.) B_SPLINE_SURFACE_WITH_KNOTS((3,3),(10,
    10),(0.,2.636911633032),(191.81382508306,194.45073671609),
.PIECEWISE_BEZIER_KNOTS.) GEOMETRIC_REPRESENTATION_ITEM() 
RATIONAL_B_SPLINE_SURFACE((
    (1.,1.,1.,1.,1.,1.,1.,1.,1.,1.)
    ,(0.743780774553,0.741455842037,0.739106783547,0.736686796475
      ,0.734385181158,0.732011804879,0.729428198073,0.726913513801
      ,0.724352792869,0.72180508002)
,(1.,1.,1.,1.,1.,1.,1.,1.,1.,1.))) REPRESENTATION_ITEM('') SURFACE() );
#11087 = CARTESIAN_POINT('',(124.61111586847,50.121597703704,
    2.800538403904));
#11088 = CARTESIAN_POINT('',(124.732100215,49.854152290844,
    2.857787417161));
#11089 = CARTESIAN_POINT('',(124.8436804104,49.584000424808,
    2.915655662843));
#11090 = CARTESIAN_POINT('',(124.9470488887,49.308801411726,
    2.974519723646));
#11091 = CARTESIAN_POINT('',(125.03717989882,49.038712795721,
    3.03267179319));
#11092 = CARTESIAN_POINT('',(125.12087090039,48.767215649247,
    3.091012306057));
#11093 = CARTESIAN_POINT('',(125.1977883805,48.479201201717,
    3.152395595574));
#11094 = CARTESIAN_POINT('',(125.26354994327,48.195900108348,
    3.213079177666));
#11095 = CARTESIAN_POINT('',(125.3202982706,47.909250157094,
    3.274415170681));
#11096 = CARTESIAN_POINT('',(125.36722820351,47.62413287013,
    3.335486134393));
#11097 = CARTESIAN_POINT('',(124.43502695145,50.51085610335,
    4.54639062023));
#11098 = CARTESIAN_POINT('',(124.5641097304,50.256031247188,
    4.614583187372));
#11099 = CARTESIAN_POINT('',(124.68477429169,49.997438822319,
    4.683783977126));
#11100 = CARTESIAN_POINT('',(124.79705010106,49.735405762981,
    4.753905500047));
#11101 = CARTESIAN_POINT('',(124.90037193844,49.470145448355,
    4.824890654666));
#11102 = CARTESIAN_POINT('',(124.99512336058,49.201693050729,
    4.896730028678));
#11103 = CARTESIAN_POINT('',(125.08173979045,48.930995362812,
    4.969170255022));
#11104 = CARTESIAN_POINT('',(125.15934922797,48.657712785136,
    5.042302212429));
#11105 = CARTESIAN_POINT('',(125.22824076758,48.382204222403,
    5.116029855977));
#11106 = CARTESIAN_POINT('',(125.28814048971,48.104620972126,
    5.1903126976));
#11107 = CARTESIAN_POINT('',(122.81942471696,49.75,4.75));
#11108 = CARTESIAN_POINT('',(122.91299140357,49.537827177309,
    4.806778642692));
#11109 = CARTESIAN_POINT('',(122.99936836114,49.323282137498,
    4.86419210405));
#11110 = CARTESIAN_POINT('',(123.0782381771,49.106990371401,
    4.922072999202));
#11111 = CARTESIAN_POINT('',(123.15083149749,48.887777388379,
    4.980735628462));
#11112 = CARTESIAN_POINT('',(123.21521309128,48.667986487084,
    5.039552911907));
#11113 = CARTESIAN_POINT('',(123.27216467942,48.447197631223,
    5.098637253617));
#11114 = CARTESIAN_POINT('',(123.32213759539,48.225025764574,
    5.158091696804));
#11115 = CARTESIAN_POINT('',(123.36489221889,48.00188045921,
    5.217806637676));
#11116 = CARTESIAN_POINT('',(123.40054184374,47.777777777778,
    5.277777777778));
#11117 = ( GEOMETRIC_REPRESENTATION_CONTEXT(3) 
GLOBAL_UNCERTAINTY_ASSIGNED_CONTEXT((#11121)) 
GLOBAL_UNIT_ASSIGNED_CONTEXT((#11118,#11119,#11120)) 
REPRESENTATION_CONTEXT('Context #1',
  '3D Context with UNIT and UNCERTAINTY') );
#11118 = ( LENGTH_UNIT() NAMED_UNIT(*) SI_UNIT(.MILLI.,.METRE.) );
#11119 = ( NAMED_UNIT(*) PLANE_ANGLE_UNIT() SI_UNIT($,.RADIAN.) );
#11120 = ( NAMED_UNIT(*) SI_UNIT($,.STERADIAN.) SOLID_ANGLE_UNIT() );
#11121 = UNCERTAINTY_MEASURE_WITH_UNIT(LENGTH_MEASURE(5.E-03),#11118,
  'distance_accuracy_value','confusion accuracy');
#11122 = PRODUCT_RELATED_PRODUCT_CATEGORY('part',$,(#7));
ENDSEC;
END-ISO-10303-21;
