ISO-10303-21;
HEADER;
FILE_DESCRIPTION(('FreeCAD Model'),'2;1');
FILE_NAME('Open CASCADE Shape Model','2026-09-27T12:58:38',('FreeCAD'),(
    'FreeCAD'),'Open CASCADE STEP processor 7.8','FreeCAD','Unknown');
FILE_SCHEMA(('AUTOMOTIVE_DESIGN { 1 0 10303 214 1 1 1 1 }'));
ENDSEC;
DATA;
#1 = APPLICATION_PROTOCOL_DEFINITION('international standard',
  'automotive_design',2000,#2);
#2 = APPLICATION_CONTEXT(
  'core data for automotive mechanical design processes');
#3 = SHAPE_DEFINITION_REPRESENTATION(#4,#10);
#4 = PRODUCT_DEFINITION_SHAPE('','',#5);
#5 = PRODUCT_DEFINITION('design','',#6,#9);
#6 = PRODUCT_DEFINITION_FORMATION('','',#7);
#7 = PRODUCT('Open CASCADE STEP translator 7.8 1',
  'Open CASCADE STEP translator 7.8 1','',(#8));
#8 = PRODUCT_CONTEXT('',#2,'mechanical');
#9 = PRODUCT_DEFINITION_CONTEXT('part definition',#2,'design');
#10 = SHAPE_REPRESENTATION('',(#11,#15,#5914,#7419),#7653);
#11 = AXIS2_PLACEMENT_3D('',#12,#13,#14);
#12 = CARTESIAN_POINT('',(0.,0.,0.));
#13 = DIRECTION('',(0.,0.,1.));
#14 = DIRECTION('',(1.,0.,-0.));
#15 = MANIFOLD_SOLID_BREP('',#16);
#16 = CLOSED_SHELL('',(#17,#57,#88,#203,#236,#301,#334,#358,#383,#407,
    #449,#514,#545,#577,#601,#633,#657,#688,#787,#812,#1033,#1050,#1067,
    #1101,#1118,#1209,#1221,#1252,#1351,#1368,#1410,#1422,#1455,#1479,
    #1496,#1521,#1562,#1580,#1597,#1614,#1639,#1656,#1686,#1709,#1732,
    #1756,#1780,#1803,#1826,#1844,#1874,#1897,#1920,#1944,#1968,#1991,
    #2014,#2032,#2057,#2082,#2113,#2138,#2162,#2187,#2211,#2236,#2260,
    #2278,#2302,#2363,#2388,#2429,#2447,#2674,#2757,#2782,#2814,#2838,
    #2862,#2887,#2912,#2936,#2960,#2978,#3010,#3034,#3058,#3083,#3108,
    #3132,#3156,#3174,#3219,#3269,#3352,#3383,#3399,#3416,#3427,#3470,
    #3494,#3527,#3793,#3826,#3848,#3881,#3935,#3952,#3974,#3991,#4008,
    #4025,#4042,#4059,#4076,#4088,#4110,#4127,#4144,#4161,#4178,#4195,
    #4212,#4224,#4246,#4263,#4280,#4297,#4314,#4331,#4348,#4360,#4372,
    #4421,#4445,#4462,#4509,#4533,#4557,#4604,#4644,#4694,#4748,#4759,
    #4776,#4793,#4817,#4834,#4845,#4869,#4893,#4961,#4989,#5009,#5034,
    #5043,#5236,#5267,#5291,#5322,#5358,#5383,#5392,#5423,#5459,#5484,
    #5493,#5524,#5560,#5585,#5594,#5619,#5628,#5653,#5662,#5686,#5735,
    #5766,#5790,#5814,#5833,#5852,#5872,#5886,#5900));
#17 = ADVANCED_FACE('',(#18),#52,.F.);
#18 = FACE_BOUND('',#19,.F.);
#19 = EDGE_LOOP('',(#20,#30,#38,#46));
#20 = ORIENTED_EDGE('',*,*,#21,.F.);
#21 = EDGE_CURVE('',#22,#24,#26,.T.);
#22 = VERTEX_POINT('',#23);
#23 = CARTESIAN_POINT('',(114.75,1.8,21.));
#24 = VERTEX_POINT('',#25);
#25 = CARTESIAN_POINT('',(114.75,1.8,25.25));
#26 = LINE('',#27,#28);
#27 = CARTESIAN_POINT('',(114.75,1.8,21.));
#28 = VECTOR('',#29,1.);
#29 = DIRECTION('',(0.,0.,1.));
#30 = ORIENTED_EDGE('',*,*,#31,.T.);
#31 = EDGE_CURVE('',#22,#32,#34,.T.);
#32 = VERTEX_POINT('',#33);
#33 = CARTESIAN_POINT('',(114.75,7.3,21.));
#34 = LINE('',#35,#36);
#35 = CARTESIAN_POINT('',(114.75,1.8,21.));
#36 = VECTOR('',#37,1.);
#37 = DIRECTION('',(0.,1.,0.));
#38 = ORIENTED_EDGE('',*,*,#39,.T.);
#39 = EDGE_CURVE('',#32,#40,#42,.T.);
#40 = VERTEX_POINT('',#41);
#41 = CARTESIAN_POINT('',(114.75,7.3,25.25));
#42 = LINE('',#43,#44);
#43 = CARTESIAN_POINT('',(114.75,7.3,21.));
#44 = VECTOR('',#45,1.);
#45 = DIRECTION('',(0.,0.,1.));
#46 = ORIENTED_EDGE('',*,*,#47,.T.);
#47 = EDGE_CURVE('',#40,#24,#48,.T.);
#48 = LINE('',#49,#50);
#49 = CARTESIAN_POINT('',(114.75,1.8,25.25));
#50 = VECTOR('',#51,1.);
#51 = DIRECTION('',(0.,-1.,0.));
#52 = PLANE('',#53);
#53 = AXIS2_PLACEMENT_3D('',#54,#55,#56);
#54 = CARTESIAN_POINT('',(114.75,1.8,21.));
#55 = DIRECTION('',(1.,0.,0.));
#56 = DIRECTION('',(0.,0.,1.));
#57 = ADVANCED_FACE('',(#58),#83,.F.);
#58 = FACE_BOUND('',#59,.F.);
#59 = EDGE_LOOP('',(#60,#61,#69,#77));
#60 = ORIENTED_EDGE('',*,*,#31,.F.);
#61 = ORIENTED_EDGE('',*,*,#62,.T.);
#62 = EDGE_CURVE('',#22,#63,#65,.T.);
#63 = VERTEX_POINT('',#64);
#64 = CARTESIAN_POINT('',(115.6,1.8,21.));
#65 = LINE('',#66,#67);
#66 = CARTESIAN_POINT('',(114.75,1.8,21.));
#67 = VECTOR('',#68,1.);
#68 = DIRECTION('',(1.,0.,0.));
#69 = ORIENTED_EDGE('',*,*,#70,.F.);
#70 = EDGE_CURVE('',#71,#63,#73,.T.);
#71 = VERTEX_POINT('',#72);
#72 = CARTESIAN_POINT('',(115.6,7.3,21.));
#73 = LINE('',#74,#75);
#74 = CARTESIAN_POINT('',(115.6,1.8,21.));
#75 = VECTOR('',#76,1.);
#76 = DIRECTION('',(0.,-1.,0.));
#77 = ORIENTED_EDGE('',*,*,#78,.F.);
#78 = EDGE_CURVE('',#32,#71,#79,.T.);
#79 = LINE('',#80,#81);
#80 = CARTESIAN_POINT('',(114.75,7.3,21.));
#81 = VECTOR('',#82,1.);
#82 = DIRECTION('',(1.,0.,0.));
#83 = PLANE('',#84);
#84 = AXIS2_PLACEMENT_3D('',#85,#86,#87);
#85 = CARTESIAN_POINT('',(114.75,1.8,21.));
#86 = DIRECTION('',(0.,0.,1.));
#87 = DIRECTION('',(1.,0.,0.));
#88 = ADVANCED_FACE('',(#89),#198,.T.);
#89 = FACE_BOUND('',#90,.T.);
#90 = EDGE_LOOP('',(#91,#101,#109,#117,#125,#133,#141,#149,#158,#166,
    #175,#183,#192));
#91 = ORIENTED_EDGE('',*,*,#92,.T.);
#92 = EDGE_CURVE('',#93,#95,#97,.T.);
#93 = VERTEX_POINT('',#94);
#94 = CARTESIAN_POINT('',(7.,1.6,-1.110223024625E-16));
#95 = VERTEX_POINT('',#96);
#96 = CARTESIAN_POINT('',(7.,14.2,9.992007221626E-16));
#97 = LINE('',#98,#99);
#98 = CARTESIAN_POINT('',(7.,0.,0.));
#99 = VECTOR('',#100,1.);
#100 = DIRECTION('',(0.,1.,0.));
#101 = ORIENTED_EDGE('',*,*,#102,.T.);
#102 = EDGE_CURVE('',#95,#103,#105,.T.);
#103 = VERTEX_POINT('',#104);
#104 = CARTESIAN_POINT('',(36.,14.2,0.));
#105 = LINE('',#106,#107);
#106 = CARTESIAN_POINT('',(7.,14.2,0.));
#107 = VECTOR('',#108,1.);
#108 = DIRECTION('',(1.,0.,0.));
#109 = ORIENTED_EDGE('',*,*,#110,.T.);
#110 = EDGE_CURVE('',#103,#111,#113,.T.);
#111 = VERTEX_POINT('',#112);
#112 = CARTESIAN_POINT('',(36.,13.8,0.));
#113 = LINE('',#114,#115);
#114 = CARTESIAN_POINT('',(36.,6.9,0.));
#115 = VECTOR('',#116,1.);
#116 = DIRECTION('',(0.,-1.,0.));
#117 = ORIENTED_EDGE('',*,*,#118,.T.);
#118 = EDGE_CURVE('',#111,#119,#121,.T.);
#119 = VERTEX_POINT('',#120);
#120 = CARTESIAN_POINT('',(44.,13.8,0.));
#121 = LINE('',#122,#123);
#122 = CARTESIAN_POINT('',(21.5,13.8,0.));
#123 = VECTOR('',#124,1.);
#124 = DIRECTION('',(1.,0.,0.));
#125 = ORIENTED_EDGE('',*,*,#126,.F.);
#126 = EDGE_CURVE('',#127,#119,#129,.T.);
#127 = VERTEX_POINT('',#128);
#128 = CARTESIAN_POINT('',(44.,14.2,0.));
#129 = LINE('',#130,#131);
#130 = CARTESIAN_POINT('',(44.,6.9,0.));
#131 = VECTOR('',#132,1.);
#132 = DIRECTION('',(0.,-1.,0.));
#133 = ORIENTED_EDGE('',*,*,#134,.T.);
#134 = EDGE_CURVE('',#127,#135,#137,.T.);
#135 = VERTEX_POINT('',#136);
#136 = CARTESIAN_POINT('',(111.,14.2,4.996003610813E-16));
#137 = LINE('',#138,#139);
#138 = CARTESIAN_POINT('',(7.,14.2,0.));
#139 = VECTOR('',#140,1.);
#140 = DIRECTION('',(1.,0.,0.));
#141 = ORIENTED_EDGE('',*,*,#142,.F.);
#142 = EDGE_CURVE('',#143,#135,#145,.T.);
#143 = VERTEX_POINT('',#144);
#144 = CARTESIAN_POINT('',(111.,6.888080681437,-3.10862446895E-15));
#145 = LINE('',#146,#147);
#146 = CARTESIAN_POINT('',(111.,0.,-3.10862446895E-15));
#147 = VECTOR('',#148,1.);
#148 = DIRECTION('',(0.,1.,0.));
#149 = ORIENTED_EDGE('',*,*,#150,.F.);
#150 = EDGE_CURVE('',#151,#143,#153,.T.);
#151 = VERTEX_POINT('',#152);
#152 = CARTESIAN_POINT('',(108.36,8.,0.));
#153 = CIRCLE('',#154,3.69);
#154 = AXIS2_PLACEMENT_3D('',#155,#156,#157);
#155 = CARTESIAN_POINT('',(108.36,4.31,0.));
#156 = DIRECTION('',(0.,1.110223024625E-16,-1.));
#157 = DIRECTION('',(1.,-8.725330003829E-16,-9.687062267704E-32));
#158 = ORIENTED_EDGE('',*,*,#159,.T.);
#159 = EDGE_CURVE('',#151,#160,#162,.T.);
#160 = VERTEX_POINT('',#161);
#161 = CARTESIAN_POINT('',(102.94,8.,0.));
#162 = LINE('',#163,#164);
#163 = CARTESIAN_POINT('',(57.68,8.,0.));
#164 = VECTOR('',#165,1.);
#165 = DIRECTION('',(-1.,-0.,-0.));
#166 = ORIENTED_EDGE('',*,*,#167,.F.);
#167 = EDGE_CURVE('',#168,#160,#170,.T.);
#168 = VERTEX_POINT('',#169);
#169 = CARTESIAN_POINT('',(99.25,4.31,0.));
#170 = CIRCLE('',#171,3.69);
#171 = AXIS2_PLACEMENT_3D('',#172,#173,#174);
#172 = CARTESIAN_POINT('',(102.94,4.31,0.));
#173 = DIRECTION('',(0.,1.110223024625E-16,-1.));
#174 = DIRECTION('',(0.,1.,1.110223024625E-16));
#175 = ORIENTED_EDGE('',*,*,#176,.T.);
#176 = EDGE_CURVE('',#168,#177,#179,.T.);
#177 = VERTEX_POINT('',#178);
#178 = CARTESIAN_POINT('',(99.25,4.29,0.));
#179 = LINE('',#180,#181);
#180 = CARTESIAN_POINT('',(99.25,2.155,0.));
#181 = VECTOR('',#182,1.);
#182 = DIRECTION('',(0.,-1.,0.));
#183 = ORIENTED_EDGE('',*,*,#184,.F.);
#184 = EDGE_CURVE('',#185,#177,#187,.T.);
#185 = VERTEX_POINT('',#186);
#186 = CARTESIAN_POINT('',(100.41413381193,1.6,0.));
#187 = CIRCLE('',#188,3.69);
#188 = AXIS2_PLACEMENT_3D('',#189,#190,#191);
#189 = CARTESIAN_POINT('',(102.94,4.29,0.));
#190 = DIRECTION('',(0.,1.110223024625E-16,-1.));
#191 = DIRECTION('',(-1.,8.725330003829E-16,9.687062267704E-32));
#192 = ORIENTED_EDGE('',*,*,#193,.F.);
#193 = EDGE_CURVE('',#93,#185,#194,.T.);
#194 = LINE('',#195,#196);
#195 = CARTESIAN_POINT('',(7.,1.6,0.));
#196 = VECTOR('',#197,1.);
#197 = DIRECTION('',(1.,0.,0.));
#198 = PLANE('',#199);
#199 = AXIS2_PLACEMENT_3D('',#200,#201,#202);
#200 = CARTESIAN_POINT('',(7.,0.,0.));
#201 = DIRECTION('',(0.,0.,-1.));
#202 = DIRECTION('',(1.,0.,0.));
#203 = ADVANCED_FACE('',(#204),#231,.T.);
#204 = FACE_BOUND('',#205,.T.);
#205 = EDGE_LOOP('',(#206,#216,#223,#224));
#206 = ORIENTED_EDGE('',*,*,#207,.T.);
#207 = EDGE_CURVE('',#208,#210,#212,.T.);
#208 = VERTEX_POINT('',#209);
#209 = CARTESIAN_POINT('',(-1.110223024625E-16,1.6,7.));
#210 = VERTEX_POINT('',#211);
#211 = CARTESIAN_POINT('',(7.216449660064E-16,14.2,7.));
#212 = LINE('',#213,#214);
#213 = CARTESIAN_POINT('',(0.,0.,7.));
#214 = VECTOR('',#215,1.);
#215 = DIRECTION('',(0.,1.,0.));
#216 = ORIENTED_EDGE('',*,*,#217,.T.);
#217 = EDGE_CURVE('',#210,#95,#218,.T.);
#218 = CIRCLE('',#219,7.);
#219 = AXIS2_PLACEMENT_3D('',#220,#221,#222);
#220 = CARTESIAN_POINT('',(7.,14.2,7.));
#221 = DIRECTION('',(-0.,-1.,-0.));
#222 = DIRECTION('',(-1.,0.,0.));
#223 = ORIENTED_EDGE('',*,*,#92,.F.);
#224 = ORIENTED_EDGE('',*,*,#225,.F.);
#225 = EDGE_CURVE('',#208,#93,#226,.T.);
#226 = CIRCLE('',#227,7.);
#227 = AXIS2_PLACEMENT_3D('',#228,#229,#230);
#228 = CARTESIAN_POINT('',(7.,1.6,7.));
#229 = DIRECTION('',(-0.,-1.,-0.));
#230 = DIRECTION('',(-1.,0.,0.));
#231 = CYLINDRICAL_SURFACE('',#232,7.);
#232 = AXIS2_PLACEMENT_3D('',#233,#234,#235);
#233 = CARTESIAN_POINT('',(7.,0.,7.));
#234 = DIRECTION('',(0.,-1.,0.));
#235 = DIRECTION('',(-1.,0.,0.));
#236 = ADVANCED_FACE('',(#237),#296,.T.);
#237 = FACE_BOUND('',#238,.T.);
#238 = EDGE_LOOP('',(#239,#247,#248,#257,#265,#274,#282,#290));
#239 = ORIENTED_EDGE('',*,*,#240,.F.);
#240 = EDGE_CURVE('',#93,#241,#243,.T.);
#241 = VERTEX_POINT('',#242);
#242 = CARTESIAN_POINT('',(7.,-1.110223024625E-16,1.6));
#243 = LINE('',#244,#245);
#244 = CARTESIAN_POINT('',(7.,0.8,0.8));
#245 = VECTOR('',#246,1.);
#246 = DIRECTION('',(0.,-0.707106781187,0.707106781187));
#247 = ORIENTED_EDGE('',*,*,#193,.T.);
#248 = ORIENTED_EDGE('',*,*,#249,.F.);
#249 = EDGE_CURVE('',#250,#185,#252,.T.);
#250 = VERTEX_POINT('',#251);
#251 = CARTESIAN_POINT('',(102.94,0.6,1.));
#252 = ELLIPSE('',#253,5.218448045157,3.69);
#253 = AXIS2_PLACEMENT_3D('',#254,#255,#256);
#254 = CARTESIAN_POINT('',(102.94,4.29,-2.69));
#255 = DIRECTION('',(0.,-0.707106781187,-0.707106781187));
#256 = DIRECTION('',(0.,0.707106781187,-0.707106781187));
#257 = ORIENTED_EDGE('',*,*,#258,.T.);
#258 = EDGE_CURVE('',#250,#259,#261,.T.);
#259 = VERTEX_POINT('',#260);
#260 = CARTESIAN_POINT('',(108.36,0.6,1.));
#261 = LINE('',#262,#263);
#262 = CARTESIAN_POINT('',(54.97,0.6,1.));
#263 = VECTOR('',#264,1.);
#264 = DIRECTION('',(1.,0.,0.));
#265 = ORIENTED_EDGE('',*,*,#266,.F.);
#266 = EDGE_CURVE('',#267,#259,#269,.T.);
#267 = VERTEX_POINT('',#268);
#268 = CARTESIAN_POINT('',(110.88586618806,1.6,0.));
#269 = ELLIPSE('',#270,5.218448045157,3.69);
#270 = AXIS2_PLACEMENT_3D('',#271,#272,#273);
#271 = CARTESIAN_POINT('',(108.36,4.29,-2.69));
#272 = DIRECTION('',(0.,-0.707106781187,-0.707106781187));
#273 = DIRECTION('',(0.,0.707106781187,-0.707106781187));
#274 = ORIENTED_EDGE('',*,*,#275,.T.);
#275 = EDGE_CURVE('',#267,#276,#278,.T.);
#276 = VERTEX_POINT('',#277);
#277 = CARTESIAN_POINT('',(111.,1.6,-1.110223024625E-16));
#278 = LINE('',#279,#280);
#279 = CARTESIAN_POINT('',(7.,1.6,0.));
#280 = VECTOR('',#281,1.);
#281 = DIRECTION('',(1.,0.,0.));
#282 = ORIENTED_EDGE('',*,*,#283,.T.);
#283 = EDGE_CURVE('',#276,#284,#286,.T.);
#284 = VERTEX_POINT('',#285);
#285 = CARTESIAN_POINT('',(111.,-1.110223024625E-16,1.6));
#286 = LINE('',#287,#288);
#287 = CARTESIAN_POINT('',(111.,0.8,0.8));
#288 = VECTOR('',#289,1.);
#289 = DIRECTION('',(0.,-0.707106781187,0.707106781187));
#290 = ORIENTED_EDGE('',*,*,#291,.F.);
#291 = EDGE_CURVE('',#241,#284,#292,.T.);
#292 = LINE('',#293,#294);
#293 = CARTESIAN_POINT('',(7.,0.,1.6));
#294 = VECTOR('',#295,1.);
#295 = DIRECTION('',(1.,0.,0.));
#296 = PLANE('',#297);
#297 = AXIS2_PLACEMENT_3D('',#298,#299,#300);
#298 = CARTESIAN_POINT('',(7.,0.8,0.8));
#299 = DIRECTION('',(0.,-0.707106781187,-0.707106781187));
#300 = DIRECTION('',(1.,0.,0.));
#301 = ADVANCED_FACE('',(#302),#329,.F.);
#302 = FACE_BOUND('',#303,.T.);
#303 = EDGE_LOOP('',(#304,#305,#313,#322,#328));
#304 = ORIENTED_EDGE('',*,*,#184,.T.);
#305 = ORIENTED_EDGE('',*,*,#306,.T.);
#306 = EDGE_CURVE('',#177,#307,#309,.T.);
#307 = VERTEX_POINT('',#308);
#308 = CARTESIAN_POINT('',(99.25,4.29,1.9));
#309 = LINE('',#310,#311);
#310 = CARTESIAN_POINT('',(99.25,4.29,-1.));
#311 = VECTOR('',#312,1.);
#312 = DIRECTION('',(0.,0.,1.));
#313 = ORIENTED_EDGE('',*,*,#314,.T.);
#314 = EDGE_CURVE('',#307,#315,#317,.T.);
#315 = VERTEX_POINT('',#316);
#316 = CARTESIAN_POINT('',(102.94,0.6,1.9));
#317 = CIRCLE('',#318,3.69);
#318 = AXIS2_PLACEMENT_3D('',#319,#320,#321);
#319 = CARTESIAN_POINT('',(102.94,4.29,1.9));
#320 = DIRECTION('',(0.,-1.110223024625E-16,1.));
#321 = DIRECTION('',(-1.,8.725330003829E-16,9.687062267704E-32));
#322 = ORIENTED_EDGE('',*,*,#323,.F.);
#323 = EDGE_CURVE('',#250,#315,#324,.T.);
#324 = LINE('',#325,#326);
#325 = CARTESIAN_POINT('',(102.94,0.6,-1.));
#326 = VECTOR('',#327,1.);
#327 = DIRECTION('',(0.,0.,1.));
#328 = ORIENTED_EDGE('',*,*,#249,.T.);
#329 = CYLINDRICAL_SURFACE('',#330,3.69);
#330 = AXIS2_PLACEMENT_3D('',#331,#332,#333);
#331 = CARTESIAN_POINT('',(102.94,4.29,-1.));
#332 = DIRECTION('',(0.,1.110223024625E-16,-1.));
#333 = DIRECTION('',(-1.,8.725330003829E-16,9.687062267704E-32));
#334 = ADVANCED_FACE('',(#335),#353,.T.);
#335 = FACE_BOUND('',#336,.T.);
#336 = EDGE_LOOP('',(#337,#338,#346,#352));
#337 = ORIENTED_EDGE('',*,*,#176,.F.);
#338 = ORIENTED_EDGE('',*,*,#339,.T.);
#339 = EDGE_CURVE('',#168,#340,#342,.T.);
#340 = VERTEX_POINT('',#341);
#341 = CARTESIAN_POINT('',(99.25,4.31,1.9));
#342 = LINE('',#343,#344);
#343 = CARTESIAN_POINT('',(99.25,4.31,-1.));
#344 = VECTOR('',#345,1.);
#345 = DIRECTION('',(0.,0.,1.));
#346 = ORIENTED_EDGE('',*,*,#347,.T.);
#347 = EDGE_CURVE('',#340,#307,#348,.T.);
#348 = LINE('',#349,#350);
#349 = CARTESIAN_POINT('',(99.25,4.31,1.9));
#350 = VECTOR('',#351,1.);
#351 = DIRECTION('',(0.,-1.,-1.110223024625E-16));
#352 = ORIENTED_EDGE('',*,*,#306,.F.);
#353 = PLANE('',#354);
#354 = AXIS2_PLACEMENT_3D('',#355,#356,#357);
#355 = CARTESIAN_POINT('',(99.25,4.31,-1.));
#356 = DIRECTION('',(1.,0.,0.));
#357 = DIRECTION('',(0.,-1.,-1.110223024625E-16));
#358 = ADVANCED_FACE('',(#359),#378,.F.);
#359 = FACE_BOUND('',#360,.T.);
#360 = EDGE_LOOP('',(#361,#362,#370,#377));
#361 = ORIENTED_EDGE('',*,*,#167,.T.);
#362 = ORIENTED_EDGE('',*,*,#363,.T.);
#363 = EDGE_CURVE('',#160,#364,#366,.T.);
#364 = VERTEX_POINT('',#365);
#365 = CARTESIAN_POINT('',(102.94,8.,1.9));
#366 = LINE('',#367,#368);
#367 = CARTESIAN_POINT('',(102.94,8.,-1.));
#368 = VECTOR('',#369,1.);
#369 = DIRECTION('',(0.,0.,1.));
#370 = ORIENTED_EDGE('',*,*,#371,.T.);
#371 = EDGE_CURVE('',#364,#340,#372,.T.);
#372 = CIRCLE('',#373,3.69);
#373 = AXIS2_PLACEMENT_3D('',#374,#375,#376);
#374 = CARTESIAN_POINT('',(102.94,4.31,1.9));
#375 = DIRECTION('',(0.,-1.110223024625E-16,1.));
#376 = DIRECTION('',(0.,1.,1.110223024625E-16));
#377 = ORIENTED_EDGE('',*,*,#339,.F.);
#378 = CYLINDRICAL_SURFACE('',#379,3.69);
#379 = AXIS2_PLACEMENT_3D('',#380,#381,#382);
#380 = CARTESIAN_POINT('',(102.94,4.31,-1.));
#381 = DIRECTION('',(0.,1.110223024625E-16,-1.));
#382 = DIRECTION('',(0.,1.,1.110223024625E-16));
#383 = ADVANCED_FACE('',(#384),#402,.T.);
#384 = FACE_BOUND('',#385,.T.);
#385 = EDGE_LOOP('',(#386,#387,#395,#401));
#386 = ORIENTED_EDGE('',*,*,#159,.F.);
#387 = ORIENTED_EDGE('',*,*,#388,.T.);
#388 = EDGE_CURVE('',#151,#389,#391,.T.);
#389 = VERTEX_POINT('',#390);
#390 = CARTESIAN_POINT('',(108.36,8.,1.9));
#391 = LINE('',#392,#393);
#392 = CARTESIAN_POINT('',(108.36,8.,-1.));
#393 = VECTOR('',#394,1.);
#394 = DIRECTION('',(0.,0.,1.));
#395 = ORIENTED_EDGE('',*,*,#396,.T.);
#396 = EDGE_CURVE('',#389,#364,#397,.T.);
#397 = LINE('',#398,#399);
#398 = CARTESIAN_POINT('',(108.36,8.,1.9));
#399 = VECTOR('',#400,1.);
#400 = DIRECTION('',(-1.,0.,0.));
#401 = ORIENTED_EDGE('',*,*,#363,.F.);
#402 = PLANE('',#403);
#403 = AXIS2_PLACEMENT_3D('',#404,#405,#406);
#404 = CARTESIAN_POINT('',(108.36,8.,-1.));
#405 = DIRECTION('',(0.,-1.,0.));
#406 = DIRECTION('',(-1.,0.,0.));
#407 = ADVANCED_FACE('',(#408),#444,.F.);
#408 = FACE_BOUND('',#409,.T.);
#409 = EDGE_LOOP('',(#410,#427,#435,#442,#443));
#410 = ORIENTED_EDGE('',*,*,#411,.F.);
#411 = EDGE_CURVE('',#412,#143,#414,.T.);
#412 = VERTEX_POINT('',#413);
#413 = CARTESIAN_POINT('',(112.05,4.31,7.919802335025E-02));
#414 = B_SPLINE_CURVE_WITH_KNOTS('',6,(#415,#416,#417,#418,#419,#420,
    #421,#422,#423,#424,#425,#426),.UNSPECIFIED.,.F.,.F.,(7,5,7),(0.,
    0.785107795661,1.),.UNSPECIFIED.);
#415 = CARTESIAN_POINT('',(112.05,4.31,7.919802335018E-02));
#416 = CARTESIAN_POINT('',(112.05,4.667636338928,7.919802335018E-02));
#417 = CARTESIAN_POINT('',(112.00840579379,5.024891772219,
    7.288782160943E-02));
#418 = CARTESIAN_POINT('',(111.92537894949,5.378917889406,
    6.02901415578E-02));
#419 = CARTESIAN_POINT('',(111.79980030376,5.726616400249,
    4.31564481009E-02));
#420 = CARTESIAN_POINT('',(111.62955765826,6.063854344793,
    2.495987792419E-02));
#421 = CARTESIAN_POINT('',(111.35235962202,6.471738868742,
    8.619353977015E-03));
#422 = CARTESIAN_POINT('',(111.28922848365,6.558135665428,
    5.509286987955E-03));
#423 = CARTESIAN_POINT('',(111.22247895717,6.643136606079,
    2.933197308642E-03));
#424 = CARTESIAN_POINT('',(111.15205778479,6.726582251262,
    1.040664001833E-03));
#425 = CARTESIAN_POINT('',(111.07791407835,6.80829529367,
    -5.892540391664E-15));
#426 = CARTESIAN_POINT('',(111.,6.888080681437,-6.050715484207E-15));
#427 = ORIENTED_EDGE('',*,*,#428,.T.);
#428 = EDGE_CURVE('',#412,#429,#431,.T.);
#429 = VERTEX_POINT('',#430);
#430 = CARTESIAN_POINT('',(112.05,4.31,1.9));
#431 = LINE('',#432,#433);
#432 = CARTESIAN_POINT('',(112.05,4.31,-1.));
#433 = VECTOR('',#434,1.);
#434 = DIRECTION('',(0.,0.,1.));
#435 = ORIENTED_EDGE('',*,*,#436,.T.);
#436 = EDGE_CURVE('',#429,#389,#437,.T.);
#437 = CIRCLE('',#438,3.69);
#438 = AXIS2_PLACEMENT_3D('',#439,#440,#441);
#439 = CARTESIAN_POINT('',(108.36,4.31,1.9));
#440 = DIRECTION('',(0.,-1.110223024625E-16,1.));
#441 = DIRECTION('',(1.,-8.725330003829E-16,-9.687062267704E-32));
#442 = ORIENTED_EDGE('',*,*,#388,.F.);
#443 = ORIENTED_EDGE('',*,*,#150,.T.);
#444 = CYLINDRICAL_SURFACE('',#445,3.69);
#445 = AXIS2_PLACEMENT_3D('',#446,#447,#448);
#446 = CARTESIAN_POINT('',(108.36,4.31,-1.));
#447 = DIRECTION('',(0.,1.110223024625E-16,-1.));
#448 = DIRECTION('',(1.,-8.725330003829E-16,-9.687062267704E-32));
#449 = ADVANCED_FACE('',(#450),#509,.T.);
#450 = FACE_BOUND('',#451,.T.);
#451 = EDGE_LOOP('',(#452,#461,#469,#486,#492,#493,#494,#503));
#452 = ORIENTED_EDGE('',*,*,#453,.F.);
#453 = EDGE_CURVE('',#276,#454,#456,.T.);
#454 = VERTEX_POINT('',#455);
#455 = CARTESIAN_POINT('',(118.,1.6,7.));
#456 = CIRCLE('',#457,7.);
#457 = AXIS2_PLACEMENT_3D('',#458,#459,#460);
#458 = CARTESIAN_POINT('',(111.,1.6,7.));
#459 = DIRECTION('',(0.,-1.,0.));
#460 = DIRECTION('',(2.030122102172E-15,0.,-1.));
#461 = ORIENTED_EDGE('',*,*,#462,.T.);
#462 = EDGE_CURVE('',#276,#463,#465,.T.);
#463 = VERTEX_POINT('',#464);
#464 = CARTESIAN_POINT('',(111.,1.711919318564,-3.10862446895E-15));
#465 = LINE('',#466,#467);
#466 = CARTESIAN_POINT('',(111.,0.,-3.10862446895E-15));
#467 = VECTOR('',#468,1.);
#468 = DIRECTION('',(0.,1.,0.));
#469 = ORIENTED_EDGE('',*,*,#470,.T.);
#470 = EDGE_CURVE('',#463,#471,#473,.T.);
#471 = VERTEX_POINT('',#472);
#472 = CARTESIAN_POINT('',(112.05,4.29,7.919802335025E-02));
#473 = B_SPLINE_CURVE_WITH_KNOTS('',6,(#474,#475,#476,#477,#478,#479,
    #480,#481,#482,#483,#484,#485),.UNSPECIFIED.,.F.,.F.,(7,5,7),(0.,
    0.214998089564,1.),.UNSPECIFIED.);
#474 = CARTESIAN_POINT('',(111.,1.711919318563,-6.383782391595E-15));
#475 = CARTESIAN_POINT('',(111.07795246715,1.791744017137,
    -6.2255293651E-15));
#476 = CARTESIAN_POINT('',(111.15213078437,1.873498207129,
    1.041689728906E-03));
#477 = CARTESIAN_POINT('',(111.22258289527,1.956986566715,
    2.935992198876E-03));
#478 = CARTESIAN_POINT('',(111.28935979924,2.042031567809,
    5.514356324519E-03));
#479 = CARTESIAN_POINT('',(111.35251486312,2.128473594511,
    8.62700304458E-03));
#480 = CARTESIAN_POINT('',(111.62967206914,2.536372414486,
    2.497211758091E-02));
#481 = CARTESIAN_POINT('',(111.79986793388,2.873570709911,
    4.316566138983E-02));
#482 = CARTESIAN_POINT('',(111.92541252485,3.221225191082,
    6.029524293194E-02));
#483 = CARTESIAN_POINT('',(112.00841700077,3.57520453237,
    7.288951975324E-02));
#484 = CARTESIAN_POINT('',(112.05,3.932411845885,7.919802335018E-02));
#485 = CARTESIAN_POINT('',(112.05,4.29,7.919802335018E-02));
#486 = ORIENTED_EDGE('',*,*,#487,.F.);
#487 = EDGE_CURVE('',#412,#471,#488,.T.);
#488 = LINE('',#489,#490);
#489 = CARTESIAN_POINT('',(112.05,0.,7.919802335018E-02));
#490 = VECTOR('',#491,1.);
#491 = DIRECTION('',(0.,-1.,0.));
#492 = ORIENTED_EDGE('',*,*,#411,.T.);
#493 = ORIENTED_EDGE('',*,*,#142,.T.);
#494 = ORIENTED_EDGE('',*,*,#495,.T.);
#495 = EDGE_CURVE('',#135,#496,#498,.T.);
#496 = VERTEX_POINT('',#497);
#497 = CARTESIAN_POINT('',(118.,14.2,7.));
#498 = CIRCLE('',#499,7.);
#499 = AXIS2_PLACEMENT_3D('',#500,#501,#502);
#500 = CARTESIAN_POINT('',(111.,14.2,7.));
#501 = DIRECTION('',(0.,-1.,0.));
#502 = DIRECTION('',(2.030122102172E-15,0.,-1.));
#503 = ORIENTED_EDGE('',*,*,#504,.F.);
#504 = EDGE_CURVE('',#454,#496,#505,.T.);
#505 = LINE('',#506,#507);
#506 = CARTESIAN_POINT('',(118.,0.,7.));
#507 = VECTOR('',#508,1.);
#508 = DIRECTION('',(0.,1.,0.));
#509 = CYLINDRICAL_SURFACE('',#510,7.);
#510 = AXIS2_PLACEMENT_3D('',#511,#512,#513);
#511 = CARTESIAN_POINT('',(111.,0.,7.));
#512 = DIRECTION('',(0.,-1.,0.));
#513 = DIRECTION('',(2.030122102172E-15,0.,-1.));
#514 = ADVANCED_FACE('',(#515),#540,.F.);
#515 = FACE_BOUND('',#516,.F.);
#516 = EDGE_LOOP('',(#517,#525,#526,#534));
#517 = ORIENTED_EDGE('',*,*,#518,.F.);
#518 = EDGE_CURVE('',#127,#519,#521,.T.);
#519 = VERTEX_POINT('',#520);
#520 = CARTESIAN_POINT('',(44.,15.,0.8));
#521 = LINE('',#522,#523);
#522 = CARTESIAN_POINT('',(44.,14.05,-0.15));
#523 = VECTOR('',#524,1.);
#524 = DIRECTION('',(0.,0.707106781187,0.707106781187));
#525 = ORIENTED_EDGE('',*,*,#134,.T.);
#526 = ORIENTED_EDGE('',*,*,#527,.T.);
#527 = EDGE_CURVE('',#135,#528,#530,.T.);
#528 = VERTEX_POINT('',#529);
#529 = CARTESIAN_POINT('',(111.,15.,0.8));
#530 = LINE('',#531,#532);
#531 = CARTESIAN_POINT('',(111.,14.6,0.4));
#532 = VECTOR('',#533,1.);
#533 = DIRECTION('',(0.,0.707106781187,0.707106781187));
#534 = ORIENTED_EDGE('',*,*,#535,.F.);
#535 = EDGE_CURVE('',#519,#528,#536,.T.);
#536 = LINE('',#537,#538);
#537 = CARTESIAN_POINT('',(7.,15.,0.8));
#538 = VECTOR('',#539,1.);
#539 = DIRECTION('',(1.,0.,0.));
#540 = PLANE('',#541);
#541 = AXIS2_PLACEMENT_3D('',#542,#543,#544);
#542 = CARTESIAN_POINT('',(7.,14.6,0.4));
#543 = DIRECTION('',(6.983161618628E-18,-0.707106781187,0.707106781187)
  );
#544 = DIRECTION('',(1.,4.937840934654E-18,-4.937840934654E-18));
#545 = ADVANCED_FACE('',(#546),#572,.F.);
#546 = FACE_BOUND('',#547,.F.);
#547 = EDGE_LOOP('',(#548,#556,#557,#558,#566));
#548 = ORIENTED_EDGE('',*,*,#549,.F.);
#549 = EDGE_CURVE('',#119,#550,#552,.T.);
#550 = VERTEX_POINT('',#551);
#551 = CARTESIAN_POINT('',(44.,13.8,1.6));
#552 = LINE('',#553,#554);
#553 = CARTESIAN_POINT('',(44.,13.8,-1.));
#554 = VECTOR('',#555,1.);
#555 = DIRECTION('',(0.,0.,1.));
#556 = ORIENTED_EDGE('',*,*,#126,.F.);
#557 = ORIENTED_EDGE('',*,*,#518,.T.);
#558 = ORIENTED_EDGE('',*,*,#559,.T.);
#559 = EDGE_CURVE('',#519,#560,#562,.T.);
#560 = VERTEX_POINT('',#561);
#561 = CARTESIAN_POINT('',(44.,15.,1.6));
#562 = LINE('',#563,#564);
#563 = CARTESIAN_POINT('',(44.,15.,15.875));
#564 = VECTOR('',#565,1.);
#565 = DIRECTION('',(0.,0.,1.));
#566 = ORIENTED_EDGE('',*,*,#567,.T.);
#567 = EDGE_CURVE('',#560,#550,#568,.T.);
#568 = LINE('',#569,#570);
#569 = CARTESIAN_POINT('',(44.,13.2,1.6));
#570 = VECTOR('',#571,1.);
#571 = DIRECTION('',(0.,-1.,0.));
#572 = PLANE('',#573);
#573 = AXIS2_PLACEMENT_3D('',#574,#575,#576);
#574 = CARTESIAN_POINT('',(44.,13.8,-1.));
#575 = DIRECTION('',(1.,0.,0.));
#576 = DIRECTION('',(0.,0.,1.));
#577 = ADVANCED_FACE('',(#578),#596,.T.);
#578 = FACE_BOUND('',#579,.T.);
#579 = EDGE_LOOP('',(#580,#581,#582,#590));
#580 = ORIENTED_EDGE('',*,*,#549,.F.);
#581 = ORIENTED_EDGE('',*,*,#118,.F.);
#582 = ORIENTED_EDGE('',*,*,#583,.T.);
#583 = EDGE_CURVE('',#111,#584,#586,.T.);
#584 = VERTEX_POINT('',#585);
#585 = CARTESIAN_POINT('',(36.,13.8,1.6));
#586 = LINE('',#587,#588);
#587 = CARTESIAN_POINT('',(36.,13.8,-1.));
#588 = VECTOR('',#589,1.);
#589 = DIRECTION('',(0.,0.,1.));
#590 = ORIENTED_EDGE('',*,*,#591,.T.);
#591 = EDGE_CURVE('',#584,#550,#592,.T.);
#592 = LINE('',#593,#594);
#593 = CARTESIAN_POINT('',(19.8,13.8,1.6));
#594 = VECTOR('',#595,1.);
#595 = DIRECTION('',(1.,0.,0.));
#596 = PLANE('',#597);
#597 = AXIS2_PLACEMENT_3D('',#598,#599,#600);
#598 = CARTESIAN_POINT('',(36.,13.8,-1.));
#599 = DIRECTION('',(0.,1.,0.));
#600 = DIRECTION('',(0.,0.,1.));
#601 = ADVANCED_FACE('',(#602),#628,.T.);
#602 = FACE_BOUND('',#603,.T.);
#603 = EDGE_LOOP('',(#604,#605,#606,#614,#622));
#604 = ORIENTED_EDGE('',*,*,#583,.F.);
#605 = ORIENTED_EDGE('',*,*,#110,.F.);
#606 = ORIENTED_EDGE('',*,*,#607,.T.);
#607 = EDGE_CURVE('',#103,#608,#610,.T.);
#608 = VERTEX_POINT('',#609);
#609 = CARTESIAN_POINT('',(36.,15.,0.8));
#610 = LINE('',#611,#612);
#611 = CARTESIAN_POINT('',(36.,14.05,-0.15));
#612 = VECTOR('',#613,1.);
#613 = DIRECTION('',(0.,0.707106781187,0.707106781187));
#614 = ORIENTED_EDGE('',*,*,#615,.T.);
#615 = EDGE_CURVE('',#608,#616,#618,.T.);
#616 = VERTEX_POINT('',#617);
#617 = CARTESIAN_POINT('',(36.,15.,1.6));
#618 = LINE('',#619,#620);
#619 = CARTESIAN_POINT('',(36.,15.,15.875));
#620 = VECTOR('',#621,1.);
#621 = DIRECTION('',(0.,0.,1.));
#622 = ORIENTED_EDGE('',*,*,#623,.T.);
#623 = EDGE_CURVE('',#616,#584,#624,.T.);
#624 = LINE('',#625,#626);
#625 = CARTESIAN_POINT('',(36.,13.2,1.6));
#626 = VECTOR('',#627,1.);
#627 = DIRECTION('',(0.,-1.,0.));
#628 = PLANE('',#629);
#629 = AXIS2_PLACEMENT_3D('',#630,#631,#632);
#630 = CARTESIAN_POINT('',(36.,13.8,-1.));
#631 = DIRECTION('',(1.,0.,0.));
#632 = DIRECTION('',(0.,0.,1.));
#633 = ADVANCED_FACE('',(#634),#652,.F.);
#634 = FACE_BOUND('',#635,.F.);
#635 = EDGE_LOOP('',(#636,#644,#645,#646));
#636 = ORIENTED_EDGE('',*,*,#637,.F.);
#637 = EDGE_CURVE('',#95,#638,#640,.T.);
#638 = VERTEX_POINT('',#639);
#639 = CARTESIAN_POINT('',(7.,15.,0.8));
#640 = LINE('',#641,#642);
#641 = CARTESIAN_POINT('',(7.,14.6,0.4));
#642 = VECTOR('',#643,1.);
#643 = DIRECTION('',(0.,0.707106781187,0.707106781187));
#644 = ORIENTED_EDGE('',*,*,#102,.T.);
#645 = ORIENTED_EDGE('',*,*,#607,.T.);
#646 = ORIENTED_EDGE('',*,*,#647,.F.);
#647 = EDGE_CURVE('',#638,#608,#648,.T.);
#648 = LINE('',#649,#650);
#649 = CARTESIAN_POINT('',(7.,15.,0.8));
#650 = VECTOR('',#651,1.);
#651 = DIRECTION('',(1.,0.,0.));
#652 = PLANE('',#653);
#653 = AXIS2_PLACEMENT_3D('',#654,#655,#656);
#654 = CARTESIAN_POINT('',(7.,14.6,0.4));
#655 = DIRECTION('',(6.983161618628E-18,-0.707106781187,0.707106781187)
  );
#656 = DIRECTION('',(1.,4.937840934654E-18,-4.937840934654E-18));
#657 = ADVANCED_FACE('',(#658),#683,.T.);
#658 = FACE_BOUND('',#659,.T.);
#659 = EDGE_LOOP('',(#660,#670,#676,#677));
#660 = ORIENTED_EDGE('',*,*,#661,.T.);
#661 = EDGE_CURVE('',#662,#664,#666,.T.);
#662 = VERTEX_POINT('',#663);
#663 = CARTESIAN_POINT('',(0.,1.6,58.5));
#664 = VERTEX_POINT('',#665);
#665 = CARTESIAN_POINT('',(0.,14.2,58.5));
#666 = LINE('',#667,#668);
#667 = CARTESIAN_POINT('',(0.,0.,58.5));
#668 = VECTOR('',#669,1.);
#669 = DIRECTION('',(0.,1.,0.));
#670 = ORIENTED_EDGE('',*,*,#671,.T.);
#671 = EDGE_CURVE('',#664,#210,#672,.T.);
#672 = LINE('',#673,#674);
#673 = CARTESIAN_POINT('',(0.,14.2,58.5));
#674 = VECTOR('',#675,1.);
#675 = DIRECTION('',(0.,0.,-1.));
#676 = ORIENTED_EDGE('',*,*,#207,.F.);
#677 = ORIENTED_EDGE('',*,*,#678,.F.);
#678 = EDGE_CURVE('',#662,#208,#679,.T.);
#679 = LINE('',#680,#681);
#680 = CARTESIAN_POINT('',(0.,1.6,58.5));
#681 = VECTOR('',#682,1.);
#682 = DIRECTION('',(0.,0.,-1.));
#683 = PLANE('',#684);
#684 = AXIS2_PLACEMENT_3D('',#685,#686,#687);
#685 = CARTESIAN_POINT('',(0.,0.,58.5));
#686 = DIRECTION('',(-1.,0.,0.));
#687 = DIRECTION('',(0.,0.,-1.));
#688 = ADVANCED_FACE('',(#689),#782,.T.);
#689 = FACE_BOUND('',#690,.F.);
#690 = EDGE_LOOP('',(#691,#699,#700,#701,#710,#719,#766,#775));
#691 = ORIENTED_EDGE('',*,*,#692,.F.);
#692 = EDGE_CURVE('',#210,#693,#695,.T.);
#693 = VERTEX_POINT('',#694);
#694 = CARTESIAN_POINT('',(0.8,15.,7.));
#695 = LINE('',#696,#697);
#696 = CARTESIAN_POINT('',(0.4,14.6,7.));
#697 = VECTOR('',#698,1.);
#698 = DIRECTION('',(0.707106781187,0.707106781187,0.));
#699 = ORIENTED_EDGE('',*,*,#217,.T.);
#700 = ORIENTED_EDGE('',*,*,#637,.T.);
#701 = ORIENTED_EDGE('',*,*,#702,.F.);
#702 = EDGE_CURVE('',#703,#638,#705,.T.);
#703 = VERTEX_POINT('',#704);
#704 = CARTESIAN_POINT('',(3.953690757654,15.,1.6));
#705 = CIRCLE('',#706,6.2);
#706 = AXIS2_PLACEMENT_3D('',#707,#708,#709);
#707 = CARTESIAN_POINT('',(7.,15.,7.));
#708 = DIRECTION('',(-0.,-1.,-0.));
#709 = DIRECTION('',(-1.,0.,0.));
#710 = ORIENTED_EDGE('',*,*,#711,.T.);
#711 = EDGE_CURVE('',#703,#712,#714,.T.);
#712 = VERTEX_POINT('',#713);
#713 = CARTESIAN_POINT('',(3.6,14.818777546582,1.6));
#714 = HYPERBOLA('',#715,5.4,5.4);
#715 = AXIS2_PLACEMENT_3D('',#716,#717,#718);
#716 = CARTESIAN_POINT('',(7.,21.2,1.6));
#717 = DIRECTION('',(0.,0.,-1.));
#718 = DIRECTION('',(0.,-1.,0.));
#719 = ORIENTED_EDGE('',*,*,#720,.F.);
#720 = EDGE_CURVE('',#721,#712,#723,.T.);
#721 = VERTEX_POINT('',#722);
#722 = CARTESIAN_POINT('',(1.6,14.818777546582,3.6));
#723 = B_SPLINE_CURVE_WITH_KNOTS('',6,(#724,#725,#726,#727,#728,#729,
    #730,#731,#732,#733,#734,#735,#736,#737,#738,#739,#740,#741,#742,
    #743,#744,#745,#746,#747,#748,#749,#750,#751,#752,#753,#754,#755,
    #756,#757,#758,#759,#760,#761,#762,#763,#764,#765),.UNSPECIFIED.,.F.
  ,.F.,(7,5,5,5,5,5,5,5,7),(0.,0.253205569599,0.343767649005,
    0.395259471721,0.500442695422,0.605649508432,0.657167999752,
    0.749790318179,1.),.UNSPECIFIED.);
#724 = CARTESIAN_POINT('',(1.6,14.818777546582,3.6));
#725 = CARTESIAN_POINT('',(1.6,14.760338458187,3.490319757933));
#726 = CARTESIAN_POINT('',(1.607217721576,14.704315504069,3.376751041953
    ));
#727 = CARTESIAN_POINT('',(1.622613637109,14.651113461872,3.259280545056
    ));
#728 = CARTESIAN_POINT('',(1.647402391071,14.601457038491,3.138281435692
    ));
#729 = CARTESIAN_POINT('',(1.682923083462,14.556330841184,3.014608355802
    ));
#730 = CARTESIAN_POINT('',(1.747378642625,14.50281623067,2.844963755904)
  );
#731 = CARTESIAN_POINT('',(1.765882245909,14.489453604579,2.800124258509
    ));
#732 = CARTESIAN_POINT('',(1.785958701547,14.476882663646,2.755211584446
    ));
#733 = CARTESIAN_POINT('',(1.807650326203,14.465164392183,2.710317797508
    ));
#734 = CARTESIAN_POINT('',(1.830985706674,14.454361038294,2.665551292159
    ));
#735 = CARTESIAN_POINT('',(1.87018038201,14.438944698007,2.595725857781)
  );
#736 = CARTESIAN_POINT('',(1.884921609883,14.433671765925,2.570496795753
    ));
#737 = CARTESIAN_POINT('',(1.900198326008,14.428725300983,2.545372239527
    ));
#738 = CARTESIAN_POINT('',(1.916009512836,14.424115978941,2.520376652155
    ));
#739 = CARTESIAN_POINT('',(1.932351554689,14.419853880606,2.495535776448
    ));
#740 = CARTESIAN_POINT('',(1.983672098672,14.407970887646,2.420504986491
    ));
#741 = CARTESIAN_POINT('',(2.020319426096,14.401480460683,2.37088475259)
  );
#742 = CARTESIAN_POINT('',(2.05909729146,14.396558910305,2.322257744448)
  );
#743 = CARTESIAN_POINT('',(2.099900420575,14.393267349542,2.274863238883
    ));
#744 = CARTESIAN_POINT('',(2.142573449486,14.391639406867,2.228930379205
    ));
#745 = CARTESIAN_POINT('',(2.231242852948,14.391709256897,2.140400846847
    ));
#746 = CARTESIAN_POINT('',(2.277249562353,14.393407803629,2.097795349601
    ));
#747 = CARTESIAN_POINT('',(2.324710891769,14.396769878067,2.057066441883
    ));
#748 = CARTESIAN_POINT('',(2.373397075098,14.401761031445,2.018368311572
    ));
#749 = CARTESIAN_POINT('',(2.423068650374,14.408319454703,1.981804889167
    ));
#750 = CARTESIAN_POINT('',(2.498171949592,14.420301791427,1.930608596722
    ));
#751 = CARTESIAN_POINT('',(2.523039816562,14.424597027671,1.914305067832
    ));
#752 = CARTESIAN_POINT('',(2.548060699812,14.429239136357,1.89853323933)
  );
#753 = CARTESIAN_POINT('',(2.57320888066,14.434217984016,1.883296586494)
  );
#754 = CARTESIAN_POINT('',(2.598459936057,14.439522852952,1.868595993946
    ));
#755 = CARTESIAN_POINT('',(2.669331622999,14.4552455961,1.828961039472)
  );
#756 = CARTESIAN_POINT('',(2.715130099876,14.466366154491,1.805220015258
    ));
#757 = CARTESIAN_POINT('',(2.761053921543,14.478439610921,1.783197116587
    ));
#758 = CARTESIAN_POINT('',(2.806988106891,14.491399365365,1.762860756718
    ));
#759 = CARTESIAN_POINT('',(2.852835510317,14.50518033935,1.744164664461)
  );
#760 = CARTESIAN_POINT('',(3.02192229932,14.559006994343,1.680835812898)
  );
#761 = CARTESIAN_POINT('',(3.144003901555,14.603809985595,1.646237961685
    ));
#762 = CARTESIAN_POINT('',(3.263445614059,14.653001736087,1.62207090802)
  );
#763 = CARTESIAN_POINT('',(3.379438176728,14.705641290564,1.607047329632
    ));
#764 = CARTESIAN_POINT('',(3.491622256995,14.761032446971,1.6));
#765 = CARTESIAN_POINT('',(3.6,14.818777546582,1.6));
#766 = ORIENTED_EDGE('',*,*,#767,.T.);
#767 = EDGE_CURVE('',#721,#768,#770,.T.);
#768 = VERTEX_POINT('',#769);
#769 = CARTESIAN_POINT('',(1.6,15.,3.953690757654));
#770 = HYPERBOLA('',#771,5.4,5.4);
#771 = AXIS2_PLACEMENT_3D('',#772,#773,#774);
#772 = CARTESIAN_POINT('',(1.6,21.2,7.));
#773 = DIRECTION('',(-1.,0.,0.));
#774 = DIRECTION('',(-0.,-1.,-0.));
#775 = ORIENTED_EDGE('',*,*,#776,.F.);
#776 = EDGE_CURVE('',#693,#768,#777,.T.);
#777 = CIRCLE('',#778,6.2);
#778 = AXIS2_PLACEMENT_3D('',#779,#780,#781);
#779 = CARTESIAN_POINT('',(7.,15.,7.));
#780 = DIRECTION('',(-0.,-1.,-0.));
#781 = DIRECTION('',(-1.,0.,0.));
#782 = CONICAL_SURFACE('',#783,7.,0.785398163397);
#783 = AXIS2_PLACEMENT_3D('',#784,#785,#786);
#784 = CARTESIAN_POINT('',(7.,14.2,7.));
#785 = DIRECTION('',(0.,-1.,0.));
#786 = DIRECTION('',(-1.,0.,0.));
#787 = ADVANCED_FACE('',(#788),#807,.T.);
#788 = FACE_BOUND('',#789,.T.);
#789 = EDGE_LOOP('',(#790,#798,#799,#800));
#790 = ORIENTED_EDGE('',*,*,#791,.F.);
#791 = EDGE_CURVE('',#208,#792,#794,.T.);
#792 = VERTEX_POINT('',#793);
#793 = CARTESIAN_POINT('',(1.6,-1.110223024625E-16,7.));
#794 = LINE('',#795,#796);
#795 = CARTESIAN_POINT('',(0.8,0.8,7.));
#796 = VECTOR('',#797,1.);
#797 = DIRECTION('',(0.707106781187,-0.707106781187,0.));
#798 = ORIENTED_EDGE('',*,*,#225,.T.);
#799 = ORIENTED_EDGE('',*,*,#240,.T.);
#800 = ORIENTED_EDGE('',*,*,#801,.F.);
#801 = EDGE_CURVE('',#792,#241,#802,.T.);
#802 = CIRCLE('',#803,5.4);
#803 = AXIS2_PLACEMENT_3D('',#804,#805,#806);
#804 = CARTESIAN_POINT('',(7.,0.,7.));
#805 = DIRECTION('',(-0.,-1.,-0.));
#806 = DIRECTION('',(-1.,0.,0.));
#807 = CONICAL_SURFACE('',#808,7.,0.785398163397);
#808 = AXIS2_PLACEMENT_3D('',#809,#810,#811);
#809 = CARTESIAN_POINT('',(7.,1.6,7.));
#810 = DIRECTION('',(0.,1.,0.));
#811 = DIRECTION('',(-1.,0.,0.));
#812 = ADVANCED_FACE('',(#813,#866,#936,#1006,#1017),#1028,.T.);
#813 = FACE_BOUND('',#814,.T.);
#814 = EDGE_LOOP('',(#815,#816,#825,#833,#842,#850,#859,#865));
#815 = ORIENTED_EDGE('',*,*,#291,.T.);
#816 = ORIENTED_EDGE('',*,*,#817,.T.);
#817 = EDGE_CURVE('',#284,#818,#820,.T.);
#818 = VERTEX_POINT('',#819);
#819 = CARTESIAN_POINT('',(116.4,-2.22044604925E-16,7.));
#820 = CIRCLE('',#821,5.4);
#821 = AXIS2_PLACEMENT_3D('',#822,#823,#824);
#822 = CARTESIAN_POINT('',(111.,0.,7.));
#823 = DIRECTION('',(0.,-1.,0.));
#824 = DIRECTION('',(2.030122102172E-15,0.,-1.));
#825 = ORIENTED_EDGE('',*,*,#826,.T.);
#826 = EDGE_CURVE('',#818,#827,#829,.T.);
#827 = VERTEX_POINT('',#828);
#828 = CARTESIAN_POINT('',(116.4,7.771561172376E-16,58.5));
#829 = LINE('',#830,#831);
#830 = CARTESIAN_POINT('',(116.4,0.,7.));
#831 = VECTOR('',#832,1.);
#832 = DIRECTION('',(0.,0.,1.));
#833 = ORIENTED_EDGE('',*,*,#834,.T.);
#834 = EDGE_CURVE('',#827,#835,#837,.T.);
#835 = VERTEX_POINT('',#836);
#836 = CARTESIAN_POINT('',(111.,4.440892098501E-16,63.9));
#837 = CIRCLE('',#838,5.4);
#838 = AXIS2_PLACEMENT_3D('',#839,#840,#841);
#839 = CARTESIAN_POINT('',(111.,0.,58.5));
#840 = DIRECTION('',(0.,-1.,0.));
#841 = DIRECTION('',(1.,0.,1.015061051086E-15));
#842 = ORIENTED_EDGE('',*,*,#843,.T.);
#843 = EDGE_CURVE('',#835,#844,#846,.T.);
#844 = VERTEX_POINT('',#845);
#845 = CARTESIAN_POINT('',(7.,-9.992007221626E-16,63.9));
#846 = LINE('',#847,#848);
#847 = CARTESIAN_POINT('',(111.,0.,63.9));
#848 = VECTOR('',#849,1.);
#849 = DIRECTION('',(-1.,0.,0.));
#850 = ORIENTED_EDGE('',*,*,#851,.T.);
#851 = EDGE_CURVE('',#844,#852,#854,.T.);
#852 = VERTEX_POINT('',#853);
#853 = CARTESIAN_POINT('',(1.6,4.440892098501E-16,58.5));
#854 = CIRCLE('',#855,5.4);
#855 = AXIS2_PLACEMENT_3D('',#856,#857,#858);
#856 = CARTESIAN_POINT('',(7.,0.,58.5));
#857 = DIRECTION('',(0.,-1.,0.));
#858 = DIRECTION('',(0.,0.,1.));
#859 = ORIENTED_EDGE('',*,*,#860,.T.);
#860 = EDGE_CURVE('',#852,#792,#861,.T.);
#861 = LINE('',#862,#863);
#862 = CARTESIAN_POINT('',(1.6,0.,58.5));
#863 = VECTOR('',#864,1.);
#864 = DIRECTION('',(0.,0.,-1.));
#865 = ORIENTED_EDGE('',*,*,#801,.T.);
#866 = FACE_BOUND('',#867,.T.);
#867 = EDGE_LOOP('',(#868,#879,#887,#896,#904,#913,#921,#930));
#868 = ORIENTED_EDGE('',*,*,#869,.T.);
#869 = EDGE_CURVE('',#870,#872,#874,.T.);
#870 = VERTEX_POINT('',#871);
#871 = CARTESIAN_POINT('',(81.090070921986,1.387778780781E-17,9.25));
#872 = VERTEX_POINT('',#873);
#873 = CARTESIAN_POINT('',(78.5,1.387778780781E-17,6.659929078014));
#874 = CIRCLE('',#875,2.590070921986);
#875 = AXIS2_PLACEMENT_3D('',#876,#877,#878);
#876 = CARTESIAN_POINT('',(78.5,0.,9.25));
#877 = DIRECTION('',(-0.,1.,0.));
#878 = DIRECTION('',(0.,0.,-1.));
#879 = ORIENTED_EDGE('',*,*,#880,.T.);
#880 = EDGE_CURVE('',#872,#881,#883,.T.);
#881 = VERTEX_POINT('',#882);
#882 = CARTESIAN_POINT('',(15.3,1.387778780781E-17,6.659929078014));
#883 = LINE('',#884,#885);
#884 = CARTESIAN_POINT('',(37.15,-1.110223024625E-16,6.659929078014));
#885 = VECTOR('',#886,1.);
#886 = DIRECTION('',(-1.,0.,0.));
#887 = ORIENTED_EDGE('',*,*,#888,.T.);
#888 = EDGE_CURVE('',#881,#889,#891,.T.);
#889 = VERTEX_POINT('',#890);
#890 = CARTESIAN_POINT('',(12.709929078014,1.387778780781E-17,9.25));
#891 = CIRCLE('',#892,2.590070921986);
#892 = AXIS2_PLACEMENT_3D('',#893,#894,#895);
#893 = CARTESIAN_POINT('',(15.3,0.,9.25));
#894 = DIRECTION('',(0.,1.,-0.));
#895 = DIRECTION('',(-1.,0.,0.));
#896 = ORIENTED_EDGE('',*,*,#897,.T.);
#897 = EDGE_CURVE('',#889,#898,#900,.T.);
#898 = VERTEX_POINT('',#899);
#899 = CARTESIAN_POINT('',(12.709929078014,1.387778780781E-17,56.25));
#900 = LINE('',#901,#902);
#901 = CARTESIAN_POINT('',(12.709929078014,-1.110223024625E-16,44.5));
#902 = VECTOR('',#903,1.);
#903 = DIRECTION('',(0.,0.,1.));
#904 = ORIENTED_EDGE('',*,*,#905,.T.);
#905 = EDGE_CURVE('',#898,#906,#908,.T.);
#906 = VERTEX_POINT('',#907);
#907 = CARTESIAN_POINT('',(15.3,1.387778780781E-17,58.840070921986));
#908 = CIRCLE('',#909,2.590070921986);
#909 = AXIS2_PLACEMENT_3D('',#910,#911,#912);
#910 = CARTESIAN_POINT('',(15.3,0.,56.25));
#911 = DIRECTION('',(-0.,1.,0.));
#912 = DIRECTION('',(6.832141690001E-16,0.,1.));
#913 = ORIENTED_EDGE('',*,*,#914,.T.);
#914 = EDGE_CURVE('',#906,#915,#917,.T.);
#915 = VERTEX_POINT('',#916);
#916 = CARTESIAN_POINT('',(78.5,1.387778780781E-17,58.840070921986));
#917 = LINE('',#918,#919);
#918 = CARTESIAN_POINT('',(68.75,-3.330669073875E-16,58.840070921986));
#919 = VECTOR('',#920,1.);
#920 = DIRECTION('',(1.,0.,0.));
#921 = ORIENTED_EDGE('',*,*,#922,.T.);
#922 = EDGE_CURVE('',#915,#923,#925,.T.);
#923 = VERTEX_POINT('',#924);
#924 = CARTESIAN_POINT('',(81.090070921986,1.387778780781E-17,56.25));
#925 = CIRCLE('',#926,2.590070921986);
#926 = AXIS2_PLACEMENT_3D('',#927,#928,#929);
#927 = CARTESIAN_POINT('',(78.5,0.,56.25));
#928 = DIRECTION('',(-0.,1.,0.));
#929 = DIRECTION('',(1.,0.,0.));
#930 = ORIENTED_EDGE('',*,*,#931,.T.);
#931 = EDGE_CURVE('',#923,#870,#932,.T.);
#932 = LINE('',#933,#934);
#933 = CARTESIAN_POINT('',(81.090070921986,0.,21.));
#934 = VECTOR('',#935,1.);
#935 = DIRECTION('',(0.,0.,-1.));
#936 = FACE_BOUND('',#937,.T.);
#937 = EDGE_LOOP('',(#938,#949,#957,#966,#974,#983,#991,#1000));
#938 = ORIENTED_EDGE('',*,*,#939,.T.);
#939 = EDGE_CURVE('',#940,#942,#944,.T.);
#940 = VERTEX_POINT('',#941);
#941 = CARTESIAN_POINT('',(112.3400990099,8.673617379884E-18,29.45));
#942 = VERTEX_POINT('',#943);
#943 = CARTESIAN_POINT('',(110.35,8.673617379884E-18,27.459900990099));
#944 = CIRCLE('',#945,1.990099009901);
#945 = AXIS2_PLACEMENT_3D('',#946,#947,#948);
#946 = CARTESIAN_POINT('',(110.35,0.,29.45));
#947 = DIRECTION('',(-0.,1.,0.));
#948 = DIRECTION('',(0.,0.,-1.));
#949 = ORIENTED_EDGE('',*,*,#950,.T.);
#950 = EDGE_CURVE('',#942,#951,#953,.T.);
#951 = VERTEX_POINT('',#952);
#952 = CARTESIAN_POINT('',(91.35,8.673617379884E-18,27.459900990099));
#953 = LINE('',#954,#955);
#954 = CARTESIAN_POINT('',(75.175,-2.22044604925E-16,27.459900990099));
#955 = VECTOR('',#956,1.);
#956 = DIRECTION('',(-1.,0.,0.));
#957 = ORIENTED_EDGE('',*,*,#958,.T.);
#958 = EDGE_CURVE('',#951,#959,#961,.T.);
#959 = VERTEX_POINT('',#960);
#960 = CARTESIAN_POINT('',(89.359900990099,8.673617379884E-18,29.45));
#961 = CIRCLE('',#962,1.990099009901);
#962 = AXIS2_PLACEMENT_3D('',#963,#964,#965);
#963 = CARTESIAN_POINT('',(91.35,0.,29.45));
#964 = DIRECTION('',(0.,1.,-0.));
#965 = DIRECTION('',(-1.,-0.,-1.7763568394E-15));
#966 = ORIENTED_EDGE('',*,*,#967,.T.);
#967 = EDGE_CURVE('',#959,#968,#970,.T.);
#968 = VERTEX_POINT('',#969);
#969 = CARTESIAN_POINT('',(89.359900990099,8.673617379884E-18,56.45));
#970 = LINE('',#971,#972);
#971 = CARTESIAN_POINT('',(89.359900990099,-2.22044604925E-16,44.6));
#972 = VECTOR('',#973,1.);
#973 = DIRECTION('',(0.,0.,1.));
#974 = ORIENTED_EDGE('',*,*,#975,.T.);
#975 = EDGE_CURVE('',#968,#976,#978,.T.);
#976 = VERTEX_POINT('',#977);
#977 = CARTESIAN_POINT('',(91.35,8.673617379884E-18,58.440099009901));
#978 = CIRCLE('',#979,1.990099009901);
#979 = AXIS2_PLACEMENT_3D('',#980,#981,#982);
#980 = CARTESIAN_POINT('',(91.35,0.,56.45));
#981 = DIRECTION('',(0.,1.,0.));
#982 = DIRECTION('',(0.,0.,1.));
#983 = ORIENTED_EDGE('',*,*,#984,.T.);
#984 = EDGE_CURVE('',#976,#985,#987,.T.);
#985 = VERTEX_POINT('',#986);
#986 = CARTESIAN_POINT('',(110.35,8.673617379884E-18,58.440099009901));
#987 = LINE('',#988,#989);
#988 = CARTESIAN_POINT('',(84.675,-2.22044604925E-16,58.440099009901));
#989 = VECTOR('',#990,1.);
#990 = DIRECTION('',(1.,0.,0.));
#991 = ORIENTED_EDGE('',*,*,#992,.T.);
#992 = EDGE_CURVE('',#985,#993,#995,.T.);
#993 = VERTEX_POINT('',#994);
#994 = CARTESIAN_POINT('',(112.3400990099,8.673617379884E-18,56.45));
#995 = CIRCLE('',#996,1.990099009901);
#996 = AXIS2_PLACEMENT_3D('',#997,#998,#999);
#997 = CARTESIAN_POINT('',(110.35,0.,56.45));
#998 = DIRECTION('',(-0.,1.,0.));
#999 = DIRECTION('',(1.,0.,3.552713678801E-15));
#1000 = ORIENTED_EDGE('',*,*,#1001,.T.);
#1001 = EDGE_CURVE('',#993,#940,#1002,.T.);
#1002 = LINE('',#1003,#1004);
#1003 = CARTESIAN_POINT('',(112.3400990099,-2.22044604925E-16,31.1));
#1004 = VECTOR('',#1005,1.);
#1005 = DIRECTION('',(0.,0.,-1.));
#1006 = FACE_BOUND('',#1007,.T.);
#1007 = EDGE_LOOP('',(#1008));
#1008 = ORIENTED_EDGE('',*,*,#1009,.T.);
#1009 = EDGE_CURVE('',#1010,#1010,#1012,.T.);
#1010 = VERTEX_POINT('',#1011);
#1011 = CARTESIAN_POINT('',(102.2,0.,12.1));
#1012 = CIRCLE('',#1013,1.);
#1013 = AXIS2_PLACEMENT_3D('',#1014,#1015,#1016);
#1014 = CARTESIAN_POINT('',(102.2,0.,11.1));
#1015 = DIRECTION('',(0.,1.,0.));
#1016 = DIRECTION('',(0.,0.,1.));
#1017 = FACE_BOUND('',#1018,.T.);
#1018 = EDGE_LOOP('',(#1019));
#1019 = ORIENTED_EDGE('',*,*,#1020,.T.);
#1020 = EDGE_CURVE('',#1021,#1021,#1023,.T.);
#1021 = VERTEX_POINT('',#1022);
#1022 = CARTESIAN_POINT('',(109.3,0.,15.));
#1023 = CIRCLE('',#1024,3.9);
#1024 = AXIS2_PLACEMENT_3D('',#1025,#1026,#1027);
#1025 = CARTESIAN_POINT('',(109.3,0.,11.1));
#1026 = DIRECTION('',(0.,1.,0.));
#1027 = DIRECTION('',(0.,0.,1.));
#1028 = PLANE('',#1029);
#1029 = AXIS2_PLACEMENT_3D('',#1030,#1031,#1032);
#1030 = CARTESIAN_POINT('',(59.,0.,32.75));
#1031 = DIRECTION('',(-0.,-1.,-0.));
#1032 = DIRECTION('',(0.,0.,-1.));
#1033 = ADVANCED_FACE('',(#1034),#1045,.T.);
#1034 = FACE_BOUND('',#1035,.T.);
#1035 = EDGE_LOOP('',(#1036,#1037,#1038,#1044));
#1036 = ORIENTED_EDGE('',*,*,#283,.F.);
#1037 = ORIENTED_EDGE('',*,*,#453,.T.);
#1038 = ORIENTED_EDGE('',*,*,#1039,.T.);
#1039 = EDGE_CURVE('',#454,#818,#1040,.T.);
#1040 = LINE('',#1041,#1042);
#1041 = CARTESIAN_POINT('',(118.,1.6,7.));
#1042 = VECTOR('',#1043,1.);
#1043 = DIRECTION('',(-0.707106781187,-0.707106781187,3.348864022816E-16
    ));
#1044 = ORIENTED_EDGE('',*,*,#817,.F.);
#1045 = CONICAL_SURFACE('',#1046,7.,0.785398163397);
#1046 = AXIS2_PLACEMENT_3D('',#1047,#1048,#1049);
#1047 = CARTESIAN_POINT('',(111.,1.6,7.));
#1048 = DIRECTION('',(0.,1.,0.));
#1049 = DIRECTION('',(2.030122102172E-15,0.,-1.));
#1050 = ADVANCED_FACE('',(#1051),#1062,.T.);
#1051 = FACE_BOUND('',#1052,.T.);
#1052 = EDGE_LOOP('',(#1053,#1054,#1061));
#1053 = ORIENTED_EDGE('',*,*,#275,.F.);
#1054 = ORIENTED_EDGE('',*,*,#1055,.F.);
#1055 = EDGE_CURVE('',#463,#267,#1056,.T.);
#1056 = CIRCLE('',#1057,3.69);
#1057 = AXIS2_PLACEMENT_3D('',#1058,#1059,#1060);
#1058 = CARTESIAN_POINT('',(108.36,4.29,0.));
#1059 = DIRECTION('',(0.,1.110223024625E-16,-1.));
#1060 = DIRECTION('',(0.,-1.,-1.110223024625E-16));
#1061 = ORIENTED_EDGE('',*,*,#462,.F.);
#1062 = PLANE('',#1063);
#1063 = AXIS2_PLACEMENT_3D('',#1064,#1065,#1066);
#1064 = CARTESIAN_POINT('',(7.,0.,0.));
#1065 = DIRECTION('',(0.,0.,-1.));
#1066 = DIRECTION('',(1.,0.,0.));
#1067 = ADVANCED_FACE('',(#1068),#1096,.F.);
#1068 = FACE_BOUND('',#1069,.T.);
#1069 = EDGE_LOOP('',(#1070,#1071,#1079,#1088,#1094,#1095));
#1070 = ORIENTED_EDGE('',*,*,#266,.T.);
#1071 = ORIENTED_EDGE('',*,*,#1072,.T.);
#1072 = EDGE_CURVE('',#259,#1073,#1075,.T.);
#1073 = VERTEX_POINT('',#1074);
#1074 = CARTESIAN_POINT('',(108.36,0.6,1.9));
#1075 = LINE('',#1076,#1077);
#1076 = CARTESIAN_POINT('',(108.36,0.6,-1.));
#1077 = VECTOR('',#1078,1.);
#1078 = DIRECTION('',(0.,0.,1.));
#1079 = ORIENTED_EDGE('',*,*,#1080,.T.);
#1080 = EDGE_CURVE('',#1073,#1081,#1083,.T.);
#1081 = VERTEX_POINT('',#1082);
#1082 = CARTESIAN_POINT('',(112.05,4.29,1.9));
#1083 = CIRCLE('',#1084,3.69);
#1084 = AXIS2_PLACEMENT_3D('',#1085,#1086,#1087);
#1085 = CARTESIAN_POINT('',(108.36,4.29,1.9));
#1086 = DIRECTION('',(0.,-1.110223024625E-16,1.));
#1087 = DIRECTION('',(0.,-1.,-1.110223024625E-16));
#1088 = ORIENTED_EDGE('',*,*,#1089,.F.);
#1089 = EDGE_CURVE('',#471,#1081,#1090,.T.);
#1090 = LINE('',#1091,#1092);
#1091 = CARTESIAN_POINT('',(112.05,4.29,-1.));
#1092 = VECTOR('',#1093,1.);
#1093 = DIRECTION('',(0.,0.,1.));
#1094 = ORIENTED_EDGE('',*,*,#470,.F.);
#1095 = ORIENTED_EDGE('',*,*,#1055,.T.);
#1096 = CYLINDRICAL_SURFACE('',#1097,3.69);
#1097 = AXIS2_PLACEMENT_3D('',#1098,#1099,#1100);
#1098 = CARTESIAN_POINT('',(108.36,4.29,-1.));
#1099 = DIRECTION('',(0.,1.110223024625E-16,-1.));
#1100 = DIRECTION('',(0.,-1.,-1.110223024625E-16));
#1101 = ADVANCED_FACE('',(#1102),#1113,.T.);
#1102 = FACE_BOUND('',#1103,.T.);
#1103 = EDGE_LOOP('',(#1104,#1105,#1106,#1112));
#1104 = ORIENTED_EDGE('',*,*,#258,.F.);
#1105 = ORIENTED_EDGE('',*,*,#323,.T.);
#1106 = ORIENTED_EDGE('',*,*,#1107,.T.);
#1107 = EDGE_CURVE('',#315,#1073,#1108,.T.);
#1108 = LINE('',#1109,#1110);
#1109 = CARTESIAN_POINT('',(102.94,0.6,1.9));
#1110 = VECTOR('',#1111,1.);
#1111 = DIRECTION('',(1.,0.,0.));
#1112 = ORIENTED_EDGE('',*,*,#1072,.F.);
#1113 = PLANE('',#1114);
#1114 = AXIS2_PLACEMENT_3D('',#1115,#1116,#1117);
#1115 = CARTESIAN_POINT('',(102.94,0.6,-1.));
#1116 = DIRECTION('',(0.,1.,0.));
#1117 = DIRECTION('',(1.,0.,0.));
#1118 = ADVANCED_FACE('',(#1119,#1134),#1204,.F.);
#1119 = FACE_BOUND('',#1120,.F.);
#1120 = EDGE_LOOP('',(#1121,#1122,#1123,#1129,#1130,#1131,#1132,#1133));
#1121 = ORIENTED_EDGE('',*,*,#1107,.T.);
#1122 = ORIENTED_EDGE('',*,*,#1080,.T.);
#1123 = ORIENTED_EDGE('',*,*,#1124,.T.);
#1124 = EDGE_CURVE('',#1081,#429,#1125,.T.);
#1125 = LINE('',#1126,#1127);
#1126 = CARTESIAN_POINT('',(112.05,4.29,1.9));
#1127 = VECTOR('',#1128,1.);
#1128 = DIRECTION('',(0.,1.,1.110223024625E-16));
#1129 = ORIENTED_EDGE('',*,*,#436,.T.);
#1130 = ORIENTED_EDGE('',*,*,#396,.T.);
#1131 = ORIENTED_EDGE('',*,*,#371,.T.);
#1132 = ORIENTED_EDGE('',*,*,#347,.T.);
#1133 = ORIENTED_EDGE('',*,*,#314,.T.);
#1134 = FACE_BOUND('',#1135,.F.);
#1135 = EDGE_LOOP('',(#1136,#1146,#1155,#1163,#1172,#1180,#1189,#1197));
#1136 = ORIENTED_EDGE('',*,*,#1137,.F.);
#1137 = EDGE_CURVE('',#1138,#1140,#1142,.T.);
#1138 = VERTEX_POINT('',#1139);
#1139 = CARTESIAN_POINT('',(102.89,2.55,1.9));
#1140 = VERTEX_POINT('',#1141);
#1141 = CARTESIAN_POINT('',(108.41,2.55,1.9));
#1142 = LINE('',#1143,#1144);
#1143 = CARTESIAN_POINT('',(104.27,2.55,1.9));
#1144 = VECTOR('',#1145,1.);
#1145 = DIRECTION('',(1.,0.,0.));
#1146 = ORIENTED_EDGE('',*,*,#1147,.T.);
#1147 = EDGE_CURVE('',#1138,#1148,#1150,.T.);
#1148 = VERTEX_POINT('',#1149);
#1149 = CARTESIAN_POINT('',(101.15,4.29,1.9));
#1150 = CIRCLE('',#1151,1.74);
#1151 = AXIS2_PLACEMENT_3D('',#1152,#1153,#1154);
#1152 = CARTESIAN_POINT('',(102.89,4.29,1.9));
#1153 = DIRECTION('',(0.,1.110223024625E-16,-1.));
#1154 = DIRECTION('',(-1.,9.57088814332E-17,1.062582038283E-32));
#1155 = ORIENTED_EDGE('',*,*,#1156,.F.);
#1156 = EDGE_CURVE('',#1157,#1148,#1159,.T.);
#1157 = VERTEX_POINT('',#1158);
#1158 = CARTESIAN_POINT('',(101.15,4.31,1.9));
#1159 = LINE('',#1160,#1161);
#1160 = CARTESIAN_POINT('',(101.15,4.305,1.9));
#1161 = VECTOR('',#1162,1.);
#1162 = DIRECTION('',(0.,-1.,-1.110223024625E-16));
#1163 = ORIENTED_EDGE('',*,*,#1164,.T.);
#1164 = EDGE_CURVE('',#1157,#1165,#1167,.T.);
#1165 = VERTEX_POINT('',#1166);
#1166 = CARTESIAN_POINT('',(102.89,6.05,1.9));
#1167 = CIRCLE('',#1168,1.74);
#1168 = AXIS2_PLACEMENT_3D('',#1169,#1170,#1171);
#1169 = CARTESIAN_POINT('',(102.89,4.31,1.9));
#1170 = DIRECTION('',(0.,1.110223024625E-16,-1.));
#1171 = DIRECTION('',(-8.1671578823E-15,1.,1.110223024625E-16));
#1172 = ORIENTED_EDGE('',*,*,#1173,.F.);
#1173 = EDGE_CURVE('',#1174,#1165,#1176,.T.);
#1174 = VERTEX_POINT('',#1175);
#1175 = CARTESIAN_POINT('',(108.41,6.05,1.9));
#1176 = LINE('',#1177,#1178);
#1177 = CARTESIAN_POINT('',(107.03,6.05,1.9));
#1178 = VECTOR('',#1179,1.);
#1179 = DIRECTION('',(-1.,-0.,-0.));
#1180 = ORIENTED_EDGE('',*,*,#1181,.T.);
#1181 = EDGE_CURVE('',#1174,#1182,#1184,.T.);
#1182 = VERTEX_POINT('',#1183);
#1183 = CARTESIAN_POINT('',(110.15,4.31,1.9));
#1184 = CIRCLE('',#1185,1.74);
#1185 = AXIS2_PLACEMENT_3D('',#1186,#1187,#1188);
#1186 = CARTESIAN_POINT('',(108.41,4.31,1.9));
#1187 = DIRECTION('',(0.,1.110223024625E-16,-1.));
#1188 = DIRECTION('',(1.,-9.57088814332E-17,-1.062582038283E-32));
#1189 = ORIENTED_EDGE('',*,*,#1190,.F.);
#1190 = EDGE_CURVE('',#1191,#1182,#1193,.T.);
#1191 = VERTEX_POINT('',#1192);
#1192 = CARTESIAN_POINT('',(110.15,4.29,1.9));
#1193 = LINE('',#1194,#1195);
#1194 = CARTESIAN_POINT('',(110.15,4.295,1.9));
#1195 = VECTOR('',#1196,1.);
#1196 = DIRECTION('',(0.,1.,1.110223024625E-16));
#1197 = ORIENTED_EDGE('',*,*,#1198,.T.);
#1198 = EDGE_CURVE('',#1191,#1140,#1199,.T.);
#1199 = CIRCLE('',#1200,1.74);
#1200 = AXIS2_PLACEMENT_3D('',#1201,#1202,#1203);
#1201 = CARTESIAN_POINT('',(108.41,4.29,1.9));
#1202 = DIRECTION('',(0.,1.110223024625E-16,-1.));
#1203 = DIRECTION('',(8.1671578823E-15,-1.,-1.110223024625E-16));
#1204 = PLANE('',#1205);
#1205 = AXIS2_PLACEMENT_3D('',#1206,#1207,#1208);
#1206 = CARTESIAN_POINT('',(105.65,4.3,1.9));
#1207 = DIRECTION('',(-0.,-1.110223024625E-16,1.));
#1208 = DIRECTION('',(0.,-1.,-1.110223024625E-16));
#1209 = ADVANCED_FACE('',(#1210),#1216,.T.);
#1210 = FACE_BOUND('',#1211,.T.);
#1211 = EDGE_LOOP('',(#1212,#1213,#1214,#1215));
#1212 = ORIENTED_EDGE('',*,*,#487,.T.);
#1213 = ORIENTED_EDGE('',*,*,#1089,.T.);
#1214 = ORIENTED_EDGE('',*,*,#1124,.T.);
#1215 = ORIENTED_EDGE('',*,*,#428,.F.);
#1216 = PLANE('',#1217);
#1217 = AXIS2_PLACEMENT_3D('',#1218,#1219,#1220);
#1218 = CARTESIAN_POINT('',(112.05,4.29,-1.));
#1219 = DIRECTION('',(-1.,0.,0.));
#1220 = DIRECTION('',(0.,1.,1.110223024625E-16));
#1221 = ADVANCED_FACE('',(#1222),#1247,.T.);
#1222 = FACE_BOUND('',#1223,.T.);
#1223 = EDGE_LOOP('',(#1224,#1225,#1233,#1241));
#1224 = ORIENTED_EDGE('',*,*,#504,.T.);
#1225 = ORIENTED_EDGE('',*,*,#1226,.T.);
#1226 = EDGE_CURVE('',#496,#1227,#1229,.T.);
#1227 = VERTEX_POINT('',#1228);
#1228 = CARTESIAN_POINT('',(118.,14.2,58.5));
#1229 = LINE('',#1230,#1231);
#1230 = CARTESIAN_POINT('',(118.,14.2,7.));
#1231 = VECTOR('',#1232,1.);
#1232 = DIRECTION('',(0.,0.,1.));
#1233 = ORIENTED_EDGE('',*,*,#1234,.F.);
#1234 = EDGE_CURVE('',#1235,#1227,#1237,.T.);
#1235 = VERTEX_POINT('',#1236);
#1236 = CARTESIAN_POINT('',(118.,1.6,58.5));
#1237 = LINE('',#1238,#1239);
#1238 = CARTESIAN_POINT('',(118.,0.,58.5));
#1239 = VECTOR('',#1240,1.);
#1240 = DIRECTION('',(0.,1.,0.));
#1241 = ORIENTED_EDGE('',*,*,#1242,.F.);
#1242 = EDGE_CURVE('',#454,#1235,#1243,.T.);
#1243 = LINE('',#1244,#1245);
#1244 = CARTESIAN_POINT('',(118.,1.6,7.));
#1245 = VECTOR('',#1246,1.);
#1246 = DIRECTION('',(0.,0.,1.));
#1247 = PLANE('',#1248);
#1248 = AXIS2_PLACEMENT_3D('',#1249,#1250,#1251);
#1249 = CARTESIAN_POINT('',(118.,0.,7.));
#1250 = DIRECTION('',(1.,0.,0.));
#1251 = DIRECTION('',(0.,0.,1.));
#1252 = ADVANCED_FACE('',(#1253),#1346,.T.);
#1253 = FACE_BOUND('',#1254,.F.);
#1254 = EDGE_LOOP('',(#1255,#1256,#1257,#1265,#1274,#1283,#1330,#1339));
#1255 = ORIENTED_EDGE('',*,*,#527,.F.);
#1256 = ORIENTED_EDGE('',*,*,#495,.T.);
#1257 = ORIENTED_EDGE('',*,*,#1258,.T.);
#1258 = EDGE_CURVE('',#496,#1259,#1261,.T.);
#1259 = VERTEX_POINT('',#1260);
#1260 = CARTESIAN_POINT('',(117.2,15.,7.));
#1261 = LINE('',#1262,#1263);
#1262 = CARTESIAN_POINT('',(118.,14.2,7.));
#1263 = VECTOR('',#1264,1.);
#1264 = DIRECTION('',(-0.707106781187,0.707106781187,3.348864022816E-16)
  );
#1265 = ORIENTED_EDGE('',*,*,#1266,.F.);
#1266 = EDGE_CURVE('',#1267,#1259,#1269,.T.);
#1267 = VERTEX_POINT('',#1268);
#1268 = CARTESIAN_POINT('',(116.4,15.,3.953690757654));
#1269 = CIRCLE('',#1270,6.2);
#1270 = AXIS2_PLACEMENT_3D('',#1271,#1272,#1273);
#1271 = CARTESIAN_POINT('',(111.,15.,7.));
#1272 = DIRECTION('',(0.,-1.,0.));
#1273 = DIRECTION('',(2.030122102172E-15,0.,-1.));
#1274 = ORIENTED_EDGE('',*,*,#1275,.T.);
#1275 = EDGE_CURVE('',#1267,#1276,#1278,.T.);
#1276 = VERTEX_POINT('',#1277);
#1277 = CARTESIAN_POINT('',(116.4,14.818777546582,3.6));
#1278 = HYPERBOLA('',#1279,5.4,5.4);
#1279 = AXIS2_PLACEMENT_3D('',#1280,#1281,#1282);
#1280 = CARTESIAN_POINT('',(116.4,21.2,7.));
#1281 = DIRECTION('',(1.,0.,0.));
#1282 = DIRECTION('',(0.,-1.,0.));
#1283 = ORIENTED_EDGE('',*,*,#1284,.F.);
#1284 = EDGE_CURVE('',#1285,#1276,#1287,.T.);
#1285 = VERTEX_POINT('',#1286);
#1286 = CARTESIAN_POINT('',(114.4,14.818777546582,1.6));
#1287 = B_SPLINE_CURVE_WITH_KNOTS('',6,(#1288,#1289,#1290,#1291,#1292,
    #1293,#1294,#1295,#1296,#1297,#1298,#1299,#1300,#1301,#1302,#1303,
    #1304,#1305,#1306,#1307,#1308,#1309,#1310,#1311,#1312,#1313,#1314,
    #1315,#1316,#1317,#1318,#1319,#1320,#1321,#1322,#1323,#1324,#1325,
    #1326,#1327,#1328,#1329),.UNSPECIFIED.,.F.,.F.,(7,5,5,5,5,5,5,5,7),(
    0.,0.253205569599,0.343767649005,0.395259471721,0.500442695422,
    0.605649508433,0.657167999752,0.749790318179,1.),.UNSPECIFIED.);
#1288 = CARTESIAN_POINT('',(114.4,14.818777546583,1.6));
#1289 = CARTESIAN_POINT('',(114.50968024206,14.760338458187,1.6));
#1290 = CARTESIAN_POINT('',(114.62324895804,14.70431550407,
    1.607217721576));
#1291 = CARTESIAN_POINT('',(114.74071945494,14.651113461871,
    1.622613637109));
#1292 = CARTESIAN_POINT('',(114.8617185643,14.601457038492,
    1.647402391071));
#1293 = CARTESIAN_POINT('',(114.98539164419,14.556330841185,
    1.682923083462));
#1294 = CARTESIAN_POINT('',(115.15503624409,14.502816230671,
    1.747378642625));
#1295 = CARTESIAN_POINT('',(115.19987574149,14.489453604579,
    1.765882245909));
#1296 = CARTESIAN_POINT('',(115.24478841555,14.476882663646,
    1.785958701547));
#1297 = CARTESIAN_POINT('',(115.28968220249,14.465164392183,
    1.807650326203));
#1298 = CARTESIAN_POINT('',(115.33444870784,14.454361038294,
    1.830985706674));
#1299 = CARTESIAN_POINT('',(115.40427414221,14.438944698008,
    1.87018038201));
#1300 = CARTESIAN_POINT('',(115.42950320424,14.433671765925,
    1.884921609883));
#1301 = CARTESIAN_POINT('',(115.45462776047,14.428725300984,
    1.900198326008));
#1302 = CARTESIAN_POINT('',(115.47962334784,14.424115978941,
    1.916009512836));
#1303 = CARTESIAN_POINT('',(115.50446422355,14.419853880606,
    1.932351554689));
#1304 = CARTESIAN_POINT('',(115.5794950135,14.407970887647,
    1.983672098672));
#1305 = CARTESIAN_POINT('',(115.62911524741,14.401480460684,
    2.020319426096));
#1306 = CARTESIAN_POINT('',(115.67774225555,14.396558910305,
    2.05909729146));
#1307 = CARTESIAN_POINT('',(115.72513676111,14.393267349542,
    2.099900420575));
#1308 = CARTESIAN_POINT('',(115.77106962079,14.391639406868,
    2.142573449486));
#1309 = CARTESIAN_POINT('',(115.85959915315,14.391709256897,
    2.231242852948));
#1310 = CARTESIAN_POINT('',(115.90220465039,14.393407803629,
    2.277249562353));
#1311 = CARTESIAN_POINT('',(115.94293355811,14.396769878068,
    2.324710891769));
#1312 = CARTESIAN_POINT('',(115.98163168842,14.401761031445,
    2.373397075098));
#1313 = CARTESIAN_POINT('',(116.01819511083,14.408319454703,
    2.423068650374));
#1314 = CARTESIAN_POINT('',(116.06939140327,14.420301791428,
    2.498171949592));
#1315 = CARTESIAN_POINT('',(116.08569493216,14.424597027671,
    2.523039816562));
#1316 = CARTESIAN_POINT('',(116.10146676067,14.429239136357,
    2.548060699813));
#1317 = CARTESIAN_POINT('',(116.1167034135,14.434217984016,2.57320888066
    ));
#1318 = CARTESIAN_POINT('',(116.13140400605,14.439522852953,
    2.598459936057));
#1319 = CARTESIAN_POINT('',(116.17103896052,14.4552455961,2.669331622999
    ));
#1320 = CARTESIAN_POINT('',(116.19477998474,14.466366154491,
    2.715130099876));
#1321 = CARTESIAN_POINT('',(116.21680288341,14.478439610922,
    2.761053921543));
#1322 = CARTESIAN_POINT('',(116.23713924328,14.491399365366,
    2.806988106891));
#1323 = CARTESIAN_POINT('',(116.25583533553,14.50518033935,
    2.852835510317));
#1324 = CARTESIAN_POINT('',(116.3191641871,14.559006994344,3.02192229932
    ));
#1325 = CARTESIAN_POINT('',(116.35376203831,14.603809985596,
    3.144003901555));
#1326 = CARTESIAN_POINT('',(116.37792909198,14.653001736088,
    3.263445614058));
#1327 = CARTESIAN_POINT('',(116.39295267036,14.705641290564,
    3.379438176728));
#1328 = CARTESIAN_POINT('',(116.4,14.761032446971,3.491622256995));
#1329 = CARTESIAN_POINT('',(116.4,14.818777546583,3.6));
#1330 = ORIENTED_EDGE('',*,*,#1331,.T.);
#1331 = EDGE_CURVE('',#1285,#1332,#1334,.T.);
#1332 = VERTEX_POINT('',#1333);
#1333 = CARTESIAN_POINT('',(114.04630924234,15.,1.6));
#1334 = HYPERBOLA('',#1335,5.4,5.4);
#1335 = AXIS2_PLACEMENT_3D('',#1336,#1337,#1338);
#1336 = CARTESIAN_POINT('',(111.,21.2,1.6));
#1337 = DIRECTION('',(0.,0.,-1.));
#1338 = DIRECTION('',(0.,-1.,0.));
#1339 = ORIENTED_EDGE('',*,*,#1340,.F.);
#1340 = EDGE_CURVE('',#528,#1332,#1341,.T.);
#1341 = CIRCLE('',#1342,6.2);
#1342 = AXIS2_PLACEMENT_3D('',#1343,#1344,#1345);
#1343 = CARTESIAN_POINT('',(111.,15.,7.));
#1344 = DIRECTION('',(0.,-1.,0.));
#1345 = DIRECTION('',(2.030122102172E-15,0.,-1.));
#1346 = CONICAL_SURFACE('',#1347,7.,0.785398163397);
#1347 = AXIS2_PLACEMENT_3D('',#1348,#1349,#1350);
#1348 = CARTESIAN_POINT('',(111.,14.2,7.));
#1349 = DIRECTION('',(0.,-1.,0.));
#1350 = DIRECTION('',(2.030122102172E-15,0.,-1.));
#1351 = ADVANCED_FACE('',(#1352),#1363,.F.);
#1352 = FACE_BOUND('',#1353,.F.);
#1353 = EDGE_LOOP('',(#1354,#1360,#1361,#1362));
#1354 = ORIENTED_EDGE('',*,*,#1355,.F.);
#1355 = EDGE_CURVE('',#560,#1332,#1356,.T.);
#1356 = LINE('',#1357,#1358);
#1357 = CARTESIAN_POINT('',(31.3,15.,1.6));
#1358 = VECTOR('',#1359,1.);
#1359 = DIRECTION('',(1.,0.,0.));
#1360 = ORIENTED_EDGE('',*,*,#559,.F.);
#1361 = ORIENTED_EDGE('',*,*,#535,.T.);
#1362 = ORIENTED_EDGE('',*,*,#1340,.T.);
#1363 = PLANE('',#1364);
#1364 = AXIS2_PLACEMENT_3D('',#1365,#1366,#1367);
#1365 = CARTESIAN_POINT('',(59.,15.,32.75));
#1366 = DIRECTION('',(-0.,-1.,-0.));
#1367 = DIRECTION('',(0.,0.,-1.));
#1368 = ADVANCED_FACE('',(#1369),#1405,.F.);
#1369 = FACE_BOUND('',#1370,.F.);
#1370 = EDGE_LOOP('',(#1371,#1381,#1387,#1388,#1394,#1395,#1396,#1397,
    #1398,#1399));
#1371 = ORIENTED_EDGE('',*,*,#1372,.F.);
#1372 = EDGE_CURVE('',#1373,#1375,#1377,.T.);
#1373 = VERTEX_POINT('',#1374);
#1374 = CARTESIAN_POINT('',(3.6,12.6,1.6));
#1375 = VERTEX_POINT('',#1376);
#1376 = CARTESIAN_POINT('',(114.4,12.6,1.6));
#1377 = LINE('',#1378,#1379);
#1378 = CARTESIAN_POINT('',(3.6,12.6,1.6));
#1379 = VECTOR('',#1380,1.);
#1380 = DIRECTION('',(1.,0.,0.));
#1381 = ORIENTED_EDGE('',*,*,#1382,.T.);
#1382 = EDGE_CURVE('',#1373,#712,#1383,.T.);
#1383 = LINE('',#1384,#1385);
#1384 = CARTESIAN_POINT('',(3.6,12.6,1.6));
#1385 = VECTOR('',#1386,1.);
#1386 = DIRECTION('',(0.,1.,0.));
#1387 = ORIENTED_EDGE('',*,*,#711,.F.);
#1388 = ORIENTED_EDGE('',*,*,#1389,.T.);
#1389 = EDGE_CURVE('',#703,#616,#1390,.T.);
#1390 = LINE('',#1391,#1392);
#1391 = CARTESIAN_POINT('',(31.3,15.,1.6));
#1392 = VECTOR('',#1393,1.);
#1393 = DIRECTION('',(1.,0.,0.));
#1394 = ORIENTED_EDGE('',*,*,#623,.T.);
#1395 = ORIENTED_EDGE('',*,*,#591,.T.);
#1396 = ORIENTED_EDGE('',*,*,#567,.F.);
#1397 = ORIENTED_EDGE('',*,*,#1355,.T.);
#1398 = ORIENTED_EDGE('',*,*,#1331,.F.);
#1399 = ORIENTED_EDGE('',*,*,#1400,.F.);
#1400 = EDGE_CURVE('',#1375,#1285,#1401,.T.);
#1401 = LINE('',#1402,#1403);
#1402 = CARTESIAN_POINT('',(114.4,12.6,1.6));
#1403 = VECTOR('',#1404,1.);
#1404 = DIRECTION('',(0.,1.,0.));
#1405 = PLANE('',#1406);
#1406 = AXIS2_PLACEMENT_3D('',#1407,#1408,#1409);
#1407 = CARTESIAN_POINT('',(3.6,12.6,1.6));
#1408 = DIRECTION('',(0.,0.,-1.));
#1409 = DIRECTION('',(1.,0.,0.));
#1410 = ADVANCED_FACE('',(#1411),#1417,.F.);
#1411 = FACE_BOUND('',#1412,.F.);
#1412 = EDGE_LOOP('',(#1413,#1414,#1415,#1416));
#1413 = ORIENTED_EDGE('',*,*,#1389,.F.);
#1414 = ORIENTED_EDGE('',*,*,#702,.T.);
#1415 = ORIENTED_EDGE('',*,*,#647,.T.);
#1416 = ORIENTED_EDGE('',*,*,#615,.T.);
#1417 = PLANE('',#1418);
#1418 = AXIS2_PLACEMENT_3D('',#1419,#1420,#1421);
#1419 = CARTESIAN_POINT('',(59.,15.,32.75));
#1420 = DIRECTION('',(-0.,-1.,-0.));
#1421 = DIRECTION('',(0.,0.,-1.));
#1422 = ADVANCED_FACE('',(#1423),#1450,.T.);
#1423 = FACE_BOUND('',#1424,.T.);
#1424 = EDGE_LOOP('',(#1425,#1435,#1442,#1443));
#1425 = ORIENTED_EDGE('',*,*,#1426,.T.);
#1426 = EDGE_CURVE('',#1427,#1429,#1431,.T.);
#1427 = VERTEX_POINT('',#1428);
#1428 = CARTESIAN_POINT('',(7.,1.6,65.5));
#1429 = VERTEX_POINT('',#1430);
#1430 = CARTESIAN_POINT('',(7.,14.2,65.5));
#1431 = LINE('',#1432,#1433);
#1432 = CARTESIAN_POINT('',(7.,0.,65.5));
#1433 = VECTOR('',#1434,1.);
#1434 = DIRECTION('',(0.,1.,0.));
#1435 = ORIENTED_EDGE('',*,*,#1436,.T.);
#1436 = EDGE_CURVE('',#1429,#664,#1437,.T.);
#1437 = CIRCLE('',#1438,7.);
#1438 = AXIS2_PLACEMENT_3D('',#1439,#1440,#1441);
#1439 = CARTESIAN_POINT('',(7.,14.2,58.5));
#1440 = DIRECTION('',(0.,-1.,0.));
#1441 = DIRECTION('',(0.,0.,1.));
#1442 = ORIENTED_EDGE('',*,*,#661,.F.);
#1443 = ORIENTED_EDGE('',*,*,#1444,.F.);
#1444 = EDGE_CURVE('',#1427,#662,#1445,.T.);
#1445 = CIRCLE('',#1446,7.);
#1446 = AXIS2_PLACEMENT_3D('',#1447,#1448,#1449);
#1447 = CARTESIAN_POINT('',(7.,1.6,58.5));
#1448 = DIRECTION('',(0.,-1.,0.));
#1449 = DIRECTION('',(0.,0.,1.));
#1450 = CYLINDRICAL_SURFACE('',#1451,7.);
#1451 = AXIS2_PLACEMENT_3D('',#1452,#1453,#1454);
#1452 = CARTESIAN_POINT('',(7.,0.,58.5));
#1453 = DIRECTION('',(0.,-1.,0.));
#1454 = DIRECTION('',(0.,0.,1.));
#1455 = ADVANCED_FACE('',(#1456),#1474,.F.);
#1456 = FACE_BOUND('',#1457,.F.);
#1457 = EDGE_LOOP('',(#1458,#1466,#1467,#1468));
#1458 = ORIENTED_EDGE('',*,*,#1459,.F.);
#1459 = EDGE_CURVE('',#664,#1460,#1462,.T.);
#1460 = VERTEX_POINT('',#1461);
#1461 = CARTESIAN_POINT('',(0.8,15.,58.5));
#1462 = LINE('',#1463,#1464);
#1463 = CARTESIAN_POINT('',(0.,14.2,58.5));
#1464 = VECTOR('',#1465,1.);
#1465 = DIRECTION('',(0.707106781187,0.707106781187,-4.329780281177E-17)
  );
#1466 = ORIENTED_EDGE('',*,*,#671,.T.);
#1467 = ORIENTED_EDGE('',*,*,#692,.T.);
#1468 = ORIENTED_EDGE('',*,*,#1469,.F.);
#1469 = EDGE_CURVE('',#1460,#693,#1470,.T.);
#1470 = LINE('',#1471,#1472);
#1471 = CARTESIAN_POINT('',(0.8,15.,58.5));
#1472 = VECTOR('',#1473,1.);
#1473 = DIRECTION('',(0.,0.,-1.));
#1474 = PLANE('',#1475);
#1475 = AXIS2_PLACEMENT_3D('',#1476,#1477,#1478);
#1476 = CARTESIAN_POINT('',(0.4,14.6,58.5));
#1477 = DIRECTION('',(0.707106781187,-0.707106781187,-6.983161618628E-18
    ));
#1478 = DIRECTION('',(-4.937840934654E-18,4.937840934654E-18,-1.));
#1479 = ADVANCED_FACE('',(#1480),#1491,.T.);
#1480 = FACE_BOUND('',#1481,.T.);
#1481 = EDGE_LOOP('',(#1482,#1488,#1489,#1490));
#1482 = ORIENTED_EDGE('',*,*,#1483,.F.);
#1483 = EDGE_CURVE('',#662,#852,#1484,.T.);
#1484 = LINE('',#1485,#1486);
#1485 = CARTESIAN_POINT('',(0.,1.6,58.5));
#1486 = VECTOR('',#1487,1.);
#1487 = DIRECTION('',(0.707106781187,-0.707106781187,-4.329780281177E-17
    ));
#1488 = ORIENTED_EDGE('',*,*,#678,.T.);
#1489 = ORIENTED_EDGE('',*,*,#791,.T.);
#1490 = ORIENTED_EDGE('',*,*,#860,.F.);
#1491 = PLANE('',#1492);
#1492 = AXIS2_PLACEMENT_3D('',#1493,#1494,#1495);
#1493 = CARTESIAN_POINT('',(0.8,0.8,58.5));
#1494 = DIRECTION('',(-0.707106781187,-0.707106781187,0.));
#1495 = DIRECTION('',(0.,0.,-1.));
#1496 = ADVANCED_FACE('',(#1497),#1516,.F.);
#1497 = FACE_BOUND('',#1498,.F.);
#1498 = EDGE_LOOP('',(#1499,#1500,#1508,#1515));
#1499 = ORIENTED_EDGE('',*,*,#776,.T.);
#1500 = ORIENTED_EDGE('',*,*,#1501,.F.);
#1501 = EDGE_CURVE('',#1502,#768,#1504,.T.);
#1502 = VERTEX_POINT('',#1503);
#1503 = CARTESIAN_POINT('',(1.6,15.,61.546309242346));
#1504 = LINE('',#1505,#1506);
#1505 = CARTESIAN_POINT('',(1.6,15.,47.325));
#1506 = VECTOR('',#1507,1.);
#1507 = DIRECTION('',(0.,0.,-1.));
#1508 = ORIENTED_EDGE('',*,*,#1509,.T.);
#1509 = EDGE_CURVE('',#1502,#1460,#1510,.T.);
#1510 = CIRCLE('',#1511,6.2);
#1511 = AXIS2_PLACEMENT_3D('',#1512,#1513,#1514);
#1512 = CARTESIAN_POINT('',(7.,15.,58.5));
#1513 = DIRECTION('',(0.,-1.,0.));
#1514 = DIRECTION('',(0.,0.,1.));
#1515 = ORIENTED_EDGE('',*,*,#1469,.T.);
#1516 = PLANE('',#1517);
#1517 = AXIS2_PLACEMENT_3D('',#1518,#1519,#1520);
#1518 = CARTESIAN_POINT('',(59.,15.,32.75));
#1519 = DIRECTION('',(-0.,-1.,-0.));
#1520 = DIRECTION('',(0.,0.,-1.));
#1521 = ADVANCED_FACE('',(#1522),#1557,.F.);
#1522 = FACE_BOUND('',#1523,.F.);
#1523 = EDGE_LOOP('',(#1524,#1534,#1542,#1549,#1550,#1551));
#1524 = ORIENTED_EDGE('',*,*,#1525,.F.);
#1525 = EDGE_CURVE('',#1526,#1528,#1530,.T.);
#1526 = VERTEX_POINT('',#1527);
#1527 = CARTESIAN_POINT('',(1.6,12.6,61.9));
#1528 = VERTEX_POINT('',#1529);
#1529 = CARTESIAN_POINT('',(1.6,12.6,3.6));
#1530 = LINE('',#1531,#1532);
#1531 = CARTESIAN_POINT('',(1.6,12.6,61.9));
#1532 = VECTOR('',#1533,1.);
#1533 = DIRECTION('',(0.,0.,-1.));
#1534 = ORIENTED_EDGE('',*,*,#1535,.T.);
#1535 = EDGE_CURVE('',#1526,#1536,#1538,.T.);
#1536 = VERTEX_POINT('',#1537);
#1537 = CARTESIAN_POINT('',(1.6,14.818777546582,61.9));
#1538 = LINE('',#1539,#1540);
#1539 = CARTESIAN_POINT('',(1.6,12.6,61.9));
#1540 = VECTOR('',#1541,1.);
#1541 = DIRECTION('',(0.,1.,0.));
#1542 = ORIENTED_EDGE('',*,*,#1543,.F.);
#1543 = EDGE_CURVE('',#1502,#1536,#1544,.T.);
#1544 = HYPERBOLA('',#1545,5.4,5.4);
#1545 = AXIS2_PLACEMENT_3D('',#1546,#1547,#1548);
#1546 = CARTESIAN_POINT('',(1.6,21.2,58.5));
#1547 = DIRECTION('',(-1.,0.,0.));
#1548 = DIRECTION('',(-0.,-1.,-0.));
#1549 = ORIENTED_EDGE('',*,*,#1501,.T.);
#1550 = ORIENTED_EDGE('',*,*,#767,.F.);
#1551 = ORIENTED_EDGE('',*,*,#1552,.F.);
#1552 = EDGE_CURVE('',#1528,#721,#1553,.T.);
#1553 = LINE('',#1554,#1555);
#1554 = CARTESIAN_POINT('',(1.6,12.6,3.6));
#1555 = VECTOR('',#1556,1.);
#1556 = DIRECTION('',(0.,1.,0.));
#1557 = PLANE('',#1558);
#1558 = AXIS2_PLACEMENT_3D('',#1559,#1560,#1561);
#1559 = CARTESIAN_POINT('',(1.6,12.6,61.9));
#1560 = DIRECTION('',(-1.,0.,0.));
#1561 = DIRECTION('',(0.,0.,-1.));
#1562 = ADVANCED_FACE('',(#1563),#1575,.F.);
#1563 = FACE_BOUND('',#1564,.F.);
#1564 = EDGE_LOOP('',(#1565,#1572,#1573,#1574));
#1565 = ORIENTED_EDGE('',*,*,#1566,.F.);
#1566 = EDGE_CURVE('',#1528,#1373,#1567,.T.);
#1567 = CIRCLE('',#1568,2.);
#1568 = AXIS2_PLACEMENT_3D('',#1569,#1570,#1571);
#1569 = CARTESIAN_POINT('',(3.6,12.6,3.6));
#1570 = DIRECTION('',(0.,-1.,0.));
#1571 = DIRECTION('',(-1.,-0.,-4.440892098501E-16));
#1572 = ORIENTED_EDGE('',*,*,#1552,.T.);
#1573 = ORIENTED_EDGE('',*,*,#720,.T.);
#1574 = ORIENTED_EDGE('',*,*,#1382,.F.);
#1575 = CYLINDRICAL_SURFACE('',#1576,2.);
#1576 = AXIS2_PLACEMENT_3D('',#1577,#1578,#1579);
#1577 = CARTESIAN_POINT('',(3.6,12.6,3.6));
#1578 = DIRECTION('',(0.,-1.,0.));
#1579 = DIRECTION('',(-1.,-0.,-4.440892098501E-16));
#1580 = ADVANCED_FACE('',(#1581),#1592,.T.);
#1581 = FACE_BOUND('',#1582,.T.);
#1582 = EDGE_LOOP('',(#1583,#1584,#1585,#1591));
#1583 = ORIENTED_EDGE('',*,*,#1039,.F.);
#1584 = ORIENTED_EDGE('',*,*,#1242,.T.);
#1585 = ORIENTED_EDGE('',*,*,#1586,.T.);
#1586 = EDGE_CURVE('',#1235,#827,#1587,.T.);
#1587 = LINE('',#1588,#1589);
#1588 = CARTESIAN_POINT('',(117.2,0.8,58.5));
#1589 = VECTOR('',#1590,1.);
#1590 = DIRECTION('',(-0.707106781187,-0.707106781187,0.));
#1591 = ORIENTED_EDGE('',*,*,#826,.F.);
#1592 = PLANE('',#1593);
#1593 = AXIS2_PLACEMENT_3D('',#1594,#1595,#1596);
#1594 = CARTESIAN_POINT('',(117.2,0.8,7.));
#1595 = DIRECTION('',(0.707106781187,-0.707106781187,1.42286245208E-17)
  );
#1596 = DIRECTION('',(-1.006115688562E-17,1.006115688562E-17,1.));
#1597 = ADVANCED_FACE('',(#1598),#1609,.T.);
#1598 = FACE_BOUND('',#1599,.T.);
#1599 = EDGE_LOOP('',(#1600,#1606,#1607,#1608));
#1600 = ORIENTED_EDGE('',*,*,#1601,.F.);
#1601 = EDGE_CURVE('',#1427,#844,#1602,.T.);
#1602 = LINE('',#1603,#1604);
#1603 = CARTESIAN_POINT('',(7.,0.8,64.7));
#1604 = VECTOR('',#1605,1.);
#1605 = DIRECTION('',(0.,-0.707106781187,-0.707106781187));
#1606 = ORIENTED_EDGE('',*,*,#1444,.T.);
#1607 = ORIENTED_EDGE('',*,*,#1483,.T.);
#1608 = ORIENTED_EDGE('',*,*,#851,.F.);
#1609 = CONICAL_SURFACE('',#1610,7.,0.785398163397);
#1610 = AXIS2_PLACEMENT_3D('',#1611,#1612,#1613);
#1611 = CARTESIAN_POINT('',(7.,1.6,58.5));
#1612 = DIRECTION('',(0.,1.,0.));
#1613 = DIRECTION('',(0.,0.,1.));
#1614 = ADVANCED_FACE('',(#1615),#1634,.T.);
#1615 = FACE_BOUND('',#1616,.T.);
#1616 = EDGE_LOOP('',(#1617,#1618,#1627,#1633));
#1617 = ORIENTED_EDGE('',*,*,#1586,.F.);
#1618 = ORIENTED_EDGE('',*,*,#1619,.T.);
#1619 = EDGE_CURVE('',#1235,#1620,#1622,.T.);
#1620 = VERTEX_POINT('',#1621);
#1621 = CARTESIAN_POINT('',(111.,1.6,65.5));
#1622 = CIRCLE('',#1623,7.);
#1623 = AXIS2_PLACEMENT_3D('',#1624,#1625,#1626);
#1624 = CARTESIAN_POINT('',(111.,1.6,58.5));
#1625 = DIRECTION('',(0.,-1.,0.));
#1626 = DIRECTION('',(1.,0.,1.015061051086E-15));
#1627 = ORIENTED_EDGE('',*,*,#1628,.T.);
#1628 = EDGE_CURVE('',#1620,#835,#1629,.T.);
#1629 = LINE('',#1630,#1631);
#1630 = CARTESIAN_POINT('',(111.,1.6,65.5));
#1631 = VECTOR('',#1632,1.);
#1632 = DIRECTION('',(-1.36666144656E-15,-0.707106781187,-0.707106781187
    ));
#1633 = ORIENTED_EDGE('',*,*,#834,.F.);
#1634 = CONICAL_SURFACE('',#1635,7.,0.785398163397);
#1635 = AXIS2_PLACEMENT_3D('',#1636,#1637,#1638);
#1636 = CARTESIAN_POINT('',(111.,1.6,58.5));
#1637 = DIRECTION('',(0.,1.,0.));
#1638 = DIRECTION('',(1.,0.,1.015061051086E-15));
#1639 = ADVANCED_FACE('',(#1640),#1651,.T.);
#1640 = FACE_BOUND('',#1641,.T.);
#1641 = EDGE_LOOP('',(#1642,#1643,#1649,#1650));
#1642 = ORIENTED_EDGE('',*,*,#1628,.F.);
#1643 = ORIENTED_EDGE('',*,*,#1644,.T.);
#1644 = EDGE_CURVE('',#1620,#1427,#1645,.T.);
#1645 = LINE('',#1646,#1647);
#1646 = CARTESIAN_POINT('',(111.,1.6,65.5));
#1647 = VECTOR('',#1648,1.);
#1648 = DIRECTION('',(-1.,0.,0.));
#1649 = ORIENTED_EDGE('',*,*,#1601,.T.);
#1650 = ORIENTED_EDGE('',*,*,#843,.F.);
#1651 = PLANE('',#1652);
#1652 = AXIS2_PLACEMENT_3D('',#1653,#1654,#1655);
#1653 = CARTESIAN_POINT('',(111.,0.8,64.7));
#1654 = DIRECTION('',(-2.845724904161E-17,-0.707106781187,0.707106781187
    ));
#1655 = DIRECTION('',(-1.,2.012231377123E-17,-2.012231377123E-17));
#1656 = ADVANCED_FACE('',(#1657),#1681,.F.);
#1657 = FACE_BOUND('',#1658,.T.);
#1658 = EDGE_LOOP('',(#1659,#1666,#1667,#1674));
#1659 = ORIENTED_EDGE('',*,*,#1660,.F.);
#1660 = EDGE_CURVE('',#872,#1661,#1663,.T.);
#1661 = VERTEX_POINT('',#1662);
#1662 = CARTESIAN_POINT('',(78.5,1.4,8.05));
#1663 = B_SPLINE_CURVE_WITH_KNOTS('',1,(#1664,#1665),.UNSPECIFIED.,.F.,
  .F.,(2,2),(0.,1.),.PIECEWISE_BEZIER_KNOTS.);
#1664 = CARTESIAN_POINT('',(78.5,-1.E-02,6.65));
#1665 = CARTESIAN_POINT('',(78.5,1.4,8.05));
#1666 = ORIENTED_EDGE('',*,*,#869,.F.);
#1667 = ORIENTED_EDGE('',*,*,#1668,.T.);
#1668 = EDGE_CURVE('',#870,#1669,#1671,.T.);
#1669 = VERTEX_POINT('',#1670);
#1670 = CARTESIAN_POINT('',(79.7,1.4,9.25));
#1671 = B_SPLINE_CURVE_WITH_KNOTS('',1,(#1672,#1673),.UNSPECIFIED.,.F.,
  .F.,(2,2),(0.,1.),.PIECEWISE_BEZIER_KNOTS.);
#1672 = CARTESIAN_POINT('',(81.1,-1.E-02,9.25));
#1673 = CARTESIAN_POINT('',(79.7,1.4,9.25));
#1674 = ORIENTED_EDGE('',*,*,#1675,.F.);
#1675 = EDGE_CURVE('',#1661,#1669,#1676,.T.);
#1676 = CIRCLE('',#1677,1.2);
#1677 = AXIS2_PLACEMENT_3D('',#1678,#1679,#1680);
#1678 = CARTESIAN_POINT('',(78.5,1.4,9.25));
#1679 = DIRECTION('',(0.,-1.,0.));
#1680 = DIRECTION('',(0.,0.,-1.));
#1681 = CONICAL_SURFACE('',#1682,2.6,0.781839459559);
#1682 = AXIS2_PLACEMENT_3D('',#1683,#1684,#1685);
#1683 = CARTESIAN_POINT('',(78.5,-1.E-02,9.25));
#1684 = DIRECTION('',(0.,-1.,0.));
#1685 = DIRECTION('',(0.,0.,-1.));
#1686 = ADVANCED_FACE('',(#1687),#1704,.T.);
#1687 = FACE_BOUND('',#1688,.T.);
#1688 = EDGE_LOOP('',(#1689,#1690,#1691,#1698));
#1689 = ORIENTED_EDGE('',*,*,#1668,.F.);
#1690 = ORIENTED_EDGE('',*,*,#931,.F.);
#1691 = ORIENTED_EDGE('',*,*,#1692,.T.);
#1692 = EDGE_CURVE('',#923,#1693,#1695,.T.);
#1693 = VERTEX_POINT('',#1694);
#1694 = CARTESIAN_POINT('',(79.7,1.4,56.25));
#1695 = B_SPLINE_CURVE_WITH_KNOTS('',1,(#1696,#1697),.UNSPECIFIED.,.F.,
  .F.,(2,2),(0.,1.),.PIECEWISE_BEZIER_KNOTS.);
#1696 = CARTESIAN_POINT('',(81.1,-1.E-02,56.25));
#1697 = CARTESIAN_POINT('',(79.7,1.4,56.25));
#1698 = ORIENTED_EDGE('',*,*,#1699,.F.);
#1699 = EDGE_CURVE('',#1669,#1693,#1700,.T.);
#1700 = LINE('',#1701,#1702);
#1701 = CARTESIAN_POINT('',(79.7,1.4,9.25));
#1702 = VECTOR('',#1703,1.);
#1703 = DIRECTION('',(0.,0.,1.));
#1704 = PLANE('',#1705);
#1705 = AXIS2_PLACEMENT_3D('',#1706,#1707,#1708);
#1706 = CARTESIAN_POINT('',(79.7,1.4,9.25));
#1707 = DIRECTION('',(-0.709618681964,-0.704585925354,0.));
#1708 = DIRECTION('',(0.,0.,1.));
#1709 = ADVANCED_FACE('',(#1710),#1727,.T.);
#1710 = FACE_BOUND('',#1711,.T.);
#1711 = EDGE_LOOP('',(#1712,#1719,#1720,#1721));
#1712 = ORIENTED_EDGE('',*,*,#1713,.F.);
#1713 = EDGE_CURVE('',#881,#1714,#1716,.T.);
#1714 = VERTEX_POINT('',#1715);
#1715 = CARTESIAN_POINT('',(15.3,1.4,8.05));
#1716 = B_SPLINE_CURVE_WITH_KNOTS('',1,(#1717,#1718),.UNSPECIFIED.,.F.,
  .F.,(2,2),(0.,1.),.PIECEWISE_BEZIER_KNOTS.);
#1717 = CARTESIAN_POINT('',(15.3,-1.E-02,6.65));
#1718 = CARTESIAN_POINT('',(15.3,1.4,8.05));
#1719 = ORIENTED_EDGE('',*,*,#880,.F.);
#1720 = ORIENTED_EDGE('',*,*,#1660,.T.);
#1721 = ORIENTED_EDGE('',*,*,#1722,.F.);
#1722 = EDGE_CURVE('',#1714,#1661,#1723,.T.);
#1723 = LINE('',#1724,#1725);
#1724 = CARTESIAN_POINT('',(15.3,1.4,8.05));
#1725 = VECTOR('',#1726,1.);
#1726 = DIRECTION('',(1.,0.,0.));
#1727 = PLANE('',#1728);
#1728 = AXIS2_PLACEMENT_3D('',#1729,#1730,#1731);
#1729 = CARTESIAN_POINT('',(15.3,1.4,8.05));
#1730 = DIRECTION('',(0.,-0.704585925354,0.709618681964));
#1731 = DIRECTION('',(1.,0.,0.));
#1732 = ADVANCED_FACE('',(#1733),#1751,.F.);
#1733 = FACE_BOUND('',#1734,.T.);
#1734 = EDGE_LOOP('',(#1735,#1736,#1737,#1744));
#1735 = ORIENTED_EDGE('',*,*,#1692,.F.);
#1736 = ORIENTED_EDGE('',*,*,#922,.F.);
#1737 = ORIENTED_EDGE('',*,*,#1738,.T.);
#1738 = EDGE_CURVE('',#915,#1739,#1741,.T.);
#1739 = VERTEX_POINT('',#1740);
#1740 = CARTESIAN_POINT('',(78.5,1.4,57.45));
#1741 = B_SPLINE_CURVE_WITH_KNOTS('',1,(#1742,#1743),.UNSPECIFIED.,.F.,
  .F.,(2,2),(0.,1.),.PIECEWISE_BEZIER_KNOTS.);
#1742 = CARTESIAN_POINT('',(78.5,-1.E-02,58.85));
#1743 = CARTESIAN_POINT('',(78.5,1.4,57.45));
#1744 = ORIENTED_EDGE('',*,*,#1745,.F.);
#1745 = EDGE_CURVE('',#1693,#1739,#1746,.T.);
#1746 = CIRCLE('',#1747,1.2);
#1747 = AXIS2_PLACEMENT_3D('',#1748,#1749,#1750);
#1748 = CARTESIAN_POINT('',(78.5,1.4,56.25));
#1749 = DIRECTION('',(0.,-1.,0.));
#1750 = DIRECTION('',(1.,0.,-5.921189464668E-15));
#1751 = CONICAL_SURFACE('',#1752,2.6,0.781839459559);
#1752 = AXIS2_PLACEMENT_3D('',#1753,#1754,#1755);
#1753 = CARTESIAN_POINT('',(78.5,-1.E-02,56.25));
#1754 = DIRECTION('',(0.,-1.,0.));
#1755 = DIRECTION('',(1.,0.,0.));
#1756 = ADVANCED_FACE('',(#1757),#1775,.F.);
#1757 = FACE_BOUND('',#1758,.T.);
#1758 = EDGE_LOOP('',(#1759,#1766,#1767,#1768));
#1759 = ORIENTED_EDGE('',*,*,#1760,.F.);
#1760 = EDGE_CURVE('',#889,#1761,#1763,.T.);
#1761 = VERTEX_POINT('',#1762);
#1762 = CARTESIAN_POINT('',(14.1,1.4,9.25));
#1763 = B_SPLINE_CURVE_WITH_KNOTS('',1,(#1764,#1765),.UNSPECIFIED.,.F.,
  .F.,(2,2),(0.,1.),.PIECEWISE_BEZIER_KNOTS.);
#1764 = CARTESIAN_POINT('',(12.7,-1.E-02,9.25));
#1765 = CARTESIAN_POINT('',(14.1,1.4,9.25));
#1766 = ORIENTED_EDGE('',*,*,#888,.F.);
#1767 = ORIENTED_EDGE('',*,*,#1713,.T.);
#1768 = ORIENTED_EDGE('',*,*,#1769,.F.);
#1769 = EDGE_CURVE('',#1761,#1714,#1770,.T.);
#1770 = CIRCLE('',#1771,1.2);
#1771 = AXIS2_PLACEMENT_3D('',#1772,#1773,#1774);
#1772 = CARTESIAN_POINT('',(15.3,1.4,9.25));
#1773 = DIRECTION('',(0.,-1.,0.));
#1774 = DIRECTION('',(-1.,0.,0.));
#1775 = CONICAL_SURFACE('',#1776,2.6,0.781839459559);
#1776 = AXIS2_PLACEMENT_3D('',#1777,#1778,#1779);
#1777 = CARTESIAN_POINT('',(15.3,-1.E-02,9.25));
#1778 = DIRECTION('',(0.,-1.,0.));
#1779 = DIRECTION('',(-1.,0.,0.));
#1780 = ADVANCED_FACE('',(#1781),#1798,.T.);
#1781 = FACE_BOUND('',#1782,.T.);
#1782 = EDGE_LOOP('',(#1783,#1784,#1785,#1792));
#1783 = ORIENTED_EDGE('',*,*,#1738,.F.);
#1784 = ORIENTED_EDGE('',*,*,#914,.F.);
#1785 = ORIENTED_EDGE('',*,*,#1786,.T.);
#1786 = EDGE_CURVE('',#906,#1787,#1789,.T.);
#1787 = VERTEX_POINT('',#1788);
#1788 = CARTESIAN_POINT('',(15.3,1.4,57.45));
#1789 = B_SPLINE_CURVE_WITH_KNOTS('',1,(#1790,#1791),.UNSPECIFIED.,.F.,
  .F.,(2,2),(0.,1.),.PIECEWISE_BEZIER_KNOTS.);
#1790 = CARTESIAN_POINT('',(15.3,-1.E-02,58.85));
#1791 = CARTESIAN_POINT('',(15.3,1.4,57.45));
#1792 = ORIENTED_EDGE('',*,*,#1793,.F.);
#1793 = EDGE_CURVE('',#1739,#1787,#1794,.T.);
#1794 = LINE('',#1795,#1796);
#1795 = CARTESIAN_POINT('',(78.5,1.4,57.45));
#1796 = VECTOR('',#1797,1.);
#1797 = DIRECTION('',(-1.,0.,0.));
#1798 = PLANE('',#1799);
#1799 = AXIS2_PLACEMENT_3D('',#1800,#1801,#1802);
#1800 = CARTESIAN_POINT('',(78.5,1.4,57.45));
#1801 = DIRECTION('',(-0.,-0.704585925354,-0.709618681964));
#1802 = DIRECTION('',(-1.,0.,0.));
#1803 = ADVANCED_FACE('',(#1804),#1821,.T.);
#1804 = FACE_BOUND('',#1805,.T.);
#1805 = EDGE_LOOP('',(#1806,#1813,#1814,#1815));
#1806 = ORIENTED_EDGE('',*,*,#1807,.F.);
#1807 = EDGE_CURVE('',#898,#1808,#1810,.T.);
#1808 = VERTEX_POINT('',#1809);
#1809 = CARTESIAN_POINT('',(14.1,1.4,56.25));
#1810 = B_SPLINE_CURVE_WITH_KNOTS('',1,(#1811,#1812),.UNSPECIFIED.,.F.,
  .F.,(2,2),(0.,1.),.PIECEWISE_BEZIER_KNOTS.);
#1811 = CARTESIAN_POINT('',(12.7,-1.E-02,56.25));
#1812 = CARTESIAN_POINT('',(14.1,1.4,56.25));
#1813 = ORIENTED_EDGE('',*,*,#897,.F.);
#1814 = ORIENTED_EDGE('',*,*,#1760,.T.);
#1815 = ORIENTED_EDGE('',*,*,#1816,.F.);
#1816 = EDGE_CURVE('',#1808,#1761,#1817,.T.);
#1817 = LINE('',#1818,#1819);
#1818 = CARTESIAN_POINT('',(14.1,1.4,56.25));
#1819 = VECTOR('',#1820,1.);
#1820 = DIRECTION('',(0.,0.,-1.));
#1821 = PLANE('',#1822);
#1822 = AXIS2_PLACEMENT_3D('',#1823,#1824,#1825);
#1823 = CARTESIAN_POINT('',(14.1,1.4,56.25));
#1824 = DIRECTION('',(0.709618681964,-0.704585925354,0.));
#1825 = DIRECTION('',(0.,0.,-1.));
#1826 = ADVANCED_FACE('',(#1827),#1839,.F.);
#1827 = FACE_BOUND('',#1828,.T.);
#1828 = EDGE_LOOP('',(#1829,#1830,#1831,#1832));
#1829 = ORIENTED_EDGE('',*,*,#1786,.F.);
#1830 = ORIENTED_EDGE('',*,*,#905,.F.);
#1831 = ORIENTED_EDGE('',*,*,#1807,.T.);
#1832 = ORIENTED_EDGE('',*,*,#1833,.F.);
#1833 = EDGE_CURVE('',#1787,#1808,#1834,.T.);
#1834 = CIRCLE('',#1835,1.2);
#1835 = AXIS2_PLACEMENT_3D('',#1836,#1837,#1838);
#1836 = CARTESIAN_POINT('',(15.3,1.4,56.25));
#1837 = DIRECTION('',(0.,-1.,0.));
#1838 = DIRECTION('',(5.921189464668E-15,0.,1.));
#1839 = CONICAL_SURFACE('',#1840,2.6,0.781839459559);
#1840 = AXIS2_PLACEMENT_3D('',#1841,#1842,#1843);
#1841 = CARTESIAN_POINT('',(15.3,-1.E-02,56.25));
#1842 = DIRECTION('',(0.,-1.,0.));
#1843 = DIRECTION('',(6.832141690001E-16,0.,1.));
#1844 = ADVANCED_FACE('',(#1845),#1869,.F.);
#1845 = FACE_BOUND('',#1846,.T.);
#1846 = EDGE_LOOP('',(#1847,#1854,#1855,#1862));
#1847 = ORIENTED_EDGE('',*,*,#1848,.F.);
#1848 = EDGE_CURVE('',#942,#1849,#1851,.T.);
#1849 = VERTEX_POINT('',#1850);
#1850 = CARTESIAN_POINT('',(110.35,1.,28.45));
#1851 = B_SPLINE_CURVE_WITH_KNOTS('',1,(#1852,#1853),.UNSPECIFIED.,.F.,
  .F.,(2,2),(0.,1.),.PIECEWISE_BEZIER_KNOTS.);
#1852 = CARTESIAN_POINT('',(110.35,-1.E-02,27.45));
#1853 = CARTESIAN_POINT('',(110.35,1.,28.45));
#1854 = ORIENTED_EDGE('',*,*,#939,.F.);
#1855 = ORIENTED_EDGE('',*,*,#1856,.T.);
#1856 = EDGE_CURVE('',#940,#1857,#1859,.T.);
#1857 = VERTEX_POINT('',#1858);
#1858 = CARTESIAN_POINT('',(111.35,1.,29.45));
#1859 = B_SPLINE_CURVE_WITH_KNOTS('',1,(#1860,#1861),.UNSPECIFIED.,.F.,
  .F.,(2,2),(0.,1.),.PIECEWISE_BEZIER_KNOTS.);
#1860 = CARTESIAN_POINT('',(112.35,-1.E-02,29.45));
#1861 = CARTESIAN_POINT('',(111.35,1.,29.45));
#1862 = ORIENTED_EDGE('',*,*,#1863,.F.);
#1863 = EDGE_CURVE('',#1849,#1857,#1864,.T.);
#1864 = CIRCLE('',#1865,1.);
#1865 = AXIS2_PLACEMENT_3D('',#1866,#1867,#1868);
#1866 = CARTESIAN_POINT('',(110.35,1.,29.45));
#1867 = DIRECTION('',(0.,-1.,0.));
#1868 = DIRECTION('',(-1.42108547152E-14,-0.,-1.));
#1869 = CONICAL_SURFACE('',#1870,2.,0.780423080067);
#1870 = AXIS2_PLACEMENT_3D('',#1871,#1872,#1873);
#1871 = CARTESIAN_POINT('',(110.35,-1.E-02,29.45));
#1872 = DIRECTION('',(0.,-1.,0.));
#1873 = DIRECTION('',(0.,0.,-1.));
#1874 = ADVANCED_FACE('',(#1875),#1892,.T.);
#1875 = FACE_BOUND('',#1876,.T.);
#1876 = EDGE_LOOP('',(#1877,#1878,#1879,#1886));
#1877 = ORIENTED_EDGE('',*,*,#1856,.F.);
#1878 = ORIENTED_EDGE('',*,*,#1001,.F.);
#1879 = ORIENTED_EDGE('',*,*,#1880,.T.);
#1880 = EDGE_CURVE('',#993,#1881,#1883,.T.);
#1881 = VERTEX_POINT('',#1882);
#1882 = CARTESIAN_POINT('',(111.35,1.,56.45));
#1883 = B_SPLINE_CURVE_WITH_KNOTS('',1,(#1884,#1885),.UNSPECIFIED.,.F.,
  .F.,(2,2),(0.,1.),.PIECEWISE_BEZIER_KNOTS.);
#1884 = CARTESIAN_POINT('',(112.35,-1.E-02,56.45));
#1885 = CARTESIAN_POINT('',(111.35,1.,56.45));
#1886 = ORIENTED_EDGE('',*,*,#1887,.F.);
#1887 = EDGE_CURVE('',#1857,#1881,#1888,.T.);
#1888 = LINE('',#1889,#1890);
#1889 = CARTESIAN_POINT('',(111.35,1.,29.45));
#1890 = VECTOR('',#1891,1.);
#1891 = DIRECTION('',(0.,0.,1.));
#1892 = PLANE('',#1893);
#1893 = AXIS2_PLACEMENT_3D('',#1894,#1895,#1896);
#1894 = CARTESIAN_POINT('',(111.35,1.,29.45));
#1895 = DIRECTION('',(-0.710615930892,-0.703580129596,0.));
#1896 = DIRECTION('',(0.,0.,1.));
#1897 = ADVANCED_FACE('',(#1898),#1915,.T.);
#1898 = FACE_BOUND('',#1899,.T.);
#1899 = EDGE_LOOP('',(#1900,#1907,#1908,#1909));
#1900 = ORIENTED_EDGE('',*,*,#1901,.F.);
#1901 = EDGE_CURVE('',#951,#1902,#1904,.T.);
#1902 = VERTEX_POINT('',#1903);
#1903 = CARTESIAN_POINT('',(91.35,1.,28.45));
#1904 = B_SPLINE_CURVE_WITH_KNOTS('',1,(#1905,#1906),.UNSPECIFIED.,.F.,
  .F.,(2,2),(0.,1.),.PIECEWISE_BEZIER_KNOTS.);
#1905 = CARTESIAN_POINT('',(91.35,-1.E-02,27.45));
#1906 = CARTESIAN_POINT('',(91.35,1.,28.45));
#1907 = ORIENTED_EDGE('',*,*,#950,.F.);
#1908 = ORIENTED_EDGE('',*,*,#1848,.T.);
#1909 = ORIENTED_EDGE('',*,*,#1910,.F.);
#1910 = EDGE_CURVE('',#1902,#1849,#1911,.T.);
#1911 = LINE('',#1912,#1913);
#1912 = CARTESIAN_POINT('',(91.35,1.,28.45));
#1913 = VECTOR('',#1914,1.);
#1914 = DIRECTION('',(1.,0.,0.));
#1915 = PLANE('',#1916);
#1916 = AXIS2_PLACEMENT_3D('',#1917,#1918,#1919);
#1917 = CARTESIAN_POINT('',(91.35,1.,28.45));
#1918 = DIRECTION('',(0.,-0.703580129596,0.710615930892));
#1919 = DIRECTION('',(1.,0.,0.));
#1920 = ADVANCED_FACE('',(#1921),#1939,.F.);
#1921 = FACE_BOUND('',#1922,.T.);
#1922 = EDGE_LOOP('',(#1923,#1924,#1925,#1932));
#1923 = ORIENTED_EDGE('',*,*,#1880,.F.);
#1924 = ORIENTED_EDGE('',*,*,#992,.F.);
#1925 = ORIENTED_EDGE('',*,*,#1926,.T.);
#1926 = EDGE_CURVE('',#985,#1927,#1929,.T.);
#1927 = VERTEX_POINT('',#1928);
#1928 = CARTESIAN_POINT('',(110.35,1.,57.45));
#1929 = B_SPLINE_CURVE_WITH_KNOTS('',1,(#1930,#1931),.UNSPECIFIED.,.F.,
  .F.,(2,2),(0.,1.),.PIECEWISE_BEZIER_KNOTS.);
#1930 = CARTESIAN_POINT('',(110.35,-1.E-02,58.45));
#1931 = CARTESIAN_POINT('',(110.35,1.,57.45));
#1932 = ORIENTED_EDGE('',*,*,#1933,.F.);
#1933 = EDGE_CURVE('',#1881,#1927,#1934,.T.);
#1934 = CIRCLE('',#1935,1.);
#1935 = AXIS2_PLACEMENT_3D('',#1936,#1937,#1938);
#1936 = CARTESIAN_POINT('',(110.35,1.,56.45));
#1937 = DIRECTION('',(0.,-1.,0.));
#1938 = DIRECTION('',(1.,0.,-1.42108547152E-14));
#1939 = CONICAL_SURFACE('',#1940,2.,0.780423080067);
#1940 = AXIS2_PLACEMENT_3D('',#1941,#1942,#1943);
#1941 = CARTESIAN_POINT('',(110.35,-1.E-02,56.45));
#1942 = DIRECTION('',(0.,-1.,0.));
#1943 = DIRECTION('',(1.,0.,3.552713678801E-15));
#1944 = ADVANCED_FACE('',(#1945),#1963,.F.);
#1945 = FACE_BOUND('',#1946,.T.);
#1946 = EDGE_LOOP('',(#1947,#1954,#1955,#1956));
#1947 = ORIENTED_EDGE('',*,*,#1948,.F.);
#1948 = EDGE_CURVE('',#959,#1949,#1951,.T.);
#1949 = VERTEX_POINT('',#1950);
#1950 = CARTESIAN_POINT('',(90.35,1.,29.45));
#1951 = B_SPLINE_CURVE_WITH_KNOTS('',1,(#1952,#1953),.UNSPECIFIED.,.F.,
  .F.,(2,2),(0.,1.),.PIECEWISE_BEZIER_KNOTS.);
#1952 = CARTESIAN_POINT('',(89.35,-1.E-02,29.45));
#1953 = CARTESIAN_POINT('',(90.35,1.,29.45));
#1954 = ORIENTED_EDGE('',*,*,#958,.F.);
#1955 = ORIENTED_EDGE('',*,*,#1901,.T.);
#1956 = ORIENTED_EDGE('',*,*,#1957,.F.);
#1957 = EDGE_CURVE('',#1949,#1902,#1958,.T.);
#1958 = CIRCLE('',#1959,1.);
#1959 = AXIS2_PLACEMENT_3D('',#1960,#1961,#1962);
#1960 = CARTESIAN_POINT('',(91.35,1.,29.45));
#1961 = DIRECTION('',(0.,-1.,0.));
#1962 = DIRECTION('',(-1.,0.,7.105427357601E-15));
#1963 = CONICAL_SURFACE('',#1964,2.,0.780423080067);
#1964 = AXIS2_PLACEMENT_3D('',#1965,#1966,#1967);
#1965 = CARTESIAN_POINT('',(91.35,-1.E-02,29.45));
#1966 = DIRECTION('',(0.,-1.,0.));
#1967 = DIRECTION('',(-1.,-0.,-1.7763568394E-15));
#1968 = ADVANCED_FACE('',(#1969),#1986,.T.);
#1969 = FACE_BOUND('',#1970,.T.);
#1970 = EDGE_LOOP('',(#1971,#1972,#1973,#1980));
#1971 = ORIENTED_EDGE('',*,*,#1926,.F.);
#1972 = ORIENTED_EDGE('',*,*,#984,.F.);
#1973 = ORIENTED_EDGE('',*,*,#1974,.T.);
#1974 = EDGE_CURVE('',#976,#1975,#1977,.T.);
#1975 = VERTEX_POINT('',#1976);
#1976 = CARTESIAN_POINT('',(91.35,1.,57.45));
#1977 = B_SPLINE_CURVE_WITH_KNOTS('',1,(#1978,#1979),.UNSPECIFIED.,.F.,
  .F.,(2,2),(0.,1.),.PIECEWISE_BEZIER_KNOTS.);
#1978 = CARTESIAN_POINT('',(91.35,-1.E-02,58.45));
#1979 = CARTESIAN_POINT('',(91.35,1.,57.45));
#1980 = ORIENTED_EDGE('',*,*,#1981,.F.);
#1981 = EDGE_CURVE('',#1927,#1975,#1982,.T.);
#1982 = LINE('',#1983,#1984);
#1983 = CARTESIAN_POINT('',(110.35,1.,57.45));
#1984 = VECTOR('',#1985,1.);
#1985 = DIRECTION('',(-1.,0.,0.));
#1986 = PLANE('',#1987);
#1987 = AXIS2_PLACEMENT_3D('',#1988,#1989,#1990);
#1988 = CARTESIAN_POINT('',(110.35,1.,57.45));
#1989 = DIRECTION('',(-0.,-0.703580129596,-0.710615930892));
#1990 = DIRECTION('',(-1.,0.,0.));
#1991 = ADVANCED_FACE('',(#1992),#2009,.T.);
#1992 = FACE_BOUND('',#1993,.T.);
#1993 = EDGE_LOOP('',(#1994,#2001,#2002,#2003));
#1994 = ORIENTED_EDGE('',*,*,#1995,.F.);
#1995 = EDGE_CURVE('',#968,#1996,#1998,.T.);
#1996 = VERTEX_POINT('',#1997);
#1997 = CARTESIAN_POINT('',(90.35,1.,56.45));
#1998 = B_SPLINE_CURVE_WITH_KNOTS('',1,(#1999,#2000),.UNSPECIFIED.,.F.,
  .F.,(2,2),(0.,1.),.PIECEWISE_BEZIER_KNOTS.);
#1999 = CARTESIAN_POINT('',(89.35,-1.E-02,56.45));
#2000 = CARTESIAN_POINT('',(90.35,1.,56.45));
#2001 = ORIENTED_EDGE('',*,*,#967,.F.);
#2002 = ORIENTED_EDGE('',*,*,#1948,.T.);
#2003 = ORIENTED_EDGE('',*,*,#2004,.F.);
#2004 = EDGE_CURVE('',#1996,#1949,#2005,.T.);
#2005 = LINE('',#2006,#2007);
#2006 = CARTESIAN_POINT('',(90.35,1.,56.45));
#2007 = VECTOR('',#2008,1.);
#2008 = DIRECTION('',(0.,0.,-1.));
#2009 = PLANE('',#2010);
#2010 = AXIS2_PLACEMENT_3D('',#2011,#2012,#2013);
#2011 = CARTESIAN_POINT('',(90.35,1.,56.45));
#2012 = DIRECTION('',(0.710615930892,-0.703580129596,0.));
#2013 = DIRECTION('',(0.,0.,-1.));
#2014 = ADVANCED_FACE('',(#2015),#2027,.F.);
#2015 = FACE_BOUND('',#2016,.T.);
#2016 = EDGE_LOOP('',(#2017,#2018,#2019,#2020));
#2017 = ORIENTED_EDGE('',*,*,#1974,.F.);
#2018 = ORIENTED_EDGE('',*,*,#975,.F.);
#2019 = ORIENTED_EDGE('',*,*,#1995,.T.);
#2020 = ORIENTED_EDGE('',*,*,#2021,.F.);
#2021 = EDGE_CURVE('',#1975,#1996,#2022,.T.);
#2022 = CIRCLE('',#2023,1.);
#2023 = AXIS2_PLACEMENT_3D('',#2024,#2025,#2026);
#2024 = CARTESIAN_POINT('',(91.35,1.,56.45));
#2025 = DIRECTION('',(0.,-1.,0.));
#2026 = DIRECTION('',(1.42108547152E-14,0.,1.));
#2027 = CONICAL_SURFACE('',#2028,2.,0.780423080067);
#2028 = AXIS2_PLACEMENT_3D('',#2029,#2030,#2031);
#2029 = CARTESIAN_POINT('',(91.35,-1.E-02,56.45));
#2030 = DIRECTION('',(0.,-1.,0.));
#2031 = DIRECTION('',(0.,0.,1.));
#2032 = ADVANCED_FACE('',(#2033),#2052,.F.);
#2033 = FACE_BOUND('',#2034,.F.);
#2034 = EDGE_LOOP('',(#2035,#2044,#2050,#2051));
#2035 = ORIENTED_EDGE('',*,*,#2036,.F.);
#2036 = EDGE_CURVE('',#2037,#2037,#2039,.T.);
#2037 = VERTEX_POINT('',#2038);
#2038 = CARTESIAN_POINT('',(102.2,3.29,12.1));
#2039 = CIRCLE('',#2040,1.);
#2040 = AXIS2_PLACEMENT_3D('',#2041,#2042,#2043);
#2041 = CARTESIAN_POINT('',(102.2,3.29,11.1));
#2042 = DIRECTION('',(0.,1.,0.));
#2043 = DIRECTION('',(0.,0.,1.));
#2044 = ORIENTED_EDGE('',*,*,#2045,.F.);
#2045 = EDGE_CURVE('',#1010,#2037,#2046,.T.);
#2046 = LINE('',#2047,#2048);
#2047 = CARTESIAN_POINT('',(102.2,-1.,12.1));
#2048 = VECTOR('',#2049,1.);
#2049 = DIRECTION('',(0.,1.,0.));
#2050 = ORIENTED_EDGE('',*,*,#1009,.T.);
#2051 = ORIENTED_EDGE('',*,*,#2045,.T.);
#2052 = CYLINDRICAL_SURFACE('',#2053,1.);
#2053 = AXIS2_PLACEMENT_3D('',#2054,#2055,#2056);
#2054 = CARTESIAN_POINT('',(102.2,-1.,11.1));
#2055 = DIRECTION('',(0.,1.,0.));
#2056 = DIRECTION('',(0.,0.,1.));
#2057 = ADVANCED_FACE('',(#2058),#2077,.F.);
#2058 = FACE_BOUND('',#2059,.F.);
#2059 = EDGE_LOOP('',(#2060,#2069,#2075,#2076));
#2060 = ORIENTED_EDGE('',*,*,#2061,.F.);
#2061 = EDGE_CURVE('',#2062,#2062,#2064,.T.);
#2062 = VERTEX_POINT('',#2063);
#2063 = CARTESIAN_POINT('',(109.3,1.8,15.));
#2064 = CIRCLE('',#2065,3.9);
#2065 = AXIS2_PLACEMENT_3D('',#2066,#2067,#2068);
#2066 = CARTESIAN_POINT('',(109.3,1.8,11.1));
#2067 = DIRECTION('',(0.,1.,0.));
#2068 = DIRECTION('',(0.,0.,1.));
#2069 = ORIENTED_EDGE('',*,*,#2070,.F.);
#2070 = EDGE_CURVE('',#1021,#2062,#2071,.T.);
#2071 = LINE('',#2072,#2073);
#2072 = CARTESIAN_POINT('',(109.3,-1.,15.));
#2073 = VECTOR('',#2074,1.);
#2074 = DIRECTION('',(0.,1.,0.));
#2075 = ORIENTED_EDGE('',*,*,#1020,.T.);
#2076 = ORIENTED_EDGE('',*,*,#2070,.T.);
#2077 = CYLINDRICAL_SURFACE('',#2078,3.9);
#2078 = AXIS2_PLACEMENT_3D('',#2079,#2080,#2081);
#2079 = CARTESIAN_POINT('',(109.3,-1.,11.1));
#2080 = DIRECTION('',(0.,1.,0.));
#2081 = DIRECTION('',(0.,0.,1.));
#2082 = ADVANCED_FACE('',(#2083),#2108,.T.);
#2083 = FACE_BOUND('',#2084,.T.);
#2084 = EDGE_LOOP('',(#2085,#2086,#2094,#2102));
#2085 = ORIENTED_EDGE('',*,*,#1137,.F.);
#2086 = ORIENTED_EDGE('',*,*,#2087,.T.);
#2087 = EDGE_CURVE('',#1138,#2088,#2090,.T.);
#2088 = VERTEX_POINT('',#2089);
#2089 = CARTESIAN_POINT('',(102.89,2.55,2.4));
#2090 = LINE('',#2091,#2092);
#2091 = CARTESIAN_POINT('',(102.89,2.55,-1.));
#2092 = VECTOR('',#2093,1.);
#2093 = DIRECTION('',(0.,0.,1.));
#2094 = ORIENTED_EDGE('',*,*,#2095,.T.);
#2095 = EDGE_CURVE('',#2088,#2096,#2098,.T.);
#2096 = VERTEX_POINT('',#2097);
#2097 = CARTESIAN_POINT('',(108.41,2.55,2.4));
#2098 = LINE('',#2099,#2100);
#2099 = CARTESIAN_POINT('',(53.395,2.55,2.4));
#2100 = VECTOR('',#2101,1.);
#2101 = DIRECTION('',(1.,0.,0.));
#2102 = ORIENTED_EDGE('',*,*,#2103,.F.);
#2103 = EDGE_CURVE('',#1140,#2096,#2104,.T.);
#2104 = LINE('',#2105,#2106);
#2105 = CARTESIAN_POINT('',(108.41,2.55,-1.));
#2106 = VECTOR('',#2107,1.);
#2107 = DIRECTION('',(0.,0.,1.));
#2108 = PLANE('',#2109);
#2109 = AXIS2_PLACEMENT_3D('',#2110,#2111,#2112);
#2110 = CARTESIAN_POINT('',(102.89,2.55,-1.));
#2111 = DIRECTION('',(0.,1.,0.));
#2112 = DIRECTION('',(1.,0.,0.));
#2113 = ADVANCED_FACE('',(#2114),#2133,.F.);
#2114 = FACE_BOUND('',#2115,.T.);
#2115 = EDGE_LOOP('',(#2116,#2124,#2125,#2126));
#2116 = ORIENTED_EDGE('',*,*,#2117,.F.);
#2117 = EDGE_CURVE('',#1191,#2118,#2120,.T.);
#2118 = VERTEX_POINT('',#2119);
#2119 = CARTESIAN_POINT('',(110.15,4.29,2.4));
#2120 = LINE('',#2121,#2122);
#2121 = CARTESIAN_POINT('',(110.15,4.29,-1.));
#2122 = VECTOR('',#2123,1.);
#2123 = DIRECTION('',(0.,0.,1.));
#2124 = ORIENTED_EDGE('',*,*,#1198,.T.);
#2125 = ORIENTED_EDGE('',*,*,#2103,.T.);
#2126 = ORIENTED_EDGE('',*,*,#2127,.F.);
#2127 = EDGE_CURVE('',#2118,#2096,#2128,.T.);
#2128 = CIRCLE('',#2129,1.74);
#2129 = AXIS2_PLACEMENT_3D('',#2130,#2131,#2132);
#2130 = CARTESIAN_POINT('',(108.41,4.29,2.4));
#2131 = DIRECTION('',(0.,1.110223024625E-16,-1.));
#2132 = DIRECTION('',(8.1671578823E-15,-1.,-1.110223024625E-16));
#2133 = CYLINDRICAL_SURFACE('',#2134,1.74);
#2134 = AXIS2_PLACEMENT_3D('',#2135,#2136,#2137);
#2135 = CARTESIAN_POINT('',(108.41,4.29,-1.));
#2136 = DIRECTION('',(0.,1.110223024625E-16,-1.));
#2137 = DIRECTION('',(8.1671578823E-15,-1.,-1.110223024625E-16));
#2138 = ADVANCED_FACE('',(#2139),#2157,.T.);
#2139 = FACE_BOUND('',#2140,.T.);
#2140 = EDGE_LOOP('',(#2141,#2142,#2143,#2151));
#2141 = ORIENTED_EDGE('',*,*,#1190,.F.);
#2142 = ORIENTED_EDGE('',*,*,#2117,.T.);
#2143 = ORIENTED_EDGE('',*,*,#2144,.T.);
#2144 = EDGE_CURVE('',#2118,#2145,#2147,.T.);
#2145 = VERTEX_POINT('',#2146);
#2146 = CARTESIAN_POINT('',(110.15,4.31,2.4));
#2147 = LINE('',#2148,#2149);
#2148 = CARTESIAN_POINT('',(110.15,3.045,2.4));
#2149 = VECTOR('',#2150,1.);
#2150 = DIRECTION('',(0.,1.,0.));
#2151 = ORIENTED_EDGE('',*,*,#2152,.F.);
#2152 = EDGE_CURVE('',#1182,#2145,#2153,.T.);
#2153 = LINE('',#2154,#2155);
#2154 = CARTESIAN_POINT('',(110.15,4.31,-1.));
#2155 = VECTOR('',#2156,1.);
#2156 = DIRECTION('',(0.,0.,1.));
#2157 = PLANE('',#2158);
#2158 = AXIS2_PLACEMENT_3D('',#2159,#2160,#2161);
#2159 = CARTESIAN_POINT('',(110.15,4.29,-1.));
#2160 = DIRECTION('',(-1.,0.,0.));
#2161 = DIRECTION('',(0.,1.,1.110223024625E-16));
#2162 = ADVANCED_FACE('',(#2163),#2182,.F.);
#2163 = FACE_BOUND('',#2164,.T.);
#2164 = EDGE_LOOP('',(#2165,#2173,#2174,#2175));
#2165 = ORIENTED_EDGE('',*,*,#2166,.F.);
#2166 = EDGE_CURVE('',#1174,#2167,#2169,.T.);
#2167 = VERTEX_POINT('',#2168);
#2168 = CARTESIAN_POINT('',(108.41,6.05,2.4));
#2169 = LINE('',#2170,#2171);
#2170 = CARTESIAN_POINT('',(108.41,6.05,-1.));
#2171 = VECTOR('',#2172,1.);
#2172 = DIRECTION('',(0.,0.,1.));
#2173 = ORIENTED_EDGE('',*,*,#1181,.T.);
#2174 = ORIENTED_EDGE('',*,*,#2152,.T.);
#2175 = ORIENTED_EDGE('',*,*,#2176,.F.);
#2176 = EDGE_CURVE('',#2167,#2145,#2177,.T.);
#2177 = CIRCLE('',#2178,1.74);
#2178 = AXIS2_PLACEMENT_3D('',#2179,#2180,#2181);
#2179 = CARTESIAN_POINT('',(108.41,4.31,2.4));
#2180 = DIRECTION('',(0.,1.110223024625E-16,-1.));
#2181 = DIRECTION('',(1.,-9.57088814332E-17,-1.062582038283E-32));
#2182 = CYLINDRICAL_SURFACE('',#2183,1.74);
#2183 = AXIS2_PLACEMENT_3D('',#2184,#2185,#2186);
#2184 = CARTESIAN_POINT('',(108.41,4.31,-1.));
#2185 = DIRECTION('',(0.,1.110223024625E-16,-1.));
#2186 = DIRECTION('',(1.,-9.57088814332E-17,-1.062582038283E-32));
#2187 = ADVANCED_FACE('',(#2188),#2206,.T.);
#2188 = FACE_BOUND('',#2189,.T.);
#2189 = EDGE_LOOP('',(#2190,#2191,#2192,#2200));
#2190 = ORIENTED_EDGE('',*,*,#1173,.F.);
#2191 = ORIENTED_EDGE('',*,*,#2166,.T.);
#2192 = ORIENTED_EDGE('',*,*,#2193,.T.);
#2193 = EDGE_CURVE('',#2167,#2194,#2196,.T.);
#2194 = VERTEX_POINT('',#2195);
#2195 = CARTESIAN_POINT('',(102.89,6.05,2.4));
#2196 = LINE('',#2197,#2198);
#2197 = CARTESIAN_POINT('',(56.155,6.05,2.4));
#2198 = VECTOR('',#2199,1.);
#2199 = DIRECTION('',(-1.,-0.,-0.));
#2200 = ORIENTED_EDGE('',*,*,#2201,.F.);
#2201 = EDGE_CURVE('',#1165,#2194,#2202,.T.);
#2202 = LINE('',#2203,#2204);
#2203 = CARTESIAN_POINT('',(102.89,6.05,-1.));
#2204 = VECTOR('',#2205,1.);
#2205 = DIRECTION('',(0.,0.,1.));
#2206 = PLANE('',#2207);
#2207 = AXIS2_PLACEMENT_3D('',#2208,#2209,#2210);
#2208 = CARTESIAN_POINT('',(108.41,6.05,-1.));
#2209 = DIRECTION('',(0.,-1.,0.));
#2210 = DIRECTION('',(-1.,0.,0.));
#2211 = ADVANCED_FACE('',(#2212),#2231,.F.);
#2212 = FACE_BOUND('',#2213,.T.);
#2213 = EDGE_LOOP('',(#2214,#2222,#2223,#2224));
#2214 = ORIENTED_EDGE('',*,*,#2215,.F.);
#2215 = EDGE_CURVE('',#1157,#2216,#2218,.T.);
#2216 = VERTEX_POINT('',#2217);
#2217 = CARTESIAN_POINT('',(101.15,4.31,2.4));
#2218 = LINE('',#2219,#2220);
#2219 = CARTESIAN_POINT('',(101.15,4.31,-1.));
#2220 = VECTOR('',#2221,1.);
#2221 = DIRECTION('',(0.,0.,1.));
#2222 = ORIENTED_EDGE('',*,*,#1164,.T.);
#2223 = ORIENTED_EDGE('',*,*,#2201,.T.);
#2224 = ORIENTED_EDGE('',*,*,#2225,.F.);
#2225 = EDGE_CURVE('',#2216,#2194,#2226,.T.);
#2226 = CIRCLE('',#2227,1.74);
#2227 = AXIS2_PLACEMENT_3D('',#2228,#2229,#2230);
#2228 = CARTESIAN_POINT('',(102.89,4.31,2.4));
#2229 = DIRECTION('',(0.,1.110223024625E-16,-1.));
#2230 = DIRECTION('',(-8.1671578823E-15,1.,1.110223024625E-16));
#2231 = CYLINDRICAL_SURFACE('',#2232,1.74);
#2232 = AXIS2_PLACEMENT_3D('',#2233,#2234,#2235);
#2233 = CARTESIAN_POINT('',(102.89,4.31,-1.));
#2234 = DIRECTION('',(0.,1.110223024625E-16,-1.));
#2235 = DIRECTION('',(-8.1671578823E-15,1.,1.110223024625E-16));
#2236 = ADVANCED_FACE('',(#2237),#2255,.T.);
#2237 = FACE_BOUND('',#2238,.T.);
#2238 = EDGE_LOOP('',(#2239,#2240,#2241,#2249));
#2239 = ORIENTED_EDGE('',*,*,#1156,.F.);
#2240 = ORIENTED_EDGE('',*,*,#2215,.T.);
#2241 = ORIENTED_EDGE('',*,*,#2242,.T.);
#2242 = EDGE_CURVE('',#2216,#2243,#2245,.T.);
#2243 = VERTEX_POINT('',#2244);
#2244 = CARTESIAN_POINT('',(101.15,4.29,2.4));
#2245 = LINE('',#2246,#2247);
#2246 = CARTESIAN_POINT('',(101.15,3.055,2.4));
#2247 = VECTOR('',#2248,1.);
#2248 = DIRECTION('',(0.,-1.,0.));
#2249 = ORIENTED_EDGE('',*,*,#2250,.F.);
#2250 = EDGE_CURVE('',#1148,#2243,#2251,.T.);
#2251 = LINE('',#2252,#2253);
#2252 = CARTESIAN_POINT('',(101.15,4.29,-1.));
#2253 = VECTOR('',#2254,1.);
#2254 = DIRECTION('',(0.,0.,1.));
#2255 = PLANE('',#2256);
#2256 = AXIS2_PLACEMENT_3D('',#2257,#2258,#2259);
#2257 = CARTESIAN_POINT('',(101.15,4.31,-1.));
#2258 = DIRECTION('',(1.,0.,0.));
#2259 = DIRECTION('',(0.,-1.,-1.110223024625E-16));
#2260 = ADVANCED_FACE('',(#2261),#2273,.F.);
#2261 = FACE_BOUND('',#2262,.T.);
#2262 = EDGE_LOOP('',(#2263,#2264,#2265,#2266));
#2263 = ORIENTED_EDGE('',*,*,#2087,.F.);
#2264 = ORIENTED_EDGE('',*,*,#1147,.T.);
#2265 = ORIENTED_EDGE('',*,*,#2250,.T.);
#2266 = ORIENTED_EDGE('',*,*,#2267,.F.);
#2267 = EDGE_CURVE('',#2088,#2243,#2268,.T.);
#2268 = CIRCLE('',#2269,1.74);
#2269 = AXIS2_PLACEMENT_3D('',#2270,#2271,#2272);
#2270 = CARTESIAN_POINT('',(102.89,4.29,2.4));
#2271 = DIRECTION('',(0.,1.110223024625E-16,-1.));
#2272 = DIRECTION('',(-1.,9.57088814332E-17,1.062582038283E-32));
#2273 = CYLINDRICAL_SURFACE('',#2274,1.74);
#2274 = AXIS2_PLACEMENT_3D('',#2275,#2276,#2277);
#2275 = CARTESIAN_POINT('',(102.89,4.29,-1.));
#2276 = DIRECTION('',(0.,1.110223024625E-16,-1.));
#2277 = DIRECTION('',(-1.,9.57088814332E-17,1.062582038283E-32));
#2278 = ADVANCED_FACE('',(#2279),#2297,.F.);
#2279 = FACE_BOUND('',#2280,.F.);
#2280 = EDGE_LOOP('',(#2281,#2282,#2283,#2291));
#2281 = ORIENTED_EDGE('',*,*,#1258,.F.);
#2282 = ORIENTED_EDGE('',*,*,#1226,.T.);
#2283 = ORIENTED_EDGE('',*,*,#2284,.T.);
#2284 = EDGE_CURVE('',#1227,#2285,#2287,.T.);
#2285 = VERTEX_POINT('',#2286);
#2286 = CARTESIAN_POINT('',(117.2,15.,58.5));
#2287 = LINE('',#2288,#2289);
#2288 = CARTESIAN_POINT('',(117.6,14.6,58.5));
#2289 = VECTOR('',#2290,1.);
#2290 = DIRECTION('',(-0.707106781187,0.707106781187,0.));
#2291 = ORIENTED_EDGE('',*,*,#2292,.F.);
#2292 = EDGE_CURVE('',#1259,#2285,#2293,.T.);
#2293 = LINE('',#2294,#2295);
#2294 = CARTESIAN_POINT('',(117.2,15.,7.));
#2295 = VECTOR('',#2296,1.);
#2296 = DIRECTION('',(0.,0.,1.));
#2297 = PLANE('',#2298);
#2298 = AXIS2_PLACEMENT_3D('',#2299,#2300,#2301);
#2299 = CARTESIAN_POINT('',(117.6,14.6,7.));
#2300 = DIRECTION('',(-0.707106781187,-0.707106781187,
    -6.983161618628E-18));
#2301 = DIRECTION('',(-4.937840934654E-18,-4.937840934654E-18,1.));
#2302 = ADVANCED_FACE('',(#2303,#2322),#2358,.T.);
#2303 = FACE_BOUND('',#2304,.T.);
#2304 = EDGE_LOOP('',(#2305,#2306,#2315,#2321));
#2305 = ORIENTED_EDGE('',*,*,#1234,.T.);
#2306 = ORIENTED_EDGE('',*,*,#2307,.T.);
#2307 = EDGE_CURVE('',#1227,#2308,#2310,.T.);
#2308 = VERTEX_POINT('',#2309);
#2309 = CARTESIAN_POINT('',(111.,14.2,65.5));
#2310 = CIRCLE('',#2311,7.);
#2311 = AXIS2_PLACEMENT_3D('',#2312,#2313,#2314);
#2312 = CARTESIAN_POINT('',(111.,14.2,58.5));
#2313 = DIRECTION('',(0.,-1.,0.));
#2314 = DIRECTION('',(1.,0.,1.015061051086E-15));
#2315 = ORIENTED_EDGE('',*,*,#2316,.F.);
#2316 = EDGE_CURVE('',#1620,#2308,#2317,.T.);
#2317 = LINE('',#2318,#2319);
#2318 = CARTESIAN_POINT('',(111.,0.,65.5));
#2319 = VECTOR('',#2320,1.);
#2320 = DIRECTION('',(0.,1.,0.));
#2321 = ORIENTED_EDGE('',*,*,#1619,.F.);
#2322 = FACE_BOUND('',#2323,.T.);
#2323 = EDGE_LOOP('',(#2324,#2334,#2343,#2351));
#2324 = ORIENTED_EDGE('',*,*,#2325,.T.);
#2325 = EDGE_CURVE('',#2326,#2328,#2330,.T.);
#2326 = VERTEX_POINT('',#2327);
#2327 = CARTESIAN_POINT('',(116.1,12.6,63.294788837895));
#2328 = VERTEX_POINT('',#2329);
#2329 = CARTESIAN_POINT('',(116.1,1.79,63.294788837895));
#2330 = LINE('',#2331,#2332);
#2331 = CARTESIAN_POINT('',(116.1,0.,63.294788837895));
#2332 = VECTOR('',#2333,1.);
#2333 = DIRECTION('',(0.,-1.,0.));
#2334 = ORIENTED_EDGE('',*,*,#2335,.T.);
#2335 = EDGE_CURVE('',#2328,#2336,#2338,.T.);
#2336 = VERTEX_POINT('',#2337);
#2337 = CARTESIAN_POINT('',(115.79478883789,1.79,63.6));
#2338 = CIRCLE('',#2339,7.);
#2339 = AXIS2_PLACEMENT_3D('',#2340,#2341,#2342);
#2340 = CARTESIAN_POINT('',(111.,1.79,58.5));
#2341 = DIRECTION('',(0.,-1.,0.));
#2342 = DIRECTION('',(1.,0.,1.015061051086E-15));
#2343 = ORIENTED_EDGE('',*,*,#2344,.F.);
#2344 = EDGE_CURVE('',#2345,#2336,#2347,.T.);
#2345 = VERTEX_POINT('',#2346);
#2346 = CARTESIAN_POINT('',(115.79478883789,12.6,63.6));
#2347 = LINE('',#2348,#2349);
#2348 = CARTESIAN_POINT('',(115.79478883789,0.,63.6));
#2349 = VECTOR('',#2350,1.);
#2350 = DIRECTION('',(0.,-1.,0.));
#2351 = ORIENTED_EDGE('',*,*,#2352,.F.);
#2352 = EDGE_CURVE('',#2326,#2345,#2353,.T.);
#2353 = CIRCLE('',#2354,7.);
#2354 = AXIS2_PLACEMENT_3D('',#2355,#2356,#2357);
#2355 = CARTESIAN_POINT('',(111.,12.6,58.5));
#2356 = DIRECTION('',(0.,-1.,0.));
#2357 = DIRECTION('',(1.,0.,1.015061051086E-15));
#2358 = CYLINDRICAL_SURFACE('',#2359,7.);
#2359 = AXIS2_PLACEMENT_3D('',#2360,#2361,#2362);
#2360 = CARTESIAN_POINT('',(111.,0.,58.5));
#2361 = DIRECTION('',(0.,-1.,0.));
#2362 = DIRECTION('',(1.,0.,1.015061051086E-15));
#2363 = ADVANCED_FACE('',(#2364),#2383,.F.);
#2364 = FACE_BOUND('',#2365,.F.);
#2365 = EDGE_LOOP('',(#2366,#2375,#2376,#2377));
#2366 = ORIENTED_EDGE('',*,*,#2367,.F.);
#2367 = EDGE_CURVE('',#1375,#2368,#2370,.T.);
#2368 = VERTEX_POINT('',#2369);
#2369 = CARTESIAN_POINT('',(116.4,12.6,3.6));
#2370 = CIRCLE('',#2371,2.);
#2371 = AXIS2_PLACEMENT_3D('',#2372,#2373,#2374);
#2372 = CARTESIAN_POINT('',(114.4,12.6,3.6));
#2373 = DIRECTION('',(0.,-1.,0.));
#2374 = DIRECTION('',(0.,0.,-1.));
#2375 = ORIENTED_EDGE('',*,*,#1400,.T.);
#2376 = ORIENTED_EDGE('',*,*,#1284,.T.);
#2377 = ORIENTED_EDGE('',*,*,#2378,.F.);
#2378 = EDGE_CURVE('',#2368,#1276,#2379,.T.);
#2379 = LINE('',#2380,#2381);
#2380 = CARTESIAN_POINT('',(116.4,12.6,3.6));
#2381 = VECTOR('',#2382,1.);
#2382 = DIRECTION('',(0.,1.,0.));
#2383 = CYLINDRICAL_SURFACE('',#2384,2.);
#2384 = AXIS2_PLACEMENT_3D('',#2385,#2386,#2387);
#2385 = CARTESIAN_POINT('',(114.4,12.6,3.6));
#2386 = DIRECTION('',(0.,-1.,0.));
#2387 = DIRECTION('',(0.,0.,-1.));
#2388 = ADVANCED_FACE('',(#2389),#2424,.F.);
#2389 = FACE_BOUND('',#2390,.F.);
#2390 = EDGE_LOOP('',(#2391,#2399,#2400,#2401,#2409,#2418));
#2391 = ORIENTED_EDGE('',*,*,#2392,.F.);
#2392 = EDGE_CURVE('',#2368,#2393,#2395,.T.);
#2393 = VERTEX_POINT('',#2394);
#2394 = CARTESIAN_POINT('',(116.4,12.6,61.9));
#2395 = LINE('',#2396,#2397);
#2396 = CARTESIAN_POINT('',(116.4,12.6,3.6));
#2397 = VECTOR('',#2398,1.);
#2398 = DIRECTION('',(0.,0.,1.));
#2399 = ORIENTED_EDGE('',*,*,#2378,.T.);
#2400 = ORIENTED_EDGE('',*,*,#1275,.F.);
#2401 = ORIENTED_EDGE('',*,*,#2402,.T.);
#2402 = EDGE_CURVE('',#1267,#2403,#2405,.T.);
#2403 = VERTEX_POINT('',#2404);
#2404 = CARTESIAN_POINT('',(116.4,15.,61.546309242346));
#2405 = LINE('',#2406,#2407);
#2406 = CARTESIAN_POINT('',(116.4,15.,18.175));
#2407 = VECTOR('',#2408,1.);
#2408 = DIRECTION('',(0.,0.,1.));
#2409 = ORIENTED_EDGE('',*,*,#2410,.F.);
#2410 = EDGE_CURVE('',#2411,#2403,#2413,.T.);
#2411 = VERTEX_POINT('',#2412);
#2412 = CARTESIAN_POINT('',(116.4,14.818777546582,61.9));
#2413 = HYPERBOLA('',#2414,5.4,5.4);
#2414 = AXIS2_PLACEMENT_3D('',#2415,#2416,#2417);
#2415 = CARTESIAN_POINT('',(116.4,21.2,58.5));
#2416 = DIRECTION('',(1.,0.,0.));
#2417 = DIRECTION('',(0.,-1.,0.));
#2418 = ORIENTED_EDGE('',*,*,#2419,.F.);
#2419 = EDGE_CURVE('',#2393,#2411,#2420,.T.);
#2420 = LINE('',#2421,#2422);
#2421 = CARTESIAN_POINT('',(116.4,12.6,61.9));
#2422 = VECTOR('',#2423,1.);
#2423 = DIRECTION('',(0.,1.,0.));
#2424 = PLANE('',#2425);
#2425 = AXIS2_PLACEMENT_3D('',#2426,#2427,#2428);
#2426 = CARTESIAN_POINT('',(116.4,12.6,3.6));
#2427 = DIRECTION('',(1.,0.,0.));
#2428 = DIRECTION('',(0.,0.,1.));
#2429 = ADVANCED_FACE('',(#2430),#2442,.F.);
#2430 = FACE_BOUND('',#2431,.F.);
#2431 = EDGE_LOOP('',(#2432,#2433,#2434,#2435));
#2432 = ORIENTED_EDGE('',*,*,#2402,.F.);
#2433 = ORIENTED_EDGE('',*,*,#1266,.T.);
#2434 = ORIENTED_EDGE('',*,*,#2292,.T.);
#2435 = ORIENTED_EDGE('',*,*,#2436,.T.);
#2436 = EDGE_CURVE('',#2285,#2403,#2437,.T.);
#2437 = CIRCLE('',#2438,6.2);
#2438 = AXIS2_PLACEMENT_3D('',#2439,#2440,#2441);
#2439 = CARTESIAN_POINT('',(111.,15.,58.5));
#2440 = DIRECTION('',(0.,-1.,0.));
#2441 = DIRECTION('',(1.,0.,1.015061051086E-15));
#2442 = PLANE('',#2443);
#2443 = AXIS2_PLACEMENT_3D('',#2444,#2445,#2446);
#2444 = CARTESIAN_POINT('',(59.,15.,32.75));
#2445 = DIRECTION('',(-0.,-1.,-0.));
#2446 = DIRECTION('',(0.,0.,-1.));
#2447 = ADVANCED_FACE('',(#2448,#2459,#2529,#2599),#2669,.T.);
#2448 = FACE_BOUND('',#2449,.T.);
#2449 = EDGE_LOOP('',(#2450,#2451,#2457,#2458));
#2450 = ORIENTED_EDGE('',*,*,#2316,.T.);
#2451 = ORIENTED_EDGE('',*,*,#2452,.T.);
#2452 = EDGE_CURVE('',#2308,#1429,#2453,.T.);
#2453 = LINE('',#2454,#2455);
#2454 = CARTESIAN_POINT('',(111.,14.2,65.5));
#2455 = VECTOR('',#2456,1.);
#2456 = DIRECTION('',(-1.,0.,0.));
#2457 = ORIENTED_EDGE('',*,*,#1426,.F.);
#2458 = ORIENTED_EDGE('',*,*,#1644,.F.);
#2459 = FACE_BOUND('',#2460,.T.);
#2460 = EDGE_LOOP('',(#2461,#2472,#2480,#2489,#2497,#2506,#2514,#2523));
#2461 = ORIENTED_EDGE('',*,*,#2462,.T.);
#2462 = EDGE_CURVE('',#2463,#2465,#2467,.T.);
#2463 = VERTEX_POINT('',#2464);
#2464 = CARTESIAN_POINT('',(108.45,5.79,65.5));
#2465 = VERTEX_POINT('',#2466);
#2466 = CARTESIAN_POINT('',(107.66,5.,65.5));
#2467 = CIRCLE('',#2468,0.79);
#2468 = AXIS2_PLACEMENT_3D('',#2469,#2470,#2471);
#2469 = CARTESIAN_POINT('',(107.66,5.79,65.5));
#2470 = DIRECTION('',(0.,1.110223024625E-16,-1.));
#2471 = DIRECTION('',(0.,-1.,-1.110223024625E-16));
#2472 = ORIENTED_EDGE('',*,*,#2473,.T.);
#2473 = EDGE_CURVE('',#2465,#2474,#2476,.T.);
#2474 = VERTEX_POINT('',#2475);
#2475 = CARTESIAN_POINT('',(107.64,5.,65.5));
#2476 = LINE('',#2477,#2478);
#2477 = CARTESIAN_POINT('',(109.32,5.,65.5));
#2478 = VECTOR('',#2479,1.);
#2479 = DIRECTION('',(-1.,0.,0.));
#2480 = ORIENTED_EDGE('',*,*,#2481,.T.);
#2481 = EDGE_CURVE('',#2474,#2482,#2484,.T.);
#2482 = VERTEX_POINT('',#2483);
#2483 = CARTESIAN_POINT('',(106.85,5.79,65.5));
#2484 = CIRCLE('',#2485,0.79);
#2485 = AXIS2_PLACEMENT_3D('',#2486,#2487,#2488);
#2486 = CARTESIAN_POINT('',(107.64,5.79,65.5));
#2487 = DIRECTION('',(0.,1.110223024625E-16,-1.));
#2488 = DIRECTION('',(-1.,-1.855056193045E-14,-2.059526097492E-30));
#2489 = ORIENTED_EDGE('',*,*,#2490,.T.);
#2490 = EDGE_CURVE('',#2482,#2491,#2493,.T.);
#2491 = VERTEX_POINT('',#2492);
#2492 = CARTESIAN_POINT('',(106.85,11.21,65.5));
#2493 = LINE('',#2494,#2495);
#2494 = CARTESIAN_POINT('',(106.85,5.605,65.5));
#2495 = VECTOR('',#2496,1.);
#2496 = DIRECTION('',(0.,1.,0.));
#2497 = ORIENTED_EDGE('',*,*,#2498,.T.);
#2498 = EDGE_CURVE('',#2491,#2499,#2501,.T.);
#2499 = VERTEX_POINT('',#2500);
#2500 = CARTESIAN_POINT('',(107.64,12.,65.5));
#2501 = CIRCLE('',#2502,0.79);
#2502 = AXIS2_PLACEMENT_3D('',#2503,#2504,#2505);
#2503 = CARTESIAN_POINT('',(107.64,11.21,65.5));
#2504 = DIRECTION('',(0.,1.110223024625E-16,-1.));
#2505 = DIRECTION('',(0.,1.,1.110223024625E-16));
#2506 = ORIENTED_EDGE('',*,*,#2507,.T.);
#2507 = EDGE_CURVE('',#2499,#2508,#2510,.T.);
#2508 = VERTEX_POINT('',#2509);
#2509 = CARTESIAN_POINT('',(107.66,12.,65.5));
#2510 = LINE('',#2511,#2512);
#2511 = CARTESIAN_POINT('',(109.33,12.,65.5));
#2512 = VECTOR('',#2513,1.);
#2513 = DIRECTION('',(1.,0.,0.));
#2514 = ORIENTED_EDGE('',*,*,#2515,.T.);
#2515 = EDGE_CURVE('',#2508,#2516,#2518,.T.);
#2516 = VERTEX_POINT('',#2517);
#2517 = CARTESIAN_POINT('',(108.45,11.21,65.5));
#2518 = CIRCLE('',#2519,0.79);
#2519 = AXIS2_PLACEMENT_3D('',#2520,#2521,#2522);
#2520 = CARTESIAN_POINT('',(107.66,11.21,65.5));
#2521 = DIRECTION('',(0.,1.110223024625E-16,-1.));
#2522 = DIRECTION('',(1.,1.855056193045E-14,2.059526097492E-30));
#2523 = ORIENTED_EDGE('',*,*,#2524,.T.);
#2524 = EDGE_CURVE('',#2516,#2463,#2525,.T.);
#2525 = LINE('',#2526,#2527);
#2526 = CARTESIAN_POINT('',(108.45,2.895,65.5));
#2527 = VECTOR('',#2528,1.);
#2528 = DIRECTION('',(0.,-1.,0.));
#2529 = FACE_BOUND('',#2530,.T.);
#2530 = EDGE_LOOP('',(#2531,#2542,#2550,#2559,#2567,#2576,#2584,#2593));
#2531 = ORIENTED_EDGE('',*,*,#2532,.T.);
#2532 = EDGE_CURVE('',#2533,#2535,#2537,.T.);
#2533 = VERTEX_POINT('',#2534);
#2534 = CARTESIAN_POINT('',(102.45,5.79,65.5));
#2535 = VERTEX_POINT('',#2536);
#2536 = CARTESIAN_POINT('',(101.66,5.,65.5));
#2537 = CIRCLE('',#2538,0.79);
#2538 = AXIS2_PLACEMENT_3D('',#2539,#2540,#2541);
#2539 = CARTESIAN_POINT('',(101.66,5.79,65.5));
#2540 = DIRECTION('',(0.,1.110223024625E-16,-1.));
#2541 = DIRECTION('',(0.,-1.,-1.110223024625E-16));
#2542 = ORIENTED_EDGE('',*,*,#2543,.T.);
#2543 = EDGE_CURVE('',#2535,#2544,#2546,.T.);
#2544 = VERTEX_POINT('',#2545);
#2545 = CARTESIAN_POINT('',(101.64,5.,65.5));
#2546 = LINE('',#2547,#2548);
#2547 = CARTESIAN_POINT('',(106.32,5.,65.5));
#2548 = VECTOR('',#2549,1.);
#2549 = DIRECTION('',(-1.,0.,0.));
#2550 = ORIENTED_EDGE('',*,*,#2551,.T.);
#2551 = EDGE_CURVE('',#2544,#2552,#2554,.T.);
#2552 = VERTEX_POINT('',#2553);
#2553 = CARTESIAN_POINT('',(100.85,5.79,65.5));
#2554 = CIRCLE('',#2555,0.79);
#2555 = AXIS2_PLACEMENT_3D('',#2556,#2557,#2558);
#2556 = CARTESIAN_POINT('',(101.64,5.79,65.5));
#2557 = DIRECTION('',(0.,1.110223024625E-16,-1.));
#2558 = DIRECTION('',(-1.,-1.855056193045E-14,-2.059526097492E-30));
#2559 = ORIENTED_EDGE('',*,*,#2560,.T.);
#2560 = EDGE_CURVE('',#2552,#2561,#2563,.T.);
#2561 = VERTEX_POINT('',#2562);
#2562 = CARTESIAN_POINT('',(100.85,11.21,65.5));
#2563 = LINE('',#2564,#2565);
#2564 = CARTESIAN_POINT('',(100.85,5.605,65.5));
#2565 = VECTOR('',#2566,1.);
#2566 = DIRECTION('',(0.,1.,0.));
#2567 = ORIENTED_EDGE('',*,*,#2568,.T.);
#2568 = EDGE_CURVE('',#2561,#2569,#2571,.T.);
#2569 = VERTEX_POINT('',#2570);
#2570 = CARTESIAN_POINT('',(101.64,12.,65.5));
#2571 = CIRCLE('',#2572,0.79);
#2572 = AXIS2_PLACEMENT_3D('',#2573,#2574,#2575);
#2573 = CARTESIAN_POINT('',(101.64,11.21,65.5));
#2574 = DIRECTION('',(0.,1.110223024625E-16,-1.));
#2575 = DIRECTION('',(0.,1.,1.110223024625E-16));
#2576 = ORIENTED_EDGE('',*,*,#2577,.T.);
#2577 = EDGE_CURVE('',#2569,#2578,#2580,.T.);
#2578 = VERTEX_POINT('',#2579);
#2579 = CARTESIAN_POINT('',(101.66,12.,65.5));
#2580 = LINE('',#2581,#2582);
#2581 = CARTESIAN_POINT('',(106.33,12.,65.5));
#2582 = VECTOR('',#2583,1.);
#2583 = DIRECTION('',(1.,0.,0.));
#2584 = ORIENTED_EDGE('',*,*,#2585,.T.);
#2585 = EDGE_CURVE('',#2578,#2586,#2588,.T.);
#2586 = VERTEX_POINT('',#2587);
#2587 = CARTESIAN_POINT('',(102.45,11.21,65.5));
#2588 = CIRCLE('',#2589,0.79);
#2589 = AXIS2_PLACEMENT_3D('',#2590,#2591,#2592);
#2590 = CARTESIAN_POINT('',(101.66,11.21,65.5));
#2591 = DIRECTION('',(0.,1.110223024625E-16,-1.));
#2592 = DIRECTION('',(1.,1.855056193045E-14,2.059526097492E-30));
#2593 = ORIENTED_EDGE('',*,*,#2594,.T.);
#2594 = EDGE_CURVE('',#2586,#2533,#2595,.T.);
#2595 = LINE('',#2596,#2597);
#2596 = CARTESIAN_POINT('',(102.45,2.895,65.5));
#2597 = VECTOR('',#2598,1.);
#2598 = DIRECTION('',(0.,-1.,0.));
#2599 = FACE_BOUND('',#2600,.T.);
#2600 = EDGE_LOOP('',(#2601,#2612,#2620,#2629,#2637,#2646,#2654,#2663));
#2601 = ORIENTED_EDGE('',*,*,#2602,.T.);
#2602 = EDGE_CURVE('',#2603,#2605,#2607,.T.);
#2603 = VERTEX_POINT('',#2604);
#2604 = CARTESIAN_POINT('',(96.45,5.79,65.5));
#2605 = VERTEX_POINT('',#2606);
#2606 = CARTESIAN_POINT('',(95.66,5.,65.5));
#2607 = CIRCLE('',#2608,0.79);
#2608 = AXIS2_PLACEMENT_3D('',#2609,#2610,#2611);
#2609 = CARTESIAN_POINT('',(95.66,5.79,65.5));
#2610 = DIRECTION('',(0.,1.110223024625E-16,-1.));
#2611 = DIRECTION('',(0.,-1.,-1.110223024625E-16));
#2612 = ORIENTED_EDGE('',*,*,#2613,.T.);
#2613 = EDGE_CURVE('',#2605,#2614,#2616,.T.);
#2614 = VERTEX_POINT('',#2615);
#2615 = CARTESIAN_POINT('',(95.64,5.,65.5));
#2616 = LINE('',#2617,#2618);
#2617 = CARTESIAN_POINT('',(103.32,5.,65.5));
#2618 = VECTOR('',#2619,1.);
#2619 = DIRECTION('',(-1.,0.,0.));
#2620 = ORIENTED_EDGE('',*,*,#2621,.T.);
#2621 = EDGE_CURVE('',#2614,#2622,#2624,.T.);
#2622 = VERTEX_POINT('',#2623);
#2623 = CARTESIAN_POINT('',(94.85,5.79,65.5));
#2624 = CIRCLE('',#2625,0.79);
#2625 = AXIS2_PLACEMENT_3D('',#2626,#2627,#2628);
#2626 = CARTESIAN_POINT('',(95.64,5.79,65.5));
#2627 = DIRECTION('',(0.,1.110223024625E-16,-1.));
#2628 = DIRECTION('',(-1.,-1.855056193045E-14,-2.059526097492E-30));
#2629 = ORIENTED_EDGE('',*,*,#2630,.T.);
#2630 = EDGE_CURVE('',#2622,#2631,#2633,.T.);
#2631 = VERTEX_POINT('',#2632);
#2632 = CARTESIAN_POINT('',(94.85,11.21,65.5));
#2633 = LINE('',#2634,#2635);
#2634 = CARTESIAN_POINT('',(94.85,5.605,65.5));
#2635 = VECTOR('',#2636,1.);
#2636 = DIRECTION('',(0.,1.,0.));
#2637 = ORIENTED_EDGE('',*,*,#2638,.T.);
#2638 = EDGE_CURVE('',#2631,#2639,#2641,.T.);
#2639 = VERTEX_POINT('',#2640);
#2640 = CARTESIAN_POINT('',(95.64,12.,65.5));
#2641 = CIRCLE('',#2642,0.79);
#2642 = AXIS2_PLACEMENT_3D('',#2643,#2644,#2645);
#2643 = CARTESIAN_POINT('',(95.64,11.21,65.5));
#2644 = DIRECTION('',(0.,1.110223024625E-16,-1.));
#2645 = DIRECTION('',(0.,1.,1.110223024625E-16));
#2646 = ORIENTED_EDGE('',*,*,#2647,.T.);
#2647 = EDGE_CURVE('',#2639,#2648,#2650,.T.);
#2648 = VERTEX_POINT('',#2649);
#2649 = CARTESIAN_POINT('',(95.66,12.,65.5));
#2650 = LINE('',#2651,#2652);
#2651 = CARTESIAN_POINT('',(103.33,12.,65.5));
#2652 = VECTOR('',#2653,1.);
#2653 = DIRECTION('',(1.,0.,0.));
#2654 = ORIENTED_EDGE('',*,*,#2655,.T.);
#2655 = EDGE_CURVE('',#2648,#2656,#2658,.T.);
#2656 = VERTEX_POINT('',#2657);
#2657 = CARTESIAN_POINT('',(96.45,11.21,65.5));
#2658 = CIRCLE('',#2659,0.79);
#2659 = AXIS2_PLACEMENT_3D('',#2660,#2661,#2662);
#2660 = CARTESIAN_POINT('',(95.66,11.21,65.5));
#2661 = DIRECTION('',(0.,1.110223024625E-16,-1.));
#2662 = DIRECTION('',(1.,1.855056193045E-14,2.059526097492E-30));
#2663 = ORIENTED_EDGE('',*,*,#2664,.T.);
#2664 = EDGE_CURVE('',#2656,#2603,#2665,.T.);
#2665 = LINE('',#2666,#2667);
#2666 = CARTESIAN_POINT('',(96.45,2.895,65.5));
#2667 = VECTOR('',#2668,1.);
#2668 = DIRECTION('',(0.,-1.,0.));
#2669 = PLANE('',#2670);
#2670 = AXIS2_PLACEMENT_3D('',#2671,#2672,#2673);
#2671 = CARTESIAN_POINT('',(111.,0.,65.5));
#2672 = DIRECTION('',(0.,0.,1.));
#2673 = DIRECTION('',(-1.,0.,0.));
#2674 = ADVANCED_FACE('',(#2675),#2752,.T.);
#2675 = FACE_BOUND('',#2676,.F.);
#2676 = EDGE_LOOP('',(#2677,#2685,#2686,#2687,#2688,#2689,#2736,#2745));
#2677 = ORIENTED_EDGE('',*,*,#2678,.F.);
#2678 = EDGE_CURVE('',#1429,#2679,#2681,.T.);
#2679 = VERTEX_POINT('',#2680);
#2680 = CARTESIAN_POINT('',(7.,15.,64.7));
#2681 = LINE('',#2682,#2683);
#2682 = CARTESIAN_POINT('',(7.,14.6,65.1));
#2683 = VECTOR('',#2684,1.);
#2684 = DIRECTION('',(0.,0.707106781187,-0.707106781187));
#2685 = ORIENTED_EDGE('',*,*,#1436,.T.);
#2686 = ORIENTED_EDGE('',*,*,#1459,.T.);
#2687 = ORIENTED_EDGE('',*,*,#1509,.F.);
#2688 = ORIENTED_EDGE('',*,*,#1543,.T.);
#2689 = ORIENTED_EDGE('',*,*,#2690,.F.);
#2690 = EDGE_CURVE('',#2691,#1536,#2693,.T.);
#2691 = VERTEX_POINT('',#2692);
#2692 = CARTESIAN_POINT('',(3.6,14.818777546582,63.9));
#2693 = B_SPLINE_CURVE_WITH_KNOTS('',6,(#2694,#2695,#2696,#2697,#2698,
    #2699,#2700,#2701,#2702,#2703,#2704,#2705,#2706,#2707,#2708,#2709,
    #2710,#2711,#2712,#2713,#2714,#2715,#2716,#2717,#2718,#2719,#2720,
    #2721,#2722,#2723,#2724,#2725,#2726,#2727,#2728,#2729,#2730,#2731,
    #2732,#2733,#2734,#2735),.UNSPECIFIED.,.F.,.F.,(7,5,5,5,5,5,5,5,7),(
    0.,0.253205569599,0.343767649005,0.395259471721,0.500442695422,
    0.605649508432,0.657167999752,0.749790318179,1.),.UNSPECIFIED.);
#2694 = CARTESIAN_POINT('',(3.6,14.818777546582,63.9));
#2695 = CARTESIAN_POINT('',(3.490319757933,14.760338458187,63.9));
#2696 = CARTESIAN_POINT('',(3.376751041953,14.704315504069,
    63.892782278424));
#2697 = CARTESIAN_POINT('',(3.259280545056,14.651113461871,
    63.877386362891));
#2698 = CARTESIAN_POINT('',(3.138281435692,14.601457038491,
    63.852597608929));
#2699 = CARTESIAN_POINT('',(3.014608355802,14.556330841184,
    63.817076916538));
#2700 = CARTESIAN_POINT('',(2.844963755904,14.50281623067,
    63.752621357375));
#2701 = CARTESIAN_POINT('',(2.800124258509,14.489453604579,
    63.734117754091));
#2702 = CARTESIAN_POINT('',(2.755211584446,14.476882663646,
    63.714041298452));
#2703 = CARTESIAN_POINT('',(2.710317797508,14.465164392183,
    63.692349673797));
#2704 = CARTESIAN_POINT('',(2.665551292159,14.454361038294,
    63.669014293326));
#2705 = CARTESIAN_POINT('',(2.595725857781,14.438944698008,
    63.62981961799));
#2706 = CARTESIAN_POINT('',(2.570496795753,14.433671765925,
    63.615078390117));
#2707 = CARTESIAN_POINT('',(2.545372239527,14.428725300983,
    63.599801673992));
#2708 = CARTESIAN_POINT('',(2.520376652155,14.424115978941,
    63.583990487164));
#2709 = CARTESIAN_POINT('',(2.495535776448,14.419853880606,
    63.567648445311));
#2710 = CARTESIAN_POINT('',(2.420504986491,14.407970887647,
    63.516327901328));
#2711 = CARTESIAN_POINT('',(2.37088475259,14.401480460683,
    63.479680573904));
#2712 = CARTESIAN_POINT('',(2.322257744448,14.396558910305,
    63.44090270854));
#2713 = CARTESIAN_POINT('',(2.274863238883,14.393267349542,
    63.400099579425));
#2714 = CARTESIAN_POINT('',(2.228930379205,14.391639406867,
    63.357426550514));
#2715 = CARTESIAN_POINT('',(2.140400846847,14.391709256897,
    63.268757147052));
#2716 = CARTESIAN_POINT('',(2.097795349601,14.393407803629,
    63.222750437647));
#2717 = CARTESIAN_POINT('',(2.057066441883,14.396769878067,
    63.175289108231));
#2718 = CARTESIAN_POINT('',(2.018368311572,14.401761031445,
    63.126602924902));
#2719 = CARTESIAN_POINT('',(1.981804889167,14.408319454703,
    63.076931349626));
#2720 = CARTESIAN_POINT('',(1.930608596722,14.420301791427,
    63.001828050408));
#2721 = CARTESIAN_POINT('',(1.914305067832,14.424597027671,
    62.976960183438));
#2722 = CARTESIAN_POINT('',(1.89853323933,14.429239136357,
    62.951939300187));
#2723 = CARTESIAN_POINT('',(1.883296586494,14.434217984016,
    62.92679111934));
#2724 = CARTESIAN_POINT('',(1.868595993946,14.439522852952,
    62.901540063943));
#2725 = CARTESIAN_POINT('',(1.828961039472,14.4552455961,62.830668377001
    ));
#2726 = CARTESIAN_POINT('',(1.805220015258,14.466366154491,
    62.784869900124));
#2727 = CARTESIAN_POINT('',(1.783197116587,14.478439610922,
    62.738946078457));
#2728 = CARTESIAN_POINT('',(1.762860756718,14.491399365366,
    62.693011893109));
#2729 = CARTESIAN_POINT('',(1.744164664461,14.50518033935,
    62.647164489683));
#2730 = CARTESIAN_POINT('',(1.680835812898,14.559006994343,
    62.47807770068));
#2731 = CARTESIAN_POINT('',(1.646237961684,14.603809985595,
    62.355996098445));
#2732 = CARTESIAN_POINT('',(1.62207090802,14.653001736087,
    62.236554385941));
#2733 = CARTESIAN_POINT('',(1.607047329631,14.705641290564,
    62.120561823272));
#2734 = CARTESIAN_POINT('',(1.6,14.761032446971,62.008377743005));
#2735 = CARTESIAN_POINT('',(1.6,14.818777546583,61.9));
#2736 = ORIENTED_EDGE('',*,*,#2737,.T.);
#2737 = EDGE_CURVE('',#2691,#2738,#2740,.T.);
#2738 = VERTEX_POINT('',#2739);
#2739 = CARTESIAN_POINT('',(3.953690757654,15.,63.9));
#2740 = HYPERBOLA('',#2741,5.4,5.4);
#2741 = AXIS2_PLACEMENT_3D('',#2742,#2743,#2744);
#2742 = CARTESIAN_POINT('',(7.,21.2,63.9));
#2743 = DIRECTION('',(-0.,0.,1.));
#2744 = DIRECTION('',(0.,-1.,0.));
#2745 = ORIENTED_EDGE('',*,*,#2746,.F.);
#2746 = EDGE_CURVE('',#2679,#2738,#2747,.T.);
#2747 = CIRCLE('',#2748,6.2);
#2748 = AXIS2_PLACEMENT_3D('',#2749,#2750,#2751);
#2749 = CARTESIAN_POINT('',(7.,15.,58.5));
#2750 = DIRECTION('',(0.,-1.,0.));
#2751 = DIRECTION('',(0.,0.,1.));
#2752 = CONICAL_SURFACE('',#2753,7.,0.785398163397);
#2753 = AXIS2_PLACEMENT_3D('',#2754,#2755,#2756);
#2754 = CARTESIAN_POINT('',(7.,14.2,58.5));
#2755 = DIRECTION('',(0.,-1.,0.));
#2756 = DIRECTION('',(0.,0.,1.));
#2757 = ADVANCED_FACE('',(#2758),#2777,.F.);
#2758 = FACE_BOUND('',#2759,.F.);
#2759 = EDGE_LOOP('',(#2760,#2769,#2775,#2776));
#2760 = ORIENTED_EDGE('',*,*,#2761,.F.);
#2761 = EDGE_CURVE('',#2762,#1526,#2764,.T.);
#2762 = VERTEX_POINT('',#2763);
#2763 = CARTESIAN_POINT('',(3.6,12.6,63.9));
#2764 = CIRCLE('',#2765,2.);
#2765 = AXIS2_PLACEMENT_3D('',#2766,#2767,#2768);
#2766 = CARTESIAN_POINT('',(3.6,12.6,61.9));
#2767 = DIRECTION('',(0.,-1.,0.));
#2768 = DIRECTION('',(-2.442490654175E-15,0.,1.));
#2769 = ORIENTED_EDGE('',*,*,#2770,.T.);
#2770 = EDGE_CURVE('',#2762,#2691,#2771,.T.);
#2771 = LINE('',#2772,#2773);
#2772 = CARTESIAN_POINT('',(3.6,12.6,63.9));
#2773 = VECTOR('',#2774,1.);
#2774 = DIRECTION('',(0.,1.,0.));
#2775 = ORIENTED_EDGE('',*,*,#2690,.T.);
#2776 = ORIENTED_EDGE('',*,*,#1535,.F.);
#2777 = CYLINDRICAL_SURFACE('',#2778,2.);
#2778 = AXIS2_PLACEMENT_3D('',#2779,#2780,#2781);
#2779 = CARTESIAN_POINT('',(3.6,12.6,61.9));
#2780 = DIRECTION('',(0.,-1.,0.));
#2781 = DIRECTION('',(-2.442490654175E-15,0.,1.));
#2782 = ADVANCED_FACE('',(#2783),#2809,.F.);
#2783 = FACE_BOUND('',#2784,.F.);
#2784 = EDGE_LOOP('',(#2785,#2786,#2794,#2803));
#2785 = ORIENTED_EDGE('',*,*,#1675,.F.);
#2786 = ORIENTED_EDGE('',*,*,#2787,.T.);
#2787 = EDGE_CURVE('',#1661,#2788,#2790,.T.);
#2788 = VERTEX_POINT('',#2789);
#2789 = CARTESIAN_POINT('',(78.5,1.8,8.05));
#2790 = LINE('',#2791,#2792);
#2791 = CARTESIAN_POINT('',(78.5,0.,8.05));
#2792 = VECTOR('',#2793,1.);
#2793 = DIRECTION('',(0.,1.,0.));
#2794 = ORIENTED_EDGE('',*,*,#2795,.T.);
#2795 = EDGE_CURVE('',#2788,#2796,#2798,.T.);
#2796 = VERTEX_POINT('',#2797);
#2797 = CARTESIAN_POINT('',(79.7,1.8,9.25));
#2798 = CIRCLE('',#2799,1.2);
#2799 = AXIS2_PLACEMENT_3D('',#2800,#2801,#2802);
#2800 = CARTESIAN_POINT('',(78.5,1.8,9.25));
#2801 = DIRECTION('',(0.,-1.,0.));
#2802 = DIRECTION('',(0.,0.,-1.));
#2803 = ORIENTED_EDGE('',*,*,#2804,.F.);
#2804 = EDGE_CURVE('',#1669,#2796,#2805,.T.);
#2805 = LINE('',#2806,#2807);
#2806 = CARTESIAN_POINT('',(79.7,0.,9.25));
#2807 = VECTOR('',#2808,1.);
#2808 = DIRECTION('',(0.,1.,0.));
#2809 = CYLINDRICAL_SURFACE('',#2810,1.2);
#2810 = AXIS2_PLACEMENT_3D('',#2811,#2812,#2813);
#2811 = CARTESIAN_POINT('',(78.5,0.,9.25));
#2812 = DIRECTION('',(0.,-1.,0.));
#2813 = DIRECTION('',(0.,0.,-1.));
#2814 = ADVANCED_FACE('',(#2815),#2833,.F.);
#2815 = FACE_BOUND('',#2816,.F.);
#2816 = EDGE_LOOP('',(#2817,#2818,#2819,#2827));
#2817 = ORIENTED_EDGE('',*,*,#1699,.F.);
#2818 = ORIENTED_EDGE('',*,*,#2804,.T.);
#2819 = ORIENTED_EDGE('',*,*,#2820,.T.);
#2820 = EDGE_CURVE('',#2796,#2821,#2823,.T.);
#2821 = VERTEX_POINT('',#2822);
#2822 = CARTESIAN_POINT('',(79.7,1.8,56.25));
#2823 = LINE('',#2824,#2825);
#2824 = CARTESIAN_POINT('',(79.7,1.8,21.));
#2825 = VECTOR('',#2826,1.);
#2826 = DIRECTION('',(0.,0.,1.));
#2827 = ORIENTED_EDGE('',*,*,#2828,.F.);
#2828 = EDGE_CURVE('',#1693,#2821,#2829,.T.);
#2829 = LINE('',#2830,#2831);
#2830 = CARTESIAN_POINT('',(79.7,0.,56.25));
#2831 = VECTOR('',#2832,1.);
#2832 = DIRECTION('',(0.,1.,0.));
#2833 = PLANE('',#2834);
#2834 = AXIS2_PLACEMENT_3D('',#2835,#2836,#2837);
#2835 = CARTESIAN_POINT('',(79.7,0.,9.25));
#2836 = DIRECTION('',(1.,0.,0.));
#2837 = DIRECTION('',(0.,0.,1.));
#2838 = ADVANCED_FACE('',(#2839),#2857,.F.);
#2839 = FACE_BOUND('',#2840,.F.);
#2840 = EDGE_LOOP('',(#2841,#2842,#2850,#2856));
#2841 = ORIENTED_EDGE('',*,*,#1722,.F.);
#2842 = ORIENTED_EDGE('',*,*,#2843,.T.);
#2843 = EDGE_CURVE('',#1714,#2844,#2846,.T.);
#2844 = VERTEX_POINT('',#2845);
#2845 = CARTESIAN_POINT('',(15.3,1.8,8.05));
#2846 = LINE('',#2847,#2848);
#2847 = CARTESIAN_POINT('',(15.3,0.,8.05));
#2848 = VECTOR('',#2849,1.);
#2849 = DIRECTION('',(0.,1.,0.));
#2850 = ORIENTED_EDGE('',*,*,#2851,.T.);
#2851 = EDGE_CURVE('',#2844,#2788,#2852,.T.);
#2852 = LINE('',#2853,#2854);
#2853 = CARTESIAN_POINT('',(37.15,1.8,8.05));
#2854 = VECTOR('',#2855,1.);
#2855 = DIRECTION('',(1.,0.,0.));
#2856 = ORIENTED_EDGE('',*,*,#2787,.F.);
#2857 = PLANE('',#2858);
#2858 = AXIS2_PLACEMENT_3D('',#2859,#2860,#2861);
#2859 = CARTESIAN_POINT('',(15.3,0.,8.05));
#2860 = DIRECTION('',(0.,0.,-1.));
#2861 = DIRECTION('',(1.,0.,0.));
#2862 = ADVANCED_FACE('',(#2863),#2882,.F.);
#2863 = FACE_BOUND('',#2864,.F.);
#2864 = EDGE_LOOP('',(#2865,#2866,#2867,#2876));
#2865 = ORIENTED_EDGE('',*,*,#1745,.F.);
#2866 = ORIENTED_EDGE('',*,*,#2828,.T.);
#2867 = ORIENTED_EDGE('',*,*,#2868,.T.);
#2868 = EDGE_CURVE('',#2821,#2869,#2871,.T.);
#2869 = VERTEX_POINT('',#2870);
#2870 = CARTESIAN_POINT('',(78.5,1.8,57.45));
#2871 = CIRCLE('',#2872,1.2);
#2872 = AXIS2_PLACEMENT_3D('',#2873,#2874,#2875);
#2873 = CARTESIAN_POINT('',(78.5,1.8,56.25));
#2874 = DIRECTION('',(0.,-1.,0.));
#2875 = DIRECTION('',(1.,0.,-5.921189464668E-15));
#2876 = ORIENTED_EDGE('',*,*,#2877,.F.);
#2877 = EDGE_CURVE('',#1739,#2869,#2878,.T.);
#2878 = LINE('',#2879,#2880);
#2879 = CARTESIAN_POINT('',(78.5,0.,57.45));
#2880 = VECTOR('',#2881,1.);
#2881 = DIRECTION('',(0.,1.,0.));
#2882 = CYLINDRICAL_SURFACE('',#2883,1.2);
#2883 = AXIS2_PLACEMENT_3D('',#2884,#2885,#2886);
#2884 = CARTESIAN_POINT('',(78.5,0.,56.25));
#2885 = DIRECTION('',(0.,-1.,0.));
#2886 = DIRECTION('',(1.,0.,-5.921189464668E-15));
#2887 = ADVANCED_FACE('',(#2888),#2907,.F.);
#2888 = FACE_BOUND('',#2889,.F.);
#2889 = EDGE_LOOP('',(#2890,#2891,#2899,#2906));
#2890 = ORIENTED_EDGE('',*,*,#1769,.F.);
#2891 = ORIENTED_EDGE('',*,*,#2892,.T.);
#2892 = EDGE_CURVE('',#1761,#2893,#2895,.T.);
#2893 = VERTEX_POINT('',#2894);
#2894 = CARTESIAN_POINT('',(14.1,1.8,9.25));
#2895 = LINE('',#2896,#2897);
#2896 = CARTESIAN_POINT('',(14.1,0.,9.25));
#2897 = VECTOR('',#2898,1.);
#2898 = DIRECTION('',(0.,1.,0.));
#2899 = ORIENTED_EDGE('',*,*,#2900,.T.);
#2900 = EDGE_CURVE('',#2893,#2844,#2901,.T.);
#2901 = CIRCLE('',#2902,1.2);
#2902 = AXIS2_PLACEMENT_3D('',#2903,#2904,#2905);
#2903 = CARTESIAN_POINT('',(15.3,1.8,9.25));
#2904 = DIRECTION('',(0.,-1.,0.));
#2905 = DIRECTION('',(-1.,0.,0.));
#2906 = ORIENTED_EDGE('',*,*,#2843,.F.);
#2907 = CYLINDRICAL_SURFACE('',#2908,1.2);
#2908 = AXIS2_PLACEMENT_3D('',#2909,#2910,#2911);
#2909 = CARTESIAN_POINT('',(15.3,0.,9.25));
#2910 = DIRECTION('',(0.,-1.,0.));
#2911 = DIRECTION('',(-1.,0.,0.));
#2912 = ADVANCED_FACE('',(#2913),#2931,.F.);
#2913 = FACE_BOUND('',#2914,.F.);
#2914 = EDGE_LOOP('',(#2915,#2916,#2917,#2925));
#2915 = ORIENTED_EDGE('',*,*,#1793,.F.);
#2916 = ORIENTED_EDGE('',*,*,#2877,.T.);
#2917 = ORIENTED_EDGE('',*,*,#2918,.T.);
#2918 = EDGE_CURVE('',#2869,#2919,#2921,.T.);
#2919 = VERTEX_POINT('',#2920);
#2920 = CARTESIAN_POINT('',(15.3,1.8,57.45));
#2921 = LINE('',#2922,#2923);
#2922 = CARTESIAN_POINT('',(68.75,1.8,57.45));
#2923 = VECTOR('',#2924,1.);
#2924 = DIRECTION('',(-1.,0.,0.));
#2925 = ORIENTED_EDGE('',*,*,#2926,.F.);
#2926 = EDGE_CURVE('',#1787,#2919,#2927,.T.);
#2927 = LINE('',#2928,#2929);
#2928 = CARTESIAN_POINT('',(15.3,0.,57.45));
#2929 = VECTOR('',#2930,1.);
#2930 = DIRECTION('',(0.,1.,0.));
#2931 = PLANE('',#2932);
#2932 = AXIS2_PLACEMENT_3D('',#2933,#2934,#2935);
#2933 = CARTESIAN_POINT('',(78.5,0.,57.45));
#2934 = DIRECTION('',(0.,0.,1.));
#2935 = DIRECTION('',(-1.,0.,0.));
#2936 = ADVANCED_FACE('',(#2937),#2955,.F.);
#2937 = FACE_BOUND('',#2938,.F.);
#2938 = EDGE_LOOP('',(#2939,#2940,#2948,#2954));
#2939 = ORIENTED_EDGE('',*,*,#1816,.F.);
#2940 = ORIENTED_EDGE('',*,*,#2941,.T.);
#2941 = EDGE_CURVE('',#1808,#2942,#2944,.T.);
#2942 = VERTEX_POINT('',#2943);
#2943 = CARTESIAN_POINT('',(14.1,1.8,56.25));
#2944 = LINE('',#2945,#2946);
#2945 = CARTESIAN_POINT('',(14.1,0.,56.25));
#2946 = VECTOR('',#2947,1.);
#2947 = DIRECTION('',(0.,1.,0.));
#2948 = ORIENTED_EDGE('',*,*,#2949,.T.);
#2949 = EDGE_CURVE('',#2942,#2893,#2950,.T.);
#2950 = LINE('',#2951,#2952);
#2951 = CARTESIAN_POINT('',(14.1,1.8,44.5));
#2952 = VECTOR('',#2953,1.);
#2953 = DIRECTION('',(0.,0.,-1.));
#2954 = ORIENTED_EDGE('',*,*,#2892,.F.);
#2955 = PLANE('',#2956);
#2956 = AXIS2_PLACEMENT_3D('',#2957,#2958,#2959);
#2957 = CARTESIAN_POINT('',(14.1,0.,56.25));
#2958 = DIRECTION('',(-1.,0.,0.));
#2959 = DIRECTION('',(0.,0.,-1.));
#2960 = ADVANCED_FACE('',(#2961),#2973,.F.);
#2961 = FACE_BOUND('',#2962,.F.);
#2962 = EDGE_LOOP('',(#2963,#2964,#2965,#2972));
#2963 = ORIENTED_EDGE('',*,*,#1833,.F.);
#2964 = ORIENTED_EDGE('',*,*,#2926,.T.);
#2965 = ORIENTED_EDGE('',*,*,#2966,.T.);
#2966 = EDGE_CURVE('',#2919,#2942,#2967,.T.);
#2967 = CIRCLE('',#2968,1.2);
#2968 = AXIS2_PLACEMENT_3D('',#2969,#2970,#2971);
#2969 = CARTESIAN_POINT('',(15.3,1.8,56.25));
#2970 = DIRECTION('',(0.,-1.,0.));
#2971 = DIRECTION('',(5.921189464668E-15,0.,1.));
#2972 = ORIENTED_EDGE('',*,*,#2941,.F.);
#2973 = CYLINDRICAL_SURFACE('',#2974,1.2);
#2974 = AXIS2_PLACEMENT_3D('',#2975,#2976,#2977);
#2975 = CARTESIAN_POINT('',(15.3,0.,56.25));
#2976 = DIRECTION('',(0.,-1.,0.));
#2977 = DIRECTION('',(5.921189464668E-15,0.,1.));
#2978 = ADVANCED_FACE('',(#2979),#3005,.F.);
#2979 = FACE_BOUND('',#2980,.F.);
#2980 = EDGE_LOOP('',(#2981,#2982,#2990,#2999));
#2981 = ORIENTED_EDGE('',*,*,#1863,.F.);
#2982 = ORIENTED_EDGE('',*,*,#2983,.T.);
#2983 = EDGE_CURVE('',#1849,#2984,#2986,.T.);
#2984 = VERTEX_POINT('',#2985);
#2985 = CARTESIAN_POINT('',(110.35,1.8,28.45));
#2986 = LINE('',#2987,#2988);
#2987 = CARTESIAN_POINT('',(110.35,0.,28.45));
#2988 = VECTOR('',#2989,1.);
#2989 = DIRECTION('',(0.,1.,0.));
#2990 = ORIENTED_EDGE('',*,*,#2991,.T.);
#2991 = EDGE_CURVE('',#2984,#2992,#2994,.T.);
#2992 = VERTEX_POINT('',#2993);
#2993 = CARTESIAN_POINT('',(111.35,1.8,29.45));
#2994 = CIRCLE('',#2995,1.);
#2995 = AXIS2_PLACEMENT_3D('',#2996,#2997,#2998);
#2996 = CARTESIAN_POINT('',(110.35,1.8,29.45));
#2997 = DIRECTION('',(0.,-1.,0.));
#2998 = DIRECTION('',(-1.42108547152E-14,-0.,-1.));
#2999 = ORIENTED_EDGE('',*,*,#3000,.F.);
#3000 = EDGE_CURVE('',#1857,#2992,#3001,.T.);
#3001 = LINE('',#3002,#3003);
#3002 = CARTESIAN_POINT('',(111.35,0.,29.45));
#3003 = VECTOR('',#3004,1.);
#3004 = DIRECTION('',(0.,1.,0.));
#3005 = CYLINDRICAL_SURFACE('',#3006,1.);
#3006 = AXIS2_PLACEMENT_3D('',#3007,#3008,#3009);
#3007 = CARTESIAN_POINT('',(110.35,0.,29.45));
#3008 = DIRECTION('',(0.,-1.,0.));
#3009 = DIRECTION('',(-1.42108547152E-14,-0.,-1.));
#3010 = ADVANCED_FACE('',(#3011),#3029,.F.);
#3011 = FACE_BOUND('',#3012,.F.);
#3012 = EDGE_LOOP('',(#3013,#3014,#3015,#3023));
#3013 = ORIENTED_EDGE('',*,*,#1887,.F.);
#3014 = ORIENTED_EDGE('',*,*,#3000,.T.);
#3015 = ORIENTED_EDGE('',*,*,#3016,.T.);
#3016 = EDGE_CURVE('',#2992,#3017,#3019,.T.);
#3017 = VERTEX_POINT('',#3018);
#3018 = CARTESIAN_POINT('',(111.35,1.8,56.45));
#3019 = LINE('',#3020,#3021);
#3020 = CARTESIAN_POINT('',(111.35,1.8,31.1));
#3021 = VECTOR('',#3022,1.);
#3022 = DIRECTION('',(0.,0.,1.));
#3023 = ORIENTED_EDGE('',*,*,#3024,.F.);
#3024 = EDGE_CURVE('',#1881,#3017,#3025,.T.);
#3025 = LINE('',#3026,#3027);
#3026 = CARTESIAN_POINT('',(111.35,0.,56.45));
#3027 = VECTOR('',#3028,1.);
#3028 = DIRECTION('',(0.,1.,0.));
#3029 = PLANE('',#3030);
#3030 = AXIS2_PLACEMENT_3D('',#3031,#3032,#3033);
#3031 = CARTESIAN_POINT('',(111.35,0.,29.45));
#3032 = DIRECTION('',(1.,0.,0.));
#3033 = DIRECTION('',(0.,0.,1.));
#3034 = ADVANCED_FACE('',(#3035),#3053,.F.);
#3035 = FACE_BOUND('',#3036,.F.);
#3036 = EDGE_LOOP('',(#3037,#3038,#3046,#3052));
#3037 = ORIENTED_EDGE('',*,*,#1910,.F.);
#3038 = ORIENTED_EDGE('',*,*,#3039,.T.);
#3039 = EDGE_CURVE('',#1902,#3040,#3042,.T.);
#3040 = VERTEX_POINT('',#3041);
#3041 = CARTESIAN_POINT('',(91.35,1.8,28.45));
#3042 = LINE('',#3043,#3044);
#3043 = CARTESIAN_POINT('',(91.35,0.,28.45));
#3044 = VECTOR('',#3045,1.);
#3045 = DIRECTION('',(0.,1.,0.));
#3046 = ORIENTED_EDGE('',*,*,#3047,.T.);
#3047 = EDGE_CURVE('',#3040,#2984,#3048,.T.);
#3048 = LINE('',#3049,#3050);
#3049 = CARTESIAN_POINT('',(75.175,1.8,28.45));
#3050 = VECTOR('',#3051,1.);
#3051 = DIRECTION('',(1.,0.,0.));
#3052 = ORIENTED_EDGE('',*,*,#2983,.F.);
#3053 = PLANE('',#3054);
#3054 = AXIS2_PLACEMENT_3D('',#3055,#3056,#3057);
#3055 = CARTESIAN_POINT('',(91.35,0.,28.45));
#3056 = DIRECTION('',(0.,0.,-1.));
#3057 = DIRECTION('',(1.,0.,0.));
#3058 = ADVANCED_FACE('',(#3059),#3078,.F.);
#3059 = FACE_BOUND('',#3060,.F.);
#3060 = EDGE_LOOP('',(#3061,#3062,#3063,#3072));
#3061 = ORIENTED_EDGE('',*,*,#1933,.F.);
#3062 = ORIENTED_EDGE('',*,*,#3024,.T.);
#3063 = ORIENTED_EDGE('',*,*,#3064,.T.);
#3064 = EDGE_CURVE('',#3017,#3065,#3067,.T.);
#3065 = VERTEX_POINT('',#3066);
#3066 = CARTESIAN_POINT('',(110.35,1.8,57.45));
#3067 = CIRCLE('',#3068,1.);
#3068 = AXIS2_PLACEMENT_3D('',#3069,#3070,#3071);
#3069 = CARTESIAN_POINT('',(110.35,1.8,56.45));
#3070 = DIRECTION('',(0.,-1.,0.));
#3071 = DIRECTION('',(1.,0.,-1.42108547152E-14));
#3072 = ORIENTED_EDGE('',*,*,#3073,.F.);
#3073 = EDGE_CURVE('',#1927,#3065,#3074,.T.);
#3074 = LINE('',#3075,#3076);
#3075 = CARTESIAN_POINT('',(110.35,0.,57.45));
#3076 = VECTOR('',#3077,1.);
#3077 = DIRECTION('',(0.,1.,0.));
#3078 = CYLINDRICAL_SURFACE('',#3079,1.);
#3079 = AXIS2_PLACEMENT_3D('',#3080,#3081,#3082);
#3080 = CARTESIAN_POINT('',(110.35,0.,56.45));
#3081 = DIRECTION('',(0.,-1.,0.));
#3082 = DIRECTION('',(1.,0.,-1.42108547152E-14));
#3083 = ADVANCED_FACE('',(#3084),#3103,.F.);
#3084 = FACE_BOUND('',#3085,.F.);
#3085 = EDGE_LOOP('',(#3086,#3087,#3095,#3102));
#3086 = ORIENTED_EDGE('',*,*,#1957,.F.);
#3087 = ORIENTED_EDGE('',*,*,#3088,.T.);
#3088 = EDGE_CURVE('',#1949,#3089,#3091,.T.);
#3089 = VERTEX_POINT('',#3090);
#3090 = CARTESIAN_POINT('',(90.35,1.8,29.45));
#3091 = LINE('',#3092,#3093);
#3092 = CARTESIAN_POINT('',(90.35,0.,29.45));
#3093 = VECTOR('',#3094,1.);
#3094 = DIRECTION('',(0.,1.,0.));
#3095 = ORIENTED_EDGE('',*,*,#3096,.T.);
#3096 = EDGE_CURVE('',#3089,#3040,#3097,.T.);
#3097 = CIRCLE('',#3098,1.);
#3098 = AXIS2_PLACEMENT_3D('',#3099,#3100,#3101);
#3099 = CARTESIAN_POINT('',(91.35,1.8,29.45));
#3100 = DIRECTION('',(0.,-1.,0.));
#3101 = DIRECTION('',(-1.,0.,7.105427357601E-15));
#3102 = ORIENTED_EDGE('',*,*,#3039,.F.);
#3103 = CYLINDRICAL_SURFACE('',#3104,1.);
#3104 = AXIS2_PLACEMENT_3D('',#3105,#3106,#3107);
#3105 = CARTESIAN_POINT('',(91.35,0.,29.45));
#3106 = DIRECTION('',(0.,-1.,0.));
#3107 = DIRECTION('',(-1.,0.,7.105427357601E-15));
#3108 = ADVANCED_FACE('',(#3109),#3127,.F.);
#3109 = FACE_BOUND('',#3110,.F.);
#3110 = EDGE_LOOP('',(#3111,#3112,#3113,#3121));
#3111 = ORIENTED_EDGE('',*,*,#1981,.F.);
#3112 = ORIENTED_EDGE('',*,*,#3073,.T.);
#3113 = ORIENTED_EDGE('',*,*,#3114,.T.);
#3114 = EDGE_CURVE('',#3065,#3115,#3117,.T.);
#3115 = VERTEX_POINT('',#3116);
#3116 = CARTESIAN_POINT('',(91.35,1.8,57.45));
#3117 = LINE('',#3118,#3119);
#3118 = CARTESIAN_POINT('',(84.675,1.8,57.45));
#3119 = VECTOR('',#3120,1.);
#3120 = DIRECTION('',(-1.,0.,0.));
#3121 = ORIENTED_EDGE('',*,*,#3122,.F.);
#3122 = EDGE_CURVE('',#1975,#3115,#3123,.T.);
#3123 = LINE('',#3124,#3125);
#3124 = CARTESIAN_POINT('',(91.35,0.,57.45));
#3125 = VECTOR('',#3126,1.);
#3126 = DIRECTION('',(0.,1.,0.));
#3127 = PLANE('',#3128);
#3128 = AXIS2_PLACEMENT_3D('',#3129,#3130,#3131);
#3129 = CARTESIAN_POINT('',(110.35,0.,57.45));
#3130 = DIRECTION('',(0.,0.,1.));
#3131 = DIRECTION('',(-1.,0.,0.));
#3132 = ADVANCED_FACE('',(#3133),#3151,.F.);
#3133 = FACE_BOUND('',#3134,.F.);
#3134 = EDGE_LOOP('',(#3135,#3136,#3144,#3150));
#3135 = ORIENTED_EDGE('',*,*,#2004,.F.);
#3136 = ORIENTED_EDGE('',*,*,#3137,.T.);
#3137 = EDGE_CURVE('',#1996,#3138,#3140,.T.);
#3138 = VERTEX_POINT('',#3139);
#3139 = CARTESIAN_POINT('',(90.35,1.8,56.45));
#3140 = LINE('',#3141,#3142);
#3141 = CARTESIAN_POINT('',(90.35,0.,56.45));
#3142 = VECTOR('',#3143,1.);
#3143 = DIRECTION('',(0.,1.,0.));
#3144 = ORIENTED_EDGE('',*,*,#3145,.T.);
#3145 = EDGE_CURVE('',#3138,#3089,#3146,.T.);
#3146 = LINE('',#3147,#3148);
#3147 = CARTESIAN_POINT('',(90.35,1.8,44.6));
#3148 = VECTOR('',#3149,1.);
#3149 = DIRECTION('',(0.,0.,-1.));
#3150 = ORIENTED_EDGE('',*,*,#3088,.F.);
#3151 = PLANE('',#3152);
#3152 = AXIS2_PLACEMENT_3D('',#3153,#3154,#3155);
#3153 = CARTESIAN_POINT('',(90.35,0.,56.45));
#3154 = DIRECTION('',(-1.,0.,0.));
#3155 = DIRECTION('',(0.,0.,-1.));
#3156 = ADVANCED_FACE('',(#3157),#3169,.F.);
#3157 = FACE_BOUND('',#3158,.F.);
#3158 = EDGE_LOOP('',(#3159,#3160,#3161,#3168));
#3159 = ORIENTED_EDGE('',*,*,#2021,.F.);
#3160 = ORIENTED_EDGE('',*,*,#3122,.T.);
#3161 = ORIENTED_EDGE('',*,*,#3162,.T.);
#3162 = EDGE_CURVE('',#3115,#3138,#3163,.T.);
#3163 = CIRCLE('',#3164,1.);
#3164 = AXIS2_PLACEMENT_3D('',#3165,#3166,#3167);
#3165 = CARTESIAN_POINT('',(91.35,1.8,56.45));
#3166 = DIRECTION('',(0.,-1.,0.));
#3167 = DIRECTION('',(1.42108547152E-14,0.,1.));
#3168 = ORIENTED_EDGE('',*,*,#3137,.F.);
#3169 = CYLINDRICAL_SURFACE('',#3170,1.);
#3170 = AXIS2_PLACEMENT_3D('',#3171,#3172,#3173);
#3171 = CARTESIAN_POINT('',(91.35,0.,56.45));
#3172 = DIRECTION('',(0.,-1.,0.));
#3173 = DIRECTION('',(1.42108547152E-14,0.,1.));
#3174 = ADVANCED_FACE('',(#3175,#3211),#3214,.T.);
#3175 = FACE_BOUND('',#3176,.T.);
#3176 = EDGE_LOOP('',(#3177,#3188,#3197,#3205));
#3177 = ORIENTED_EDGE('',*,*,#3178,.T.);
#3178 = EDGE_CURVE('',#3179,#3181,#3183,.T.);
#3179 = VERTEX_POINT('',#3180);
#3180 = CARTESIAN_POINT('',(101.,3.29,9.626908013734));
#3181 = VERTEX_POINT('',#3182);
#3182 = CARTESIAN_POINT('',(102.2,3.29,13.));
#3183 = CIRCLE('',#3184,1.9);
#3184 = AXIS2_PLACEMENT_3D('',#3185,#3186,#3187);
#3185 = CARTESIAN_POINT('',(102.2,3.29,11.1));
#3186 = DIRECTION('',(0.,1.,0.));
#3187 = DIRECTION('',(0.,0.,1.));
#3188 = ORIENTED_EDGE('',*,*,#3189,.T.);
#3189 = EDGE_CURVE('',#3181,#3190,#3192,.T.);
#3190 = VERTEX_POINT('',#3191);
#3191 = CARTESIAN_POINT('',(103.42780291578,3.29,9.65));
#3192 = CIRCLE('',#3193,1.9);
#3193 = AXIS2_PLACEMENT_3D('',#3194,#3195,#3196);
#3194 = CARTESIAN_POINT('',(102.2,3.29,11.1));
#3195 = DIRECTION('',(0.,1.,0.));
#3196 = DIRECTION('',(0.,0.,1.));
#3197 = ORIENTED_EDGE('',*,*,#3198,.F.);
#3198 = EDGE_CURVE('',#3199,#3190,#3201,.T.);
#3199 = VERTEX_POINT('',#3200);
#3200 = CARTESIAN_POINT('',(101.,3.29,9.65));
#3201 = LINE('',#3202,#3203);
#3202 = CARTESIAN_POINT('',(101.6,3.29,9.65));
#3203 = VECTOR('',#3204,1.);
#3204 = DIRECTION('',(1.,0.,0.));
#3205 = ORIENTED_EDGE('',*,*,#3206,.T.);
#3206 = EDGE_CURVE('',#3199,#3179,#3207,.T.);
#3207 = LINE('',#3208,#3209);
#3208 = CARTESIAN_POINT('',(101.,3.29,5.55));
#3209 = VECTOR('',#3210,1.);
#3210 = DIRECTION('',(0.,0.,-1.));
#3211 = FACE_BOUND('',#3212,.T.);
#3212 = EDGE_LOOP('',(#3213));
#3213 = ORIENTED_EDGE('',*,*,#2036,.F.);
#3214 = PLANE('',#3215);
#3215 = AXIS2_PLACEMENT_3D('',#3216,#3217,#3218);
#3216 = CARTESIAN_POINT('',(102.2,3.29,11.1));
#3217 = DIRECTION('',(0.,1.,0.));
#3218 = DIRECTION('',(0.,0.,1.));
#3219 = ADVANCED_FACE('',(#3220,#3254),#3264,.F.);
#3220 = FACE_BOUND('',#3221,.F.);
#3221 = EDGE_LOOP('',(#3222,#3232,#3240,#3248));
#3222 = ORIENTED_EDGE('',*,*,#3223,.F.);
#3223 = EDGE_CURVE('',#3224,#3226,#3228,.T.);
#3224 = VERTEX_POINT('',#3225);
#3225 = CARTESIAN_POINT('',(3.9,1.8,2.4));
#3226 = VERTEX_POINT('',#3227);
#3227 = CARTESIAN_POINT('',(114.1,1.8,2.4));
#3228 = LINE('',#3229,#3230);
#3229 = CARTESIAN_POINT('',(3.9,1.8,2.4));
#3230 = VECTOR('',#3231,1.);
#3231 = DIRECTION('',(1.,0.,0.));
#3232 = ORIENTED_EDGE('',*,*,#3233,.T.);
#3233 = EDGE_CURVE('',#3224,#3234,#3236,.T.);
#3234 = VERTEX_POINT('',#3235);
#3235 = CARTESIAN_POINT('',(3.9,12.6,2.4));
#3236 = LINE('',#3237,#3238);
#3237 = CARTESIAN_POINT('',(3.9,1.8,2.4));
#3238 = VECTOR('',#3239,1.);
#3239 = DIRECTION('',(0.,1.,0.));
#3240 = ORIENTED_EDGE('',*,*,#3241,.F.);
#3241 = EDGE_CURVE('',#3242,#3234,#3244,.T.);
#3242 = VERTEX_POINT('',#3243);
#3243 = CARTESIAN_POINT('',(114.1,12.6,2.4));
#3244 = LINE('',#3245,#3246);
#3245 = CARTESIAN_POINT('',(31.45,12.6,2.4));
#3246 = VECTOR('',#3247,1.);
#3247 = DIRECTION('',(-1.,0.,0.));
#3248 = ORIENTED_EDGE('',*,*,#3249,.F.);
#3249 = EDGE_CURVE('',#3226,#3242,#3250,.T.);
#3250 = LINE('',#3251,#3252);
#3251 = CARTESIAN_POINT('',(114.1,1.8,2.4));
#3252 = VECTOR('',#3253,1.);
#3253 = DIRECTION('',(0.,1.,0.));
#3254 = FACE_BOUND('',#3255,.F.);
#3255 = EDGE_LOOP('',(#3256,#3257,#3258,#3259,#3260,#3261,#3262,#3263));
#3256 = ORIENTED_EDGE('',*,*,#2267,.F.);
#3257 = ORIENTED_EDGE('',*,*,#2095,.T.);
#3258 = ORIENTED_EDGE('',*,*,#2127,.F.);
#3259 = ORIENTED_EDGE('',*,*,#2144,.T.);
#3260 = ORIENTED_EDGE('',*,*,#2176,.F.);
#3261 = ORIENTED_EDGE('',*,*,#2193,.T.);
#3262 = ORIENTED_EDGE('',*,*,#2225,.F.);
#3263 = ORIENTED_EDGE('',*,*,#2242,.T.);
#3264 = PLANE('',#3265);
#3265 = AXIS2_PLACEMENT_3D('',#3266,#3267,#3268);
#3266 = CARTESIAN_POINT('',(3.9,1.8,2.4));
#3267 = DIRECTION('',(0.,0.,-1.));
#3268 = DIRECTION('',(1.,0.,0.));
#3269 = ADVANCED_FACE('',(#3270),#3347,.T.);
#3270 = FACE_BOUND('',#3271,.F.);
#3271 = EDGE_LOOP('',(#3272,#3273,#3274,#3282,#3291,#3300,#3345,#3346));
#3272 = ORIENTED_EDGE('',*,*,#2284,.F.);
#3273 = ORIENTED_EDGE('',*,*,#2307,.T.);
#3274 = ORIENTED_EDGE('',*,*,#3275,.T.);
#3275 = EDGE_CURVE('',#2308,#3276,#3278,.T.);
#3276 = VERTEX_POINT('',#3277);
#3277 = CARTESIAN_POINT('',(111.,15.,64.7));
#3278 = LINE('',#3279,#3280);
#3279 = CARTESIAN_POINT('',(111.,14.2,65.5));
#3280 = VECTOR('',#3281,1.);
#3281 = DIRECTION('',(-1.36666144656E-15,0.707106781187,-0.707106781187)
  );
#3282 = ORIENTED_EDGE('',*,*,#3283,.F.);
#3283 = EDGE_CURVE('',#3284,#3276,#3286,.T.);
#3284 = VERTEX_POINT('',#3285);
#3285 = CARTESIAN_POINT('',(114.04630924234,15.,63.9));
#3286 = CIRCLE('',#3287,6.2);
#3287 = AXIS2_PLACEMENT_3D('',#3288,#3289,#3290);
#3288 = CARTESIAN_POINT('',(111.,15.,58.5));
#3289 = DIRECTION('',(0.,-1.,0.));
#3290 = DIRECTION('',(1.,0.,1.015061051086E-15));
#3291 = ORIENTED_EDGE('',*,*,#3292,.T.);
#3292 = EDGE_CURVE('',#3284,#3293,#3295,.T.);
#3293 = VERTEX_POINT('',#3294);
#3294 = CARTESIAN_POINT('',(114.4,14.818777546582,63.9));
#3295 = HYPERBOLA('',#3296,5.4,5.4);
#3296 = AXIS2_PLACEMENT_3D('',#3297,#3298,#3299);
#3297 = CARTESIAN_POINT('',(111.,21.2,63.9));
#3298 = DIRECTION('',(-0.,0.,1.));
#3299 = DIRECTION('',(0.,-1.,0.));
#3300 = ORIENTED_EDGE('',*,*,#3301,.F.);
#3301 = EDGE_CURVE('',#2411,#3293,#3302,.T.);
#3302 = B_SPLINE_CURVE_WITH_KNOTS('',6,(#3303,#3304,#3305,#3306,#3307,
    #3308,#3309,#3310,#3311,#3312,#3313,#3314,#3315,#3316,#3317,#3318,
    #3319,#3320,#3321,#3322,#3323,#3324,#3325,#3326,#3327,#3328,#3329,
    #3330,#3331,#3332,#3333,#3334,#3335,#3336,#3337,#3338,#3339,#3340,
    #3341,#3342,#3343,#3344),.UNSPECIFIED.,.F.,.F.,(7,5,5,5,5,5,5,5,7),(
    0.,0.253205569599,0.343767649004,0.39525947172,0.500442695421,
    0.605649508432,0.657167999751,0.749790318178,1.),.UNSPECIFIED.);
#3303 = CARTESIAN_POINT('',(116.4,14.818777546583,61.9));
#3304 = CARTESIAN_POINT('',(116.4,14.760338458187,62.009680242067));
#3305 = CARTESIAN_POINT('',(116.39278227842,14.70431550407,
    62.123248958047));
#3306 = CARTESIAN_POINT('',(116.37738636289,14.651113461871,
    62.240719454944));
#3307 = CARTESIAN_POINT('',(116.35259760892,14.601457038492,
    62.361718564308));
#3308 = CARTESIAN_POINT('',(116.31707691653,14.556330841185,
    62.485391644198));
#3309 = CARTESIAN_POINT('',(116.25262135737,14.50281623067,
    62.655036244096));
#3310 = CARTESIAN_POINT('',(116.23411775409,14.489453604579,
    62.699875741491));
#3311 = CARTESIAN_POINT('',(116.21404129845,14.476882663646,
    62.744788415554));
#3312 = CARTESIAN_POINT('',(116.19234967379,14.465164392183,
    62.789682202492));
#3313 = CARTESIAN_POINT('',(116.16901429332,14.454361038294,
    62.834448707841));
#3314 = CARTESIAN_POINT('',(116.12981961799,14.438944698008,
    62.904274142219));
#3315 = CARTESIAN_POINT('',(116.11507839011,14.433671765925,
    62.929503204247));
#3316 = CARTESIAN_POINT('',(116.09980167399,14.428725300984,
    62.954627760473));
#3317 = CARTESIAN_POINT('',(116.08399048716,14.424115978941,
    62.979623347845));
#3318 = CARTESIAN_POINT('',(116.06764844531,14.419853880606,
    63.004464223552));
#3319 = CARTESIAN_POINT('',(116.01632790132,14.407970887647,
    63.079495013509));
#3320 = CARTESIAN_POINT('',(115.9796805739,14.401480460684,
    63.12911524741));
#3321 = CARTESIAN_POINT('',(115.94090270854,14.396558910305,
    63.177742255552));
#3322 = CARTESIAN_POINT('',(115.90009957942,14.393267349542,
    63.225136761117));
#3323 = CARTESIAN_POINT('',(115.85742655051,14.391639406868,
    63.271069620795));
#3324 = CARTESIAN_POINT('',(115.76875714705,14.391709256897,
    63.359599153153));
#3325 = CARTESIAN_POINT('',(115.72275043764,14.393407803629,
    63.402204650399));
#3326 = CARTESIAN_POINT('',(115.67528910823,14.396769878068,
    63.442933558117));
#3327 = CARTESIAN_POINT('',(115.6266029249,14.401761031445,
    63.481631688428));
#3328 = CARTESIAN_POINT('',(115.57693134962,14.408319454703,
    63.518195110833));
#3329 = CARTESIAN_POINT('',(115.5018280504,14.420301791428,
    63.569391403278));
#3330 = CARTESIAN_POINT('',(115.47696018343,14.424597027671,
    63.585694932168));
#3331 = CARTESIAN_POINT('',(115.45193930018,14.429239136357,
    63.60146676067));
#3332 = CARTESIAN_POINT('',(115.42679111934,14.434217984016,
    63.616703413506));
#3333 = CARTESIAN_POINT('',(115.40154006394,14.439522852953,
    63.631404006054));
#3334 = CARTESIAN_POINT('',(115.330668377,14.4552455961,63.671038960528)
  );
#3335 = CARTESIAN_POINT('',(115.28486990012,14.466366154491,
    63.694779984742));
#3336 = CARTESIAN_POINT('',(115.23894607845,14.478439610922,
    63.716802883413));
#3337 = CARTESIAN_POINT('',(115.1930118931,14.491399365366,
    63.737139243282));
#3338 = CARTESIAN_POINT('',(115.14716448968,14.50518033935,
    63.755835335539));
#3339 = CARTESIAN_POINT('',(114.97807770068,14.559006994344,
    63.819164187102));
#3340 = CARTESIAN_POINT('',(114.85599609844,14.603809985596,
    63.853762038315));
#3341 = CARTESIAN_POINT('',(114.73655438594,14.653001736087,
    63.87792909198));
#3342 = CARTESIAN_POINT('',(114.62056182327,14.705641290565,
    63.892952670368));
#3343 = CARTESIAN_POINT('',(114.508377743,14.761032446971,63.9));
#3344 = CARTESIAN_POINT('',(114.4,14.818777546583,63.9));
#3345 = ORIENTED_EDGE('',*,*,#2410,.T.);
#3346 = ORIENTED_EDGE('',*,*,#2436,.F.);
#3347 = CONICAL_SURFACE('',#3348,7.,0.785398163397);
#3348 = AXIS2_PLACEMENT_3D('',#3349,#3350,#3351);
#3349 = CARTESIAN_POINT('',(111.,14.2,58.5));
#3350 = DIRECTION('',(0.,-1.,0.));
#3351 = DIRECTION('',(1.,0.,1.015061051086E-15));
#3352 = ADVANCED_FACE('',(#3353),#3378,.T.);
#3353 = FACE_BOUND('',#3354,.T.);
#3354 = EDGE_LOOP('',(#3355,#3363,#3364,#3372));
#3355 = ORIENTED_EDGE('',*,*,#3356,.F.);
#3356 = EDGE_CURVE('',#2328,#3357,#3359,.T.);
#3357 = VERTEX_POINT('',#3358);
#3358 = CARTESIAN_POINT('',(116.1,1.79,63.6));
#3359 = LINE('',#3360,#3361);
#3360 = CARTESIAN_POINT('',(116.1,1.79,56.4));
#3361 = VECTOR('',#3362,1.);
#3362 = DIRECTION('',(0.,0.,1.));
#3363 = ORIENTED_EDGE('',*,*,#2325,.F.);
#3364 = ORIENTED_EDGE('',*,*,#3365,.T.);
#3365 = EDGE_CURVE('',#2326,#3366,#3368,.T.);
#3366 = VERTEX_POINT('',#3367);
#3367 = CARTESIAN_POINT('',(116.1,12.6,63.6));
#3368 = LINE('',#3369,#3370);
#3369 = CARTESIAN_POINT('',(116.1,12.6,56.4));
#3370 = VECTOR('',#3371,1.);
#3371 = DIRECTION('',(0.,0.,1.));
#3372 = ORIENTED_EDGE('',*,*,#3373,.F.);
#3373 = EDGE_CURVE('',#3357,#3366,#3374,.T.);
#3374 = LINE('',#3375,#3376);
#3375 = CARTESIAN_POINT('',(116.1,1.79,63.6));
#3376 = VECTOR('',#3377,1.);
#3377 = DIRECTION('',(0.,1.,0.));
#3378 = PLANE('',#3379);
#3379 = AXIS2_PLACEMENT_3D('',#3380,#3381,#3382);
#3380 = CARTESIAN_POINT('',(116.1,1.79,56.4));
#3381 = DIRECTION('',(1.,0.,0.));
#3382 = DIRECTION('',(0.,0.,1.));
#3383 = ADVANCED_FACE('',(#3384),#3394,.T.);
#3384 = FACE_BOUND('',#3385,.T.);
#3385 = EDGE_LOOP('',(#3386,#3387,#3388));
#3386 = ORIENTED_EDGE('',*,*,#3365,.F.);
#3387 = ORIENTED_EDGE('',*,*,#2352,.T.);
#3388 = ORIENTED_EDGE('',*,*,#3389,.T.);
#3389 = EDGE_CURVE('',#2345,#3366,#3390,.T.);
#3390 = LINE('',#3391,#3392);
#3391 = CARTESIAN_POINT('',(112.4,12.6,63.6));
#3392 = VECTOR('',#3393,1.);
#3393 = DIRECTION('',(1.,0.,0.));
#3394 = PLANE('',#3395);
#3395 = AXIS2_PLACEMENT_3D('',#3396,#3397,#3398);
#3396 = CARTESIAN_POINT('',(112.4,12.6,56.4));
#3397 = DIRECTION('',(0.,1.,0.));
#3398 = DIRECTION('',(0.,0.,1.));
#3399 = ADVANCED_FACE('',(#3400),#3411,.T.);
#3400 = FACE_BOUND('',#3401,.T.);
#3401 = EDGE_LOOP('',(#3402,#3403,#3409,#3410));
#3402 = ORIENTED_EDGE('',*,*,#2344,.T.);
#3403 = ORIENTED_EDGE('',*,*,#3404,.T.);
#3404 = EDGE_CURVE('',#2336,#3357,#3405,.T.);
#3405 = LINE('',#3406,#3407);
#3406 = CARTESIAN_POINT('',(112.4,1.79,63.6));
#3407 = VECTOR('',#3408,1.);
#3408 = DIRECTION('',(1.,0.,0.));
#3409 = ORIENTED_EDGE('',*,*,#3373,.T.);
#3410 = ORIENTED_EDGE('',*,*,#3389,.F.);
#3411 = PLANE('',#3412);
#3412 = AXIS2_PLACEMENT_3D('',#3413,#3414,#3415);
#3413 = CARTESIAN_POINT('',(112.4,1.79,63.6));
#3414 = DIRECTION('',(0.,0.,1.));
#3415 = DIRECTION('',(1.,0.,0.));
#3416 = ADVANCED_FACE('',(#3417),#3422,.F.);
#3417 = FACE_BOUND('',#3418,.F.);
#3418 = EDGE_LOOP('',(#3419,#3420,#3421));
#3419 = ORIENTED_EDGE('',*,*,#3356,.F.);
#3420 = ORIENTED_EDGE('',*,*,#2335,.T.);
#3421 = ORIENTED_EDGE('',*,*,#3404,.T.);
#3422 = PLANE('',#3423);
#3423 = AXIS2_PLACEMENT_3D('',#3424,#3425,#3426);
#3424 = CARTESIAN_POINT('',(112.4,1.79,56.4));
#3425 = DIRECTION('',(0.,1.,0.));
#3426 = DIRECTION('',(0.,0.,1.));
#3427 = ADVANCED_FACE('',(#3428),#3465,.F.);
#3428 = FACE_BOUND('',#3429,.F.);
#3429 = EDGE_LOOP('',(#3430,#3439,#3440,#3441,#3449,#3458));
#3430 = ORIENTED_EDGE('',*,*,#3431,.F.);
#3431 = EDGE_CURVE('',#2393,#3432,#3434,.T.);
#3432 = VERTEX_POINT('',#3433);
#3433 = CARTESIAN_POINT('',(116.1,12.6,62.953565375285));
#3434 = CIRCLE('',#3435,2.);
#3435 = AXIS2_PLACEMENT_3D('',#3436,#3437,#3438);
#3436 = CARTESIAN_POINT('',(114.4,12.6,61.9));
#3437 = DIRECTION('',(0.,-1.,0.));
#3438 = DIRECTION('',(1.,0.,3.552713678801E-15));
#3439 = ORIENTED_EDGE('',*,*,#2419,.T.);
#3440 = ORIENTED_EDGE('',*,*,#3301,.T.);
#3441 = ORIENTED_EDGE('',*,*,#3442,.F.);
#3442 = EDGE_CURVE('',#3443,#3293,#3445,.T.);
#3443 = VERTEX_POINT('',#3444);
#3444 = CARTESIAN_POINT('',(114.4,12.6,63.9));
#3445 = LINE('',#3446,#3447);
#3446 = CARTESIAN_POINT('',(114.4,12.6,63.9));
#3447 = VECTOR('',#3448,1.);
#3448 = DIRECTION('',(0.,1.,0.));
#3449 = ORIENTED_EDGE('',*,*,#3450,.F.);
#3450 = EDGE_CURVE('',#3451,#3443,#3453,.T.);
#3451 = VERTEX_POINT('',#3452);
#3452 = CARTESIAN_POINT('',(115.45356537528,12.6,63.6));
#3453 = CIRCLE('',#3454,2.);
#3454 = AXIS2_PLACEMENT_3D('',#3455,#3456,#3457);
#3455 = CARTESIAN_POINT('',(114.4,12.6,61.9));
#3456 = DIRECTION('',(0.,-1.,0.));
#3457 = DIRECTION('',(1.,0.,3.552713678801E-15));
#3458 = ORIENTED_EDGE('',*,*,#3459,.F.);
#3459 = EDGE_CURVE('',#3432,#3451,#3460,.T.);
#3460 = CIRCLE('',#3461,2.);
#3461 = AXIS2_PLACEMENT_3D('',#3462,#3463,#3464);
#3462 = CARTESIAN_POINT('',(114.4,12.6,61.9));
#3463 = DIRECTION('',(0.,-1.,0.));
#3464 = DIRECTION('',(1.,0.,3.552713678801E-15));
#3465 = CYLINDRICAL_SURFACE('',#3466,2.);
#3466 = AXIS2_PLACEMENT_3D('',#3467,#3468,#3469);
#3467 = CARTESIAN_POINT('',(114.4,12.6,61.9));
#3468 = DIRECTION('',(0.,-1.,0.));
#3469 = DIRECTION('',(1.,0.,3.552713678801E-15));
#3470 = ADVANCED_FACE('',(#3471),#3489,.F.);
#3471 = FACE_BOUND('',#3472,.F.);
#3472 = EDGE_LOOP('',(#3473,#3479,#3480,#3481,#3487,#3488));
#3473 = ORIENTED_EDGE('',*,*,#3474,.F.);
#3474 = EDGE_CURVE('',#3443,#2762,#3475,.T.);
#3475 = LINE('',#3476,#3477);
#3476 = CARTESIAN_POINT('',(114.4,12.6,63.9));
#3477 = VECTOR('',#3478,1.);
#3478 = DIRECTION('',(-1.,0.,0.));
#3479 = ORIENTED_EDGE('',*,*,#3442,.T.);
#3480 = ORIENTED_EDGE('',*,*,#3292,.F.);
#3481 = ORIENTED_EDGE('',*,*,#3482,.T.);
#3482 = EDGE_CURVE('',#3284,#2738,#3483,.T.);
#3483 = LINE('',#3484,#3485);
#3484 = CARTESIAN_POINT('',(86.7,15.,63.9));
#3485 = VECTOR('',#3486,1.);
#3486 = DIRECTION('',(-1.,0.,0.));
#3487 = ORIENTED_EDGE('',*,*,#2737,.F.);
#3488 = ORIENTED_EDGE('',*,*,#2770,.F.);
#3489 = PLANE('',#3490);
#3490 = AXIS2_PLACEMENT_3D('',#3491,#3492,#3493);
#3491 = CARTESIAN_POINT('',(114.4,12.6,63.9));
#3492 = DIRECTION('',(0.,0.,1.));
#3493 = DIRECTION('',(-1.,0.,0.));
#3494 = ADVANCED_FACE('',(#3495),#3522,.F.);
#3495 = FACE_BOUND('',#3496,.F.);
#3496 = EDGE_LOOP('',(#3497,#3506,#3514,#3521));
#3497 = ORIENTED_EDGE('',*,*,#3498,.F.);
#3498 = EDGE_CURVE('',#3499,#3224,#3501,.T.);
#3499 = VERTEX_POINT('',#3500);
#3500 = CARTESIAN_POINT('',(2.4,1.8,3.9));
#3501 = CIRCLE('',#3502,1.5);
#3502 = AXIS2_PLACEMENT_3D('',#3503,#3504,#3505);
#3503 = CARTESIAN_POINT('',(3.9,1.8,3.9));
#3504 = DIRECTION('',(0.,-1.,0.));
#3505 = DIRECTION('',(-1.,0.,0.));
#3506 = ORIENTED_EDGE('',*,*,#3507,.T.);
#3507 = EDGE_CURVE('',#3499,#3508,#3510,.T.);
#3508 = VERTEX_POINT('',#3509);
#3509 = CARTESIAN_POINT('',(2.4,12.6,3.9));
#3510 = LINE('',#3511,#3512);
#3511 = CARTESIAN_POINT('',(2.4,1.8,3.9));
#3512 = VECTOR('',#3513,1.);
#3513 = DIRECTION('',(0.,1.,0.));
#3514 = ORIENTED_EDGE('',*,*,#3515,.T.);
#3515 = EDGE_CURVE('',#3508,#3234,#3516,.T.);
#3516 = CIRCLE('',#3517,1.5);
#3517 = AXIS2_PLACEMENT_3D('',#3518,#3519,#3520);
#3518 = CARTESIAN_POINT('',(3.9,12.6,3.9));
#3519 = DIRECTION('',(0.,-1.,0.));
#3520 = DIRECTION('',(-1.,0.,0.));
#3521 = ORIENTED_EDGE('',*,*,#3233,.F.);
#3522 = CYLINDRICAL_SURFACE('',#3523,1.5);
#3523 = AXIS2_PLACEMENT_3D('',#3524,#3525,#3526);
#3524 = CARTESIAN_POINT('',(3.9,1.8,3.9));
#3525 = DIRECTION('',(0.,-1.,0.));
#3526 = DIRECTION('',(-1.,0.,0.));
#3527 = ADVANCED_FACE('',(#3528,#3578,#3648,#3718),#3788,.F.);
#3528 = FACE_BOUND('',#3529,.F.);
#3529 = EDGE_LOOP('',(#3530,#3540,#3548,#3556,#3564,#3572));
#3530 = ORIENTED_EDGE('',*,*,#3531,.T.);
#3531 = EDGE_CURVE('',#3532,#3534,#3536,.T.);
#3532 = VERTEX_POINT('',#3533);
#3533 = CARTESIAN_POINT('',(108.9,2.4,63.1));
#3534 = VERTEX_POINT('',#3535);
#3535 = CARTESIAN_POINT('',(108.9,12.6,63.1));
#3536 = LINE('',#3537,#3538);
#3537 = CARTESIAN_POINT('',(108.9,1.795,63.1));
#3538 = VECTOR('',#3539,1.);
#3539 = DIRECTION('',(0.,1.,0.));
#3540 = ORIENTED_EDGE('',*,*,#3541,.F.);
#3541 = EDGE_CURVE('',#3542,#3534,#3544,.T.);
#3542 = VERTEX_POINT('',#3543);
#3543 = CARTESIAN_POINT('',(3.9,12.6,63.1));
#3544 = LINE('',#3545,#3546);
#3545 = CARTESIAN_POINT('',(86.55,12.6,63.1));
#3546 = VECTOR('',#3547,1.);
#3547 = DIRECTION('',(1.,0.,0.));
#3548 = ORIENTED_EDGE('',*,*,#3549,.F.);
#3549 = EDGE_CURVE('',#3550,#3542,#3552,.T.);
#3550 = VERTEX_POINT('',#3551);
#3551 = CARTESIAN_POINT('',(3.9,1.8,63.1));
#3552 = LINE('',#3553,#3554);
#3553 = CARTESIAN_POINT('',(3.9,1.8,63.1));
#3554 = VECTOR('',#3555,1.);
#3555 = DIRECTION('',(0.,1.,0.));
#3556 = ORIENTED_EDGE('',*,*,#3557,.F.);
#3557 = EDGE_CURVE('',#3558,#3550,#3560,.T.);
#3558 = VERTEX_POINT('',#3559);
#3559 = CARTESIAN_POINT('',(89.15,1.8,63.1));
#3560 = LINE('',#3561,#3562);
#3561 = CARTESIAN_POINT('',(114.1,1.8,63.1));
#3562 = VECTOR('',#3563,1.);
#3563 = DIRECTION('',(-1.,0.,0.));
#3564 = ORIENTED_EDGE('',*,*,#3565,.T.);
#3565 = EDGE_CURVE('',#3558,#3566,#3568,.T.);
#3566 = VERTEX_POINT('',#3567);
#3567 = CARTESIAN_POINT('',(89.15,2.4,63.1));
#3568 = LINE('',#3569,#3570);
#3569 = CARTESIAN_POINT('',(89.15,1.8,63.1));
#3570 = VECTOR('',#3571,1.);
#3571 = DIRECTION('',(0.,1.,0.));
#3572 = ORIENTED_EDGE('',*,*,#3573,.F.);
#3573 = EDGE_CURVE('',#3532,#3566,#3574,.T.);
#3574 = LINE('',#3575,#3576);
#3575 = CARTESIAN_POINT('',(101.625,2.4,63.1));
#3576 = VECTOR('',#3577,1.);
#3577 = DIRECTION('',(-1.,0.,0.));
#3578 = FACE_BOUND('',#3579,.F.);
#3579 = EDGE_LOOP('',(#3580,#3591,#3599,#3608,#3616,#3625,#3633,#3642));
#3580 = ORIENTED_EDGE('',*,*,#3581,.T.);
#3581 = EDGE_CURVE('',#3582,#3584,#3586,.T.);
#3582 = VERTEX_POINT('',#3583);
#3583 = CARTESIAN_POINT('',(108.45,5.79,63.1));
#3584 = VERTEX_POINT('',#3585);
#3585 = CARTESIAN_POINT('',(107.66,5.,63.1));
#3586 = CIRCLE('',#3587,0.79);
#3587 = AXIS2_PLACEMENT_3D('',#3588,#3589,#3590);
#3588 = CARTESIAN_POINT('',(107.66,5.79,63.1));
#3589 = DIRECTION('',(0.,1.110223024625E-16,-1.));
#3590 = DIRECTION('',(0.,-1.,-1.110223024625E-16));
#3591 = ORIENTED_EDGE('',*,*,#3592,.T.);
#3592 = EDGE_CURVE('',#3584,#3593,#3595,.T.);
#3593 = VERTEX_POINT('',#3594);
#3594 = CARTESIAN_POINT('',(107.64,5.,63.1));
#3595 = LINE('',#3596,#3597);
#3596 = CARTESIAN_POINT('',(110.87,5.,63.1));
#3597 = VECTOR('',#3598,1.);
#3598 = DIRECTION('',(-1.,0.,0.));
#3599 = ORIENTED_EDGE('',*,*,#3600,.T.);
#3600 = EDGE_CURVE('',#3593,#3601,#3603,.T.);
#3601 = VERTEX_POINT('',#3602);
#3602 = CARTESIAN_POINT('',(106.85,5.79,63.1));
#3603 = CIRCLE('',#3604,0.79);
#3604 = AXIS2_PLACEMENT_3D('',#3605,#3606,#3607);
#3605 = CARTESIAN_POINT('',(107.64,5.79,63.1));
#3606 = DIRECTION('',(0.,1.110223024625E-16,-1.));
#3607 = DIRECTION('',(-1.,-1.855056193045E-14,-2.059526097492E-30));
#3608 = ORIENTED_EDGE('',*,*,#3609,.T.);
#3609 = EDGE_CURVE('',#3601,#3610,#3612,.T.);
#3610 = VERTEX_POINT('',#3611);
#3611 = CARTESIAN_POINT('',(106.85,11.21,63.1));
#3612 = LINE('',#3613,#3614);
#3613 = CARTESIAN_POINT('',(106.85,6.505,63.1));
#3614 = VECTOR('',#3615,1.);
#3615 = DIRECTION('',(0.,1.,0.));
#3616 = ORIENTED_EDGE('',*,*,#3617,.T.);
#3617 = EDGE_CURVE('',#3610,#3618,#3620,.T.);
#3618 = VERTEX_POINT('',#3619);
#3619 = CARTESIAN_POINT('',(107.64,12.,63.1));
#3620 = CIRCLE('',#3621,0.79);
#3621 = AXIS2_PLACEMENT_3D('',#3622,#3623,#3624);
#3622 = CARTESIAN_POINT('',(107.64,11.21,63.1));
#3623 = DIRECTION('',(0.,1.110223024625E-16,-1.));
#3624 = DIRECTION('',(0.,1.,1.110223024625E-16));
#3625 = ORIENTED_EDGE('',*,*,#3626,.T.);
#3626 = EDGE_CURVE('',#3618,#3627,#3629,.T.);
#3627 = VERTEX_POINT('',#3628);
#3628 = CARTESIAN_POINT('',(107.66,12.,63.1));
#3629 = LINE('',#3630,#3631);
#3630 = CARTESIAN_POINT('',(110.88,12.,63.1));
#3631 = VECTOR('',#3632,1.);
#3632 = DIRECTION('',(1.,0.,0.));
#3633 = ORIENTED_EDGE('',*,*,#3634,.T.);
#3634 = EDGE_CURVE('',#3627,#3635,#3637,.T.);
#3635 = VERTEX_POINT('',#3636);
#3636 = CARTESIAN_POINT('',(108.45,11.21,63.1));
#3637 = CIRCLE('',#3638,0.79);
#3638 = AXIS2_PLACEMENT_3D('',#3639,#3640,#3641);
#3639 = CARTESIAN_POINT('',(107.66,11.21,63.1));
#3640 = DIRECTION('',(0.,1.110223024625E-16,-1.));
#3641 = DIRECTION('',(1.,1.855056193045E-14,2.059526097492E-30));
#3642 = ORIENTED_EDGE('',*,*,#3643,.T.);
#3643 = EDGE_CURVE('',#3635,#3582,#3644,.T.);
#3644 = LINE('',#3645,#3646);
#3645 = CARTESIAN_POINT('',(108.45,3.795,63.1));
#3646 = VECTOR('',#3647,1.);
#3647 = DIRECTION('',(0.,-1.,0.));
#3648 = FACE_BOUND('',#3649,.F.);
#3649 = EDGE_LOOP('',(#3650,#3661,#3669,#3678,#3686,#3695,#3703,#3712));
#3650 = ORIENTED_EDGE('',*,*,#3651,.T.);
#3651 = EDGE_CURVE('',#3652,#3654,#3656,.T.);
#3652 = VERTEX_POINT('',#3653);
#3653 = CARTESIAN_POINT('',(102.45,5.79,63.1));
#3654 = VERTEX_POINT('',#3655);
#3655 = CARTESIAN_POINT('',(101.66,5.,63.1));
#3656 = CIRCLE('',#3657,0.79);
#3657 = AXIS2_PLACEMENT_3D('',#3658,#3659,#3660);
#3658 = CARTESIAN_POINT('',(101.66,5.79,63.1));
#3659 = DIRECTION('',(0.,1.110223024625E-16,-1.));
#3660 = DIRECTION('',(0.,-1.,-1.110223024625E-16));
#3661 = ORIENTED_EDGE('',*,*,#3662,.T.);
#3662 = EDGE_CURVE('',#3654,#3663,#3665,.T.);
#3663 = VERTEX_POINT('',#3664);
#3664 = CARTESIAN_POINT('',(101.64,5.,63.1));
#3665 = LINE('',#3666,#3667);
#3666 = CARTESIAN_POINT('',(107.87,5.,63.1));
#3667 = VECTOR('',#3668,1.);
#3668 = DIRECTION('',(-1.,0.,0.));
#3669 = ORIENTED_EDGE('',*,*,#3670,.T.);
#3670 = EDGE_CURVE('',#3663,#3671,#3673,.T.);
#3671 = VERTEX_POINT('',#3672);
#3672 = CARTESIAN_POINT('',(100.85,5.79,63.1));
#3673 = CIRCLE('',#3674,0.79);
#3674 = AXIS2_PLACEMENT_3D('',#3675,#3676,#3677);
#3675 = CARTESIAN_POINT('',(101.64,5.79,63.1));
#3676 = DIRECTION('',(0.,1.110223024625E-16,-1.));
#3677 = DIRECTION('',(-1.,-1.855056193045E-14,-2.059526097492E-30));
#3678 = ORIENTED_EDGE('',*,*,#3679,.T.);
#3679 = EDGE_CURVE('',#3671,#3680,#3682,.T.);
#3680 = VERTEX_POINT('',#3681);
#3681 = CARTESIAN_POINT('',(100.85,11.21,63.1));
#3682 = LINE('',#3683,#3684);
#3683 = CARTESIAN_POINT('',(100.85,6.505,63.1));
#3684 = VECTOR('',#3685,1.);
#3685 = DIRECTION('',(0.,1.,0.));
#3686 = ORIENTED_EDGE('',*,*,#3687,.T.);
#3687 = EDGE_CURVE('',#3680,#3688,#3690,.T.);
#3688 = VERTEX_POINT('',#3689);
#3689 = CARTESIAN_POINT('',(101.64,12.,63.1));
#3690 = CIRCLE('',#3691,0.79);
#3691 = AXIS2_PLACEMENT_3D('',#3692,#3693,#3694);
#3692 = CARTESIAN_POINT('',(101.64,11.21,63.1));
#3693 = DIRECTION('',(0.,1.110223024625E-16,-1.));
#3694 = DIRECTION('',(0.,1.,1.110223024625E-16));
#3695 = ORIENTED_EDGE('',*,*,#3696,.T.);
#3696 = EDGE_CURVE('',#3688,#3697,#3699,.T.);
#3697 = VERTEX_POINT('',#3698);
#3698 = CARTESIAN_POINT('',(101.66,12.,63.1));
#3699 = LINE('',#3700,#3701);
#3700 = CARTESIAN_POINT('',(107.88,12.,63.1));
#3701 = VECTOR('',#3702,1.);
#3702 = DIRECTION('',(1.,0.,0.));
#3703 = ORIENTED_EDGE('',*,*,#3704,.T.);
#3704 = EDGE_CURVE('',#3697,#3705,#3707,.T.);
#3705 = VERTEX_POINT('',#3706);
#3706 = CARTESIAN_POINT('',(102.45,11.21,63.1));
#3707 = CIRCLE('',#3708,0.79);
#3708 = AXIS2_PLACEMENT_3D('',#3709,#3710,#3711);
#3709 = CARTESIAN_POINT('',(101.66,11.21,63.1));
#3710 = DIRECTION('',(0.,1.110223024625E-16,-1.));
#3711 = DIRECTION('',(1.,1.855056193045E-14,2.059526097492E-30));
#3712 = ORIENTED_EDGE('',*,*,#3713,.T.);
#3713 = EDGE_CURVE('',#3705,#3652,#3714,.T.);
#3714 = LINE('',#3715,#3716);
#3715 = CARTESIAN_POINT('',(102.45,3.795,63.1));
#3716 = VECTOR('',#3717,1.);
#3717 = DIRECTION('',(0.,-1.,0.));
#3718 = FACE_BOUND('',#3719,.F.);
#3719 = EDGE_LOOP('',(#3720,#3731,#3739,#3748,#3756,#3765,#3773,#3782));
#3720 = ORIENTED_EDGE('',*,*,#3721,.T.);
#3721 = EDGE_CURVE('',#3722,#3724,#3726,.T.);
#3722 = VERTEX_POINT('',#3723);
#3723 = CARTESIAN_POINT('',(96.45,5.79,63.1));
#3724 = VERTEX_POINT('',#3725);
#3725 = CARTESIAN_POINT('',(95.66,5.,63.1));
#3726 = CIRCLE('',#3727,0.79);
#3727 = AXIS2_PLACEMENT_3D('',#3728,#3729,#3730);
#3728 = CARTESIAN_POINT('',(95.66,5.79,63.1));
#3729 = DIRECTION('',(0.,1.110223024625E-16,-1.));
#3730 = DIRECTION('',(0.,-1.,-1.110223024625E-16));
#3731 = ORIENTED_EDGE('',*,*,#3732,.T.);
#3732 = EDGE_CURVE('',#3724,#3733,#3735,.T.);
#3733 = VERTEX_POINT('',#3734);
#3734 = CARTESIAN_POINT('',(95.64,5.,63.1));
#3735 = LINE('',#3736,#3737);
#3736 = CARTESIAN_POINT('',(104.87,5.,63.1));
#3737 = VECTOR('',#3738,1.);
#3738 = DIRECTION('',(-1.,0.,0.));
#3739 = ORIENTED_EDGE('',*,*,#3740,.T.);
#3740 = EDGE_CURVE('',#3733,#3741,#3743,.T.);
#3741 = VERTEX_POINT('',#3742);
#3742 = CARTESIAN_POINT('',(94.85,5.79,63.1));
#3743 = CIRCLE('',#3744,0.79);
#3744 = AXIS2_PLACEMENT_3D('',#3745,#3746,#3747);
#3745 = CARTESIAN_POINT('',(95.64,5.79,63.1));
#3746 = DIRECTION('',(0.,1.110223024625E-16,-1.));
#3747 = DIRECTION('',(-1.,-1.855056193045E-14,-2.059526097492E-30));
#3748 = ORIENTED_EDGE('',*,*,#3749,.T.);
#3749 = EDGE_CURVE('',#3741,#3750,#3752,.T.);
#3750 = VERTEX_POINT('',#3751);
#3751 = CARTESIAN_POINT('',(94.85,11.21,63.1));
#3752 = LINE('',#3753,#3754);
#3753 = CARTESIAN_POINT('',(94.85,6.505,63.1));
#3754 = VECTOR('',#3755,1.);
#3755 = DIRECTION('',(0.,1.,0.));
#3756 = ORIENTED_EDGE('',*,*,#3757,.T.);
#3757 = EDGE_CURVE('',#3750,#3758,#3760,.T.);
#3758 = VERTEX_POINT('',#3759);
#3759 = CARTESIAN_POINT('',(95.64,12.,63.1));
#3760 = CIRCLE('',#3761,0.79);
#3761 = AXIS2_PLACEMENT_3D('',#3762,#3763,#3764);
#3762 = CARTESIAN_POINT('',(95.64,11.21,63.1));
#3763 = DIRECTION('',(0.,1.110223024625E-16,-1.));
#3764 = DIRECTION('',(0.,1.,1.110223024625E-16));
#3765 = ORIENTED_EDGE('',*,*,#3766,.T.);
#3766 = EDGE_CURVE('',#3758,#3767,#3769,.T.);
#3767 = VERTEX_POINT('',#3768);
#3768 = CARTESIAN_POINT('',(95.66,12.,63.1));
#3769 = LINE('',#3770,#3771);
#3770 = CARTESIAN_POINT('',(104.88,12.,63.1));
#3771 = VECTOR('',#3772,1.);
#3772 = DIRECTION('',(1.,0.,0.));
#3773 = ORIENTED_EDGE('',*,*,#3774,.T.);
#3774 = EDGE_CURVE('',#3767,#3775,#3777,.T.);
#3775 = VERTEX_POINT('',#3776);
#3776 = CARTESIAN_POINT('',(96.45,11.21,63.1));
#3777 = CIRCLE('',#3778,0.79);
#3778 = AXIS2_PLACEMENT_3D('',#3779,#3780,#3781);
#3779 = CARTESIAN_POINT('',(95.66,11.21,63.1));
#3780 = DIRECTION('',(0.,1.110223024625E-16,-1.));
#3781 = DIRECTION('',(1.,1.855056193045E-14,2.059526097492E-30));
#3782 = ORIENTED_EDGE('',*,*,#3783,.T.);
#3783 = EDGE_CURVE('',#3775,#3722,#3784,.T.);
#3784 = LINE('',#3785,#3786);
#3785 = CARTESIAN_POINT('',(96.45,3.795,63.1));
#3786 = VECTOR('',#3787,1.);
#3787 = DIRECTION('',(0.,-1.,0.));
#3788 = PLANE('',#3789);
#3789 = AXIS2_PLACEMENT_3D('',#3790,#3791,#3792);
#3790 = CARTESIAN_POINT('',(114.1,1.8,63.1));
#3791 = DIRECTION('',(0.,0.,1.));
#3792 = DIRECTION('',(-1.,0.,0.));
#3793 = ADVANCED_FACE('',(#3794),#3821,.F.);
#3794 = FACE_BOUND('',#3795,.F.);
#3795 = EDGE_LOOP('',(#3796,#3805,#3806,#3815));
#3796 = ORIENTED_EDGE('',*,*,#3797,.F.);
#3797 = EDGE_CURVE('',#3550,#3798,#3800,.T.);
#3798 = VERTEX_POINT('',#3799);
#3799 = CARTESIAN_POINT('',(2.4,1.8,61.6));
#3800 = CIRCLE('',#3801,1.5);
#3801 = AXIS2_PLACEMENT_3D('',#3802,#3803,#3804);
#3802 = CARTESIAN_POINT('',(3.9,1.8,61.6));
#3803 = DIRECTION('',(0.,-1.,0.));
#3804 = DIRECTION('',(1.480297366167E-15,0.,1.));
#3805 = ORIENTED_EDGE('',*,*,#3549,.T.);
#3806 = ORIENTED_EDGE('',*,*,#3807,.T.);
#3807 = EDGE_CURVE('',#3542,#3808,#3810,.T.);
#3808 = VERTEX_POINT('',#3809);
#3809 = CARTESIAN_POINT('',(2.4,12.6,61.6));
#3810 = CIRCLE('',#3811,1.5);
#3811 = AXIS2_PLACEMENT_3D('',#3812,#3813,#3814);
#3812 = CARTESIAN_POINT('',(3.9,12.6,61.6));
#3813 = DIRECTION('',(0.,-1.,0.));
#3814 = DIRECTION('',(1.480297366167E-15,0.,1.));
#3815 = ORIENTED_EDGE('',*,*,#3816,.F.);
#3816 = EDGE_CURVE('',#3798,#3808,#3817,.T.);
#3817 = LINE('',#3818,#3819);
#3818 = CARTESIAN_POINT('',(2.4,1.8,61.6));
#3819 = VECTOR('',#3820,1.);
#3820 = DIRECTION('',(0.,1.,0.));
#3821 = CYLINDRICAL_SURFACE('',#3822,1.5);
#3822 = AXIS2_PLACEMENT_3D('',#3823,#3824,#3825);
#3823 = CARTESIAN_POINT('',(3.9,1.8,61.6));
#3824 = DIRECTION('',(0.,-1.,0.));
#3825 = DIRECTION('',(1.480297366167E-15,0.,1.));
#3826 = ADVANCED_FACE('',(#3827),#3843,.F.);
#3827 = FACE_BOUND('',#3828,.F.);
#3828 = EDGE_LOOP('',(#3829,#3835,#3836,#3842));
#3829 = ORIENTED_EDGE('',*,*,#3830,.F.);
#3830 = EDGE_CURVE('',#3798,#3499,#3831,.T.);
#3831 = LINE('',#3832,#3833);
#3832 = CARTESIAN_POINT('',(2.4,1.8,61.6));
#3833 = VECTOR('',#3834,1.);
#3834 = DIRECTION('',(0.,0.,-1.));
#3835 = ORIENTED_EDGE('',*,*,#3816,.T.);
#3836 = ORIENTED_EDGE('',*,*,#3837,.F.);
#3837 = EDGE_CURVE('',#3508,#3808,#3838,.T.);
#3838 = LINE('',#3839,#3840);
#3839 = CARTESIAN_POINT('',(2.4,12.6,47.175));
#3840 = VECTOR('',#3841,1.);
#3841 = DIRECTION('',(0.,0.,1.));
#3842 = ORIENTED_EDGE('',*,*,#3507,.F.);
#3843 = PLANE('',#3844);
#3844 = AXIS2_PLACEMENT_3D('',#3845,#3846,#3847);
#3845 = CARTESIAN_POINT('',(2.4,1.8,61.6));
#3846 = DIRECTION('',(-1.,0.,0.));
#3847 = DIRECTION('',(0.,0.,-1.));
#3848 = ADVANCED_FACE('',(#3849),#3876,.F.);
#3849 = FACE_BOUND('',#3850,.F.);
#3850 = EDGE_LOOP('',(#3851,#3860,#3861,#3870));
#3851 = ORIENTED_EDGE('',*,*,#3852,.F.);
#3852 = EDGE_CURVE('',#3226,#3853,#3855,.T.);
#3853 = VERTEX_POINT('',#3854);
#3854 = CARTESIAN_POINT('',(115.6,1.8,3.9));
#3855 = CIRCLE('',#3856,1.5);
#3856 = AXIS2_PLACEMENT_3D('',#3857,#3858,#3859);
#3857 = CARTESIAN_POINT('',(114.1,1.8,3.9));
#3858 = DIRECTION('',(0.,-1.,0.));
#3859 = DIRECTION('',(0.,0.,-1.));
#3860 = ORIENTED_EDGE('',*,*,#3249,.T.);
#3861 = ORIENTED_EDGE('',*,*,#3862,.T.);
#3862 = EDGE_CURVE('',#3242,#3863,#3865,.T.);
#3863 = VERTEX_POINT('',#3864);
#3864 = CARTESIAN_POINT('',(115.6,12.6,3.9));
#3865 = CIRCLE('',#3866,1.5);
#3866 = AXIS2_PLACEMENT_3D('',#3867,#3868,#3869);
#3867 = CARTESIAN_POINT('',(114.1,12.6,3.9));
#3868 = DIRECTION('',(0.,-1.,0.));
#3869 = DIRECTION('',(0.,0.,-1.));
#3870 = ORIENTED_EDGE('',*,*,#3871,.F.);
#3871 = EDGE_CURVE('',#3853,#3863,#3872,.T.);
#3872 = LINE('',#3873,#3874);
#3873 = CARTESIAN_POINT('',(115.6,1.8,3.9));
#3874 = VECTOR('',#3875,1.);
#3875 = DIRECTION('',(0.,1.,0.));
#3876 = CYLINDRICAL_SURFACE('',#3877,1.5);
#3877 = AXIS2_PLACEMENT_3D('',#3878,#3879,#3880);
#3878 = CARTESIAN_POINT('',(114.1,1.8,3.9));
#3879 = DIRECTION('',(0.,-1.,0.));
#3880 = DIRECTION('',(0.,0.,-1.));
#3881 = ADVANCED_FACE('',(#3882),#3930,.F.);
#3882 = FACE_BOUND('',#3883,.F.);
#3883 = EDGE_LOOP('',(#3884,#3890,#3891,#3899,#3907,#3915,#3923,#3929));
#3884 = ORIENTED_EDGE('',*,*,#3885,.F.);
#3885 = EDGE_CURVE('',#3853,#63,#3886,.T.);
#3886 = LINE('',#3887,#3888);
#3887 = CARTESIAN_POINT('',(115.6,1.8,3.9));
#3888 = VECTOR('',#3889,1.);
#3889 = DIRECTION('',(0.,0.,1.));
#3890 = ORIENTED_EDGE('',*,*,#3871,.T.);
#3891 = ORIENTED_EDGE('',*,*,#3892,.F.);
#3892 = EDGE_CURVE('',#3893,#3863,#3895,.T.);
#3893 = VERTEX_POINT('',#3894);
#3894 = CARTESIAN_POINT('',(115.6,12.6,56.4));
#3895 = LINE('',#3896,#3897);
#3896 = CARTESIAN_POINT('',(115.6,12.6,18.325));
#3897 = VECTOR('',#3898,1.);
#3898 = DIRECTION('',(0.,0.,-1.));
#3899 = ORIENTED_EDGE('',*,*,#3900,.T.);
#3900 = EDGE_CURVE('',#3893,#3901,#3903,.T.);
#3901 = VERTEX_POINT('',#3902);
#3902 = CARTESIAN_POINT('',(115.6,1.8,56.4));
#3903 = LINE('',#3904,#3905);
#3904 = CARTESIAN_POINT('',(115.6,1.795,56.4));
#3905 = VECTOR('',#3906,1.);
#3906 = DIRECTION('',(0.,-1.,0.));
#3907 = ORIENTED_EDGE('',*,*,#3908,.F.);
#3908 = EDGE_CURVE('',#3909,#3901,#3911,.T.);
#3909 = VERTEX_POINT('',#3910);
#3910 = CARTESIAN_POINT('',(115.6,1.8,27.45));
#3911 = LINE('',#3912,#3913);
#3912 = CARTESIAN_POINT('',(115.6,1.8,3.9));
#3913 = VECTOR('',#3914,1.);
#3914 = DIRECTION('',(0.,0.,1.));
#3915 = ORIENTED_EDGE('',*,*,#3916,.F.);
#3916 = EDGE_CURVE('',#3917,#3909,#3919,.T.);
#3917 = VERTEX_POINT('',#3918);
#3918 = CARTESIAN_POINT('',(115.6,7.3,27.45));
#3919 = LINE('',#3920,#3921);
#3920 = CARTESIAN_POINT('',(115.6,1.8,27.45));
#3921 = VECTOR('',#3922,1.);
#3922 = DIRECTION('',(0.,-1.,0.));
#3923 = ORIENTED_EDGE('',*,*,#3924,.F.);
#3924 = EDGE_CURVE('',#71,#3917,#3925,.T.);
#3925 = LINE('',#3926,#3927);
#3926 = CARTESIAN_POINT('',(115.6,7.3,12.45));
#3927 = VECTOR('',#3928,1.);
#3928 = DIRECTION('',(0.,0.,1.));
#3929 = ORIENTED_EDGE('',*,*,#70,.T.);
#3930 = PLANE('',#3931);
#3931 = AXIS2_PLACEMENT_3D('',#3932,#3933,#3934);
#3932 = CARTESIAN_POINT('',(115.6,1.8,3.9));
#3933 = DIRECTION('',(1.,0.,0.));
#3934 = DIRECTION('',(0.,0.,1.));
#3935 = ADVANCED_FACE('',(#3936),#3947,.F.);
#3936 = FACE_BOUND('',#3937,.F.);
#3937 = EDGE_LOOP('',(#3938,#3939,#3940,#3941));
#3938 = ORIENTED_EDGE('',*,*,#3275,.F.);
#3939 = ORIENTED_EDGE('',*,*,#2452,.T.);
#3940 = ORIENTED_EDGE('',*,*,#2678,.T.);
#3941 = ORIENTED_EDGE('',*,*,#3942,.F.);
#3942 = EDGE_CURVE('',#3276,#2679,#3943,.T.);
#3943 = LINE('',#3944,#3945);
#3944 = CARTESIAN_POINT('',(111.,15.,64.7));
#3945 = VECTOR('',#3946,1.);
#3946 = DIRECTION('',(-1.,0.,0.));
#3947 = PLANE('',#3948);
#3948 = AXIS2_PLACEMENT_3D('',#3949,#3950,#3951);
#3949 = CARTESIAN_POINT('',(111.,14.6,65.1));
#3950 = DIRECTION('',(6.983161618628E-18,-0.707106781187,-0.707106781187
    ));
#3951 = DIRECTION('',(-1.,-4.937840934654E-18,-4.937840934654E-18));
#3952 = ADVANCED_FACE('',(#3953),#3969,.F.);
#3953 = FACE_BOUND('',#3954,.T.);
#3954 = EDGE_LOOP('',(#3955,#3956,#3962,#3963));
#3955 = ORIENTED_EDGE('',*,*,#3581,.T.);
#3956 = ORIENTED_EDGE('',*,*,#3957,.T.);
#3957 = EDGE_CURVE('',#3584,#2465,#3958,.T.);
#3958 = LINE('',#3959,#3960);
#3959 = CARTESIAN_POINT('',(107.66,5.,62.1));
#3960 = VECTOR('',#3961,1.);
#3961 = DIRECTION('',(0.,0.,1.));
#3962 = ORIENTED_EDGE('',*,*,#2462,.F.);
#3963 = ORIENTED_EDGE('',*,*,#3964,.F.);
#3964 = EDGE_CURVE('',#3582,#2463,#3965,.T.);
#3965 = LINE('',#3966,#3967);
#3966 = CARTESIAN_POINT('',(108.45,5.79,62.1));
#3967 = VECTOR('',#3968,1.);
#3968 = DIRECTION('',(0.,0.,1.));
#3969 = CYLINDRICAL_SURFACE('',#3970,0.79);
#3970 = AXIS2_PLACEMENT_3D('',#3971,#3972,#3973);
#3971 = CARTESIAN_POINT('',(107.66,5.79,62.1));
#3972 = DIRECTION('',(0.,1.110223024625E-16,-1.));
#3973 = DIRECTION('',(0.,-1.,-1.110223024625E-16));
#3974 = ADVANCED_FACE('',(#3975),#3986,.T.);
#3975 = FACE_BOUND('',#3976,.T.);
#3976 = EDGE_LOOP('',(#3977,#3978,#3979,#3980));
#3977 = ORIENTED_EDGE('',*,*,#3643,.T.);
#3978 = ORIENTED_EDGE('',*,*,#3964,.T.);
#3979 = ORIENTED_EDGE('',*,*,#2524,.F.);
#3980 = ORIENTED_EDGE('',*,*,#3981,.F.);
#3981 = EDGE_CURVE('',#3635,#2516,#3982,.T.);
#3982 = LINE('',#3983,#3984);
#3983 = CARTESIAN_POINT('',(108.45,11.21,62.1));
#3984 = VECTOR('',#3985,1.);
#3985 = DIRECTION('',(0.,0.,1.));
#3986 = PLANE('',#3987);
#3987 = AXIS2_PLACEMENT_3D('',#3988,#3989,#3990);
#3988 = CARTESIAN_POINT('',(108.45,5.79,62.1));
#3989 = DIRECTION('',(-1.,0.,0.));
#3990 = DIRECTION('',(0.,1.,1.110223024625E-16));
#3991 = ADVANCED_FACE('',(#3992),#4003,.F.);
#3992 = FACE_BOUND('',#3993,.T.);
#3993 = EDGE_LOOP('',(#3994,#3995,#3996,#3997));
#3994 = ORIENTED_EDGE('',*,*,#3634,.T.);
#3995 = ORIENTED_EDGE('',*,*,#3981,.T.);
#3996 = ORIENTED_EDGE('',*,*,#2515,.F.);
#3997 = ORIENTED_EDGE('',*,*,#3998,.F.);
#3998 = EDGE_CURVE('',#3627,#2508,#3999,.T.);
#3999 = LINE('',#4000,#4001);
#4000 = CARTESIAN_POINT('',(107.66,12.,62.1));
#4001 = VECTOR('',#4002,1.);
#4002 = DIRECTION('',(0.,0.,1.));
#4003 = CYLINDRICAL_SURFACE('',#4004,0.79);
#4004 = AXIS2_PLACEMENT_3D('',#4005,#4006,#4007);
#4005 = CARTESIAN_POINT('',(107.66,11.21,62.1));
#4006 = DIRECTION('',(0.,1.110223024625E-16,-1.));
#4007 = DIRECTION('',(1.,1.855056193045E-14,2.059526097492E-30));
#4008 = ADVANCED_FACE('',(#4009),#4020,.T.);
#4009 = FACE_BOUND('',#4010,.T.);
#4010 = EDGE_LOOP('',(#4011,#4012,#4013,#4014));
#4011 = ORIENTED_EDGE('',*,*,#3626,.T.);
#4012 = ORIENTED_EDGE('',*,*,#3998,.T.);
#4013 = ORIENTED_EDGE('',*,*,#2507,.F.);
#4014 = ORIENTED_EDGE('',*,*,#4015,.F.);
#4015 = EDGE_CURVE('',#3618,#2499,#4016,.T.);
#4016 = LINE('',#4017,#4018);
#4017 = CARTESIAN_POINT('',(107.64,12.,62.1));
#4018 = VECTOR('',#4019,1.);
#4019 = DIRECTION('',(0.,0.,1.));
#4020 = PLANE('',#4021);
#4021 = AXIS2_PLACEMENT_3D('',#4022,#4023,#4024);
#4022 = CARTESIAN_POINT('',(107.66,12.,62.1));
#4023 = DIRECTION('',(0.,-1.,0.));
#4024 = DIRECTION('',(-1.,0.,0.));
#4025 = ADVANCED_FACE('',(#4026),#4037,.F.);
#4026 = FACE_BOUND('',#4027,.T.);
#4027 = EDGE_LOOP('',(#4028,#4029,#4030,#4031));
#4028 = ORIENTED_EDGE('',*,*,#3617,.T.);
#4029 = ORIENTED_EDGE('',*,*,#4015,.T.);
#4030 = ORIENTED_EDGE('',*,*,#2498,.F.);
#4031 = ORIENTED_EDGE('',*,*,#4032,.F.);
#4032 = EDGE_CURVE('',#3610,#2491,#4033,.T.);
#4033 = LINE('',#4034,#4035);
#4034 = CARTESIAN_POINT('',(106.85,11.21,62.1));
#4035 = VECTOR('',#4036,1.);
#4036 = DIRECTION('',(0.,0.,1.));
#4037 = CYLINDRICAL_SURFACE('',#4038,0.79);
#4038 = AXIS2_PLACEMENT_3D('',#4039,#4040,#4041);
#4039 = CARTESIAN_POINT('',(107.64,11.21,62.1));
#4040 = DIRECTION('',(0.,1.110223024625E-16,-1.));
#4041 = DIRECTION('',(0.,1.,1.110223024625E-16));
#4042 = ADVANCED_FACE('',(#4043),#4054,.T.);
#4043 = FACE_BOUND('',#4044,.T.);
#4044 = EDGE_LOOP('',(#4045,#4046,#4047,#4048));
#4045 = ORIENTED_EDGE('',*,*,#3609,.T.);
#4046 = ORIENTED_EDGE('',*,*,#4032,.T.);
#4047 = ORIENTED_EDGE('',*,*,#2490,.F.);
#4048 = ORIENTED_EDGE('',*,*,#4049,.F.);
#4049 = EDGE_CURVE('',#3601,#2482,#4050,.T.);
#4050 = LINE('',#4051,#4052);
#4051 = CARTESIAN_POINT('',(106.85,5.79,62.1));
#4052 = VECTOR('',#4053,1.);
#4053 = DIRECTION('',(0.,0.,1.));
#4054 = PLANE('',#4055);
#4055 = AXIS2_PLACEMENT_3D('',#4056,#4057,#4058);
#4056 = CARTESIAN_POINT('',(106.85,11.21,62.1));
#4057 = DIRECTION('',(1.,0.,0.));
#4058 = DIRECTION('',(0.,-1.,-1.110223024625E-16));
#4059 = ADVANCED_FACE('',(#4060),#4071,.F.);
#4060 = FACE_BOUND('',#4061,.T.);
#4061 = EDGE_LOOP('',(#4062,#4063,#4064,#4065));
#4062 = ORIENTED_EDGE('',*,*,#3600,.T.);
#4063 = ORIENTED_EDGE('',*,*,#4049,.T.);
#4064 = ORIENTED_EDGE('',*,*,#2481,.F.);
#4065 = ORIENTED_EDGE('',*,*,#4066,.F.);
#4066 = EDGE_CURVE('',#3593,#2474,#4067,.T.);
#4067 = LINE('',#4068,#4069);
#4068 = CARTESIAN_POINT('',(107.64,5.,62.1));
#4069 = VECTOR('',#4070,1.);
#4070 = DIRECTION('',(0.,0.,1.));
#4071 = CYLINDRICAL_SURFACE('',#4072,0.79);
#4072 = AXIS2_PLACEMENT_3D('',#4073,#4074,#4075);
#4073 = CARTESIAN_POINT('',(107.64,5.79,62.1));
#4074 = DIRECTION('',(0.,1.110223024625E-16,-1.));
#4075 = DIRECTION('',(-1.,-1.855056193045E-14,-2.059526097492E-30));
#4076 = ADVANCED_FACE('',(#4077),#4083,.T.);
#4077 = FACE_BOUND('',#4078,.T.);
#4078 = EDGE_LOOP('',(#4079,#4080,#4081,#4082));
#4079 = ORIENTED_EDGE('',*,*,#3592,.T.);
#4080 = ORIENTED_EDGE('',*,*,#4066,.T.);
#4081 = ORIENTED_EDGE('',*,*,#2473,.F.);
#4082 = ORIENTED_EDGE('',*,*,#3957,.F.);
#4083 = PLANE('',#4084);
#4084 = AXIS2_PLACEMENT_3D('',#4085,#4086,#4087);
#4085 = CARTESIAN_POINT('',(107.64,5.,62.1));
#4086 = DIRECTION('',(0.,1.,0.));
#4087 = DIRECTION('',(1.,0.,0.));
#4088 = ADVANCED_FACE('',(#4089),#4105,.F.);
#4089 = FACE_BOUND('',#4090,.T.);
#4090 = EDGE_LOOP('',(#4091,#4092,#4098,#4099));
#4091 = ORIENTED_EDGE('',*,*,#3651,.T.);
#4092 = ORIENTED_EDGE('',*,*,#4093,.T.);
#4093 = EDGE_CURVE('',#3654,#2535,#4094,.T.);
#4094 = LINE('',#4095,#4096);
#4095 = CARTESIAN_POINT('',(101.66,5.,62.1));
#4096 = VECTOR('',#4097,1.);
#4097 = DIRECTION('',(0.,0.,1.));
#4098 = ORIENTED_EDGE('',*,*,#2532,.F.);
#4099 = ORIENTED_EDGE('',*,*,#4100,.F.);
#4100 = EDGE_CURVE('',#3652,#2533,#4101,.T.);
#4101 = LINE('',#4102,#4103);
#4102 = CARTESIAN_POINT('',(102.45,5.79,62.1));
#4103 = VECTOR('',#4104,1.);
#4104 = DIRECTION('',(0.,0.,1.));
#4105 = CYLINDRICAL_SURFACE('',#4106,0.79);
#4106 = AXIS2_PLACEMENT_3D('',#4107,#4108,#4109);
#4107 = CARTESIAN_POINT('',(101.66,5.79,62.1));
#4108 = DIRECTION('',(0.,1.110223024625E-16,-1.));
#4109 = DIRECTION('',(0.,-1.,-1.110223024625E-16));
#4110 = ADVANCED_FACE('',(#4111),#4122,.T.);
#4111 = FACE_BOUND('',#4112,.T.);
#4112 = EDGE_LOOP('',(#4113,#4114,#4115,#4116));
#4113 = ORIENTED_EDGE('',*,*,#3713,.T.);
#4114 = ORIENTED_EDGE('',*,*,#4100,.T.);
#4115 = ORIENTED_EDGE('',*,*,#2594,.F.);
#4116 = ORIENTED_EDGE('',*,*,#4117,.F.);
#4117 = EDGE_CURVE('',#3705,#2586,#4118,.T.);
#4118 = LINE('',#4119,#4120);
#4119 = CARTESIAN_POINT('',(102.45,11.21,62.1));
#4120 = VECTOR('',#4121,1.);
#4121 = DIRECTION('',(0.,0.,1.));
#4122 = PLANE('',#4123);
#4123 = AXIS2_PLACEMENT_3D('',#4124,#4125,#4126);
#4124 = CARTESIAN_POINT('',(102.45,5.79,62.1));
#4125 = DIRECTION('',(-1.,0.,0.));
#4126 = DIRECTION('',(0.,1.,1.110223024625E-16));
#4127 = ADVANCED_FACE('',(#4128),#4139,.T.);
#4128 = FACE_BOUND('',#4129,.T.);
#4129 = EDGE_LOOP('',(#4130,#4131,#4137,#4138));
#4130 = ORIENTED_EDGE('',*,*,#3662,.T.);
#4131 = ORIENTED_EDGE('',*,*,#4132,.T.);
#4132 = EDGE_CURVE('',#3663,#2544,#4133,.T.);
#4133 = LINE('',#4134,#4135);
#4134 = CARTESIAN_POINT('',(101.64,5.,62.1));
#4135 = VECTOR('',#4136,1.);
#4136 = DIRECTION('',(0.,0.,1.));
#4137 = ORIENTED_EDGE('',*,*,#2543,.F.);
#4138 = ORIENTED_EDGE('',*,*,#4093,.F.);
#4139 = PLANE('',#4140);
#4140 = AXIS2_PLACEMENT_3D('',#4141,#4142,#4143);
#4141 = CARTESIAN_POINT('',(101.64,5.,62.1));
#4142 = DIRECTION('',(0.,1.,0.));
#4143 = DIRECTION('',(1.,0.,0.));
#4144 = ADVANCED_FACE('',(#4145),#4156,.F.);
#4145 = FACE_BOUND('',#4146,.T.);
#4146 = EDGE_LOOP('',(#4147,#4148,#4149,#4150));
#4147 = ORIENTED_EDGE('',*,*,#3704,.T.);
#4148 = ORIENTED_EDGE('',*,*,#4117,.T.);
#4149 = ORIENTED_EDGE('',*,*,#2585,.F.);
#4150 = ORIENTED_EDGE('',*,*,#4151,.F.);
#4151 = EDGE_CURVE('',#3697,#2578,#4152,.T.);
#4152 = LINE('',#4153,#4154);
#4153 = CARTESIAN_POINT('',(101.66,12.,62.1));
#4154 = VECTOR('',#4155,1.);
#4155 = DIRECTION('',(0.,0.,1.));
#4156 = CYLINDRICAL_SURFACE('',#4157,0.79);
#4157 = AXIS2_PLACEMENT_3D('',#4158,#4159,#4160);
#4158 = CARTESIAN_POINT('',(101.66,11.21,62.1));
#4159 = DIRECTION('',(0.,1.110223024625E-16,-1.));
#4160 = DIRECTION('',(1.,1.855056193045E-14,2.059526097492E-30));
#4161 = ADVANCED_FACE('',(#4162),#4173,.F.);
#4162 = FACE_BOUND('',#4163,.T.);
#4163 = EDGE_LOOP('',(#4164,#4165,#4171,#4172));
#4164 = ORIENTED_EDGE('',*,*,#3670,.T.);
#4165 = ORIENTED_EDGE('',*,*,#4166,.T.);
#4166 = EDGE_CURVE('',#3671,#2552,#4167,.T.);
#4167 = LINE('',#4168,#4169);
#4168 = CARTESIAN_POINT('',(100.85,5.79,62.1));
#4169 = VECTOR('',#4170,1.);
#4170 = DIRECTION('',(0.,0.,1.));
#4171 = ORIENTED_EDGE('',*,*,#2551,.F.);
#4172 = ORIENTED_EDGE('',*,*,#4132,.F.);
#4173 = CYLINDRICAL_SURFACE('',#4174,0.79);
#4174 = AXIS2_PLACEMENT_3D('',#4175,#4176,#4177);
#4175 = CARTESIAN_POINT('',(101.64,5.79,62.1));
#4176 = DIRECTION('',(0.,1.110223024625E-16,-1.));
#4177 = DIRECTION('',(-1.,-1.855056193045E-14,-2.059526097492E-30));
#4178 = ADVANCED_FACE('',(#4179),#4190,.T.);
#4179 = FACE_BOUND('',#4180,.T.);
#4180 = EDGE_LOOP('',(#4181,#4182,#4183,#4184));
#4181 = ORIENTED_EDGE('',*,*,#3696,.T.);
#4182 = ORIENTED_EDGE('',*,*,#4151,.T.);
#4183 = ORIENTED_EDGE('',*,*,#2577,.F.);
#4184 = ORIENTED_EDGE('',*,*,#4185,.F.);
#4185 = EDGE_CURVE('',#3688,#2569,#4186,.T.);
#4186 = LINE('',#4187,#4188);
#4187 = CARTESIAN_POINT('',(101.64,12.,62.1));
#4188 = VECTOR('',#4189,1.);
#4189 = DIRECTION('',(0.,0.,1.));
#4190 = PLANE('',#4191);
#4191 = AXIS2_PLACEMENT_3D('',#4192,#4193,#4194);
#4192 = CARTESIAN_POINT('',(101.66,12.,62.1));
#4193 = DIRECTION('',(0.,-1.,0.));
#4194 = DIRECTION('',(-1.,0.,0.));
#4195 = ADVANCED_FACE('',(#4196),#4207,.T.);
#4196 = FACE_BOUND('',#4197,.T.);
#4197 = EDGE_LOOP('',(#4198,#4199,#4205,#4206));
#4198 = ORIENTED_EDGE('',*,*,#3679,.T.);
#4199 = ORIENTED_EDGE('',*,*,#4200,.T.);
#4200 = EDGE_CURVE('',#3680,#2561,#4201,.T.);
#4201 = LINE('',#4202,#4203);
#4202 = CARTESIAN_POINT('',(100.85,11.21,62.1));
#4203 = VECTOR('',#4204,1.);
#4204 = DIRECTION('',(0.,0.,1.));
#4205 = ORIENTED_EDGE('',*,*,#2560,.F.);
#4206 = ORIENTED_EDGE('',*,*,#4166,.F.);
#4207 = PLANE('',#4208);
#4208 = AXIS2_PLACEMENT_3D('',#4209,#4210,#4211);
#4209 = CARTESIAN_POINT('',(100.85,11.21,62.1));
#4210 = DIRECTION('',(1.,0.,0.));
#4211 = DIRECTION('',(0.,-1.,-1.110223024625E-16));
#4212 = ADVANCED_FACE('',(#4213),#4219,.F.);
#4213 = FACE_BOUND('',#4214,.T.);
#4214 = EDGE_LOOP('',(#4215,#4216,#4217,#4218));
#4215 = ORIENTED_EDGE('',*,*,#3687,.T.);
#4216 = ORIENTED_EDGE('',*,*,#4185,.T.);
#4217 = ORIENTED_EDGE('',*,*,#2568,.F.);
#4218 = ORIENTED_EDGE('',*,*,#4200,.F.);
#4219 = CYLINDRICAL_SURFACE('',#4220,0.79);
#4220 = AXIS2_PLACEMENT_3D('',#4221,#4222,#4223);
#4221 = CARTESIAN_POINT('',(101.64,11.21,62.1));
#4222 = DIRECTION('',(0.,1.110223024625E-16,-1.));
#4223 = DIRECTION('',(0.,1.,1.110223024625E-16));
#4224 = ADVANCED_FACE('',(#4225),#4241,.F.);
#4225 = FACE_BOUND('',#4226,.T.);
#4226 = EDGE_LOOP('',(#4227,#4228,#4234,#4235));
#4227 = ORIENTED_EDGE('',*,*,#3721,.T.);
#4228 = ORIENTED_EDGE('',*,*,#4229,.T.);
#4229 = EDGE_CURVE('',#3724,#2605,#4230,.T.);
#4230 = LINE('',#4231,#4232);
#4231 = CARTESIAN_POINT('',(95.66,5.,62.1));
#4232 = VECTOR('',#4233,1.);
#4233 = DIRECTION('',(0.,0.,1.));
#4234 = ORIENTED_EDGE('',*,*,#2602,.F.);
#4235 = ORIENTED_EDGE('',*,*,#4236,.F.);
#4236 = EDGE_CURVE('',#3722,#2603,#4237,.T.);
#4237 = LINE('',#4238,#4239);
#4238 = CARTESIAN_POINT('',(96.45,5.79,62.1));
#4239 = VECTOR('',#4240,1.);
#4240 = DIRECTION('',(0.,0.,1.));
#4241 = CYLINDRICAL_SURFACE('',#4242,0.79);
#4242 = AXIS2_PLACEMENT_3D('',#4243,#4244,#4245);
#4243 = CARTESIAN_POINT('',(95.66,5.79,62.1));
#4244 = DIRECTION('',(0.,1.110223024625E-16,-1.));
#4245 = DIRECTION('',(0.,-1.,-1.110223024625E-16));
#4246 = ADVANCED_FACE('',(#4247),#4258,.T.);
#4247 = FACE_BOUND('',#4248,.T.);
#4248 = EDGE_LOOP('',(#4249,#4250,#4251,#4252));
#4249 = ORIENTED_EDGE('',*,*,#3783,.T.);
#4250 = ORIENTED_EDGE('',*,*,#4236,.T.);
#4251 = ORIENTED_EDGE('',*,*,#2664,.F.);
#4252 = ORIENTED_EDGE('',*,*,#4253,.F.);
#4253 = EDGE_CURVE('',#3775,#2656,#4254,.T.);
#4254 = LINE('',#4255,#4256);
#4255 = CARTESIAN_POINT('',(96.45,11.21,62.1));
#4256 = VECTOR('',#4257,1.);
#4257 = DIRECTION('',(0.,0.,1.));
#4258 = PLANE('',#4259);
#4259 = AXIS2_PLACEMENT_3D('',#4260,#4261,#4262);
#4260 = CARTESIAN_POINT('',(96.45,5.79,62.1));
#4261 = DIRECTION('',(-1.,0.,0.));
#4262 = DIRECTION('',(0.,1.,1.110223024625E-16));
#4263 = ADVANCED_FACE('',(#4264),#4275,.T.);
#4264 = FACE_BOUND('',#4265,.T.);
#4265 = EDGE_LOOP('',(#4266,#4267,#4273,#4274));
#4266 = ORIENTED_EDGE('',*,*,#3732,.T.);
#4267 = ORIENTED_EDGE('',*,*,#4268,.T.);
#4268 = EDGE_CURVE('',#3733,#2614,#4269,.T.);
#4269 = LINE('',#4270,#4271);
#4270 = CARTESIAN_POINT('',(95.64,5.,62.1));
#4271 = VECTOR('',#4272,1.);
#4272 = DIRECTION('',(0.,0.,1.));
#4273 = ORIENTED_EDGE('',*,*,#2613,.F.);
#4274 = ORIENTED_EDGE('',*,*,#4229,.F.);
#4275 = PLANE('',#4276);
#4276 = AXIS2_PLACEMENT_3D('',#4277,#4278,#4279);
#4277 = CARTESIAN_POINT('',(95.64,5.,62.1));
#4278 = DIRECTION('',(0.,1.,0.));
#4279 = DIRECTION('',(1.,0.,0.));
#4280 = ADVANCED_FACE('',(#4281),#4292,.F.);
#4281 = FACE_BOUND('',#4282,.T.);
#4282 = EDGE_LOOP('',(#4283,#4284,#4285,#4286));
#4283 = ORIENTED_EDGE('',*,*,#3774,.T.);
#4284 = ORIENTED_EDGE('',*,*,#4253,.T.);
#4285 = ORIENTED_EDGE('',*,*,#2655,.F.);
#4286 = ORIENTED_EDGE('',*,*,#4287,.F.);
#4287 = EDGE_CURVE('',#3767,#2648,#4288,.T.);
#4288 = LINE('',#4289,#4290);
#4289 = CARTESIAN_POINT('',(95.66,12.,62.1));
#4290 = VECTOR('',#4291,1.);
#4291 = DIRECTION('',(0.,0.,1.));
#4292 = CYLINDRICAL_SURFACE('',#4293,0.79);
#4293 = AXIS2_PLACEMENT_3D('',#4294,#4295,#4296);
#4294 = CARTESIAN_POINT('',(95.66,11.21,62.1));
#4295 = DIRECTION('',(0.,1.110223024625E-16,-1.));
#4296 = DIRECTION('',(1.,1.855056193045E-14,2.059526097492E-30));
#4297 = ADVANCED_FACE('',(#4298),#4309,.F.);
#4298 = FACE_BOUND('',#4299,.T.);
#4299 = EDGE_LOOP('',(#4300,#4301,#4307,#4308));
#4300 = ORIENTED_EDGE('',*,*,#3740,.T.);
#4301 = ORIENTED_EDGE('',*,*,#4302,.T.);
#4302 = EDGE_CURVE('',#3741,#2622,#4303,.T.);
#4303 = LINE('',#4304,#4305);
#4304 = CARTESIAN_POINT('',(94.85,5.79,62.1));
#4305 = VECTOR('',#4306,1.);
#4306 = DIRECTION('',(0.,0.,1.));
#4307 = ORIENTED_EDGE('',*,*,#2621,.F.);
#4308 = ORIENTED_EDGE('',*,*,#4268,.F.);
#4309 = CYLINDRICAL_SURFACE('',#4310,0.79);
#4310 = AXIS2_PLACEMENT_3D('',#4311,#4312,#4313);
#4311 = CARTESIAN_POINT('',(95.64,5.79,62.1));
#4312 = DIRECTION('',(0.,1.110223024625E-16,-1.));
#4313 = DIRECTION('',(-1.,-1.855056193045E-14,-2.059526097492E-30));
#4314 = ADVANCED_FACE('',(#4315),#4326,.T.);
#4315 = FACE_BOUND('',#4316,.T.);
#4316 = EDGE_LOOP('',(#4317,#4318,#4319,#4320));
#4317 = ORIENTED_EDGE('',*,*,#3766,.T.);
#4318 = ORIENTED_EDGE('',*,*,#4287,.T.);
#4319 = ORIENTED_EDGE('',*,*,#2647,.F.);
#4320 = ORIENTED_EDGE('',*,*,#4321,.F.);
#4321 = EDGE_CURVE('',#3758,#2639,#4322,.T.);
#4322 = LINE('',#4323,#4324);
#4323 = CARTESIAN_POINT('',(95.64,12.,62.1));
#4324 = VECTOR('',#4325,1.);
#4325 = DIRECTION('',(0.,0.,1.));
#4326 = PLANE('',#4327);
#4327 = AXIS2_PLACEMENT_3D('',#4328,#4329,#4330);
#4328 = CARTESIAN_POINT('',(95.66,12.,62.1));
#4329 = DIRECTION('',(0.,-1.,0.));
#4330 = DIRECTION('',(-1.,0.,0.));
#4331 = ADVANCED_FACE('',(#4332),#4343,.T.);
#4332 = FACE_BOUND('',#4333,.T.);
#4333 = EDGE_LOOP('',(#4334,#4335,#4341,#4342));
#4334 = ORIENTED_EDGE('',*,*,#3749,.T.);
#4335 = ORIENTED_EDGE('',*,*,#4336,.T.);
#4336 = EDGE_CURVE('',#3750,#2631,#4337,.T.);
#4337 = LINE('',#4338,#4339);
#4338 = CARTESIAN_POINT('',(94.85,11.21,62.1));
#4339 = VECTOR('',#4340,1.);
#4340 = DIRECTION('',(0.,0.,1.));
#4341 = ORIENTED_EDGE('',*,*,#2630,.F.);
#4342 = ORIENTED_EDGE('',*,*,#4302,.F.);
#4343 = PLANE('',#4344);
#4344 = AXIS2_PLACEMENT_3D('',#4345,#4346,#4347);
#4345 = CARTESIAN_POINT('',(94.85,11.21,62.1));
#4346 = DIRECTION('',(1.,0.,0.));
#4347 = DIRECTION('',(0.,-1.,-1.110223024625E-16));
#4348 = ADVANCED_FACE('',(#4349),#4355,.F.);
#4349 = FACE_BOUND('',#4350,.T.);
#4350 = EDGE_LOOP('',(#4351,#4352,#4353,#4354));
#4351 = ORIENTED_EDGE('',*,*,#3757,.T.);
#4352 = ORIENTED_EDGE('',*,*,#4321,.T.);
#4353 = ORIENTED_EDGE('',*,*,#2638,.F.);
#4354 = ORIENTED_EDGE('',*,*,#4336,.F.);
#4355 = CYLINDRICAL_SURFACE('',#4356,0.79);
#4356 = AXIS2_PLACEMENT_3D('',#4357,#4358,#4359);
#4357 = CARTESIAN_POINT('',(95.64,11.21,62.1));
#4358 = DIRECTION('',(0.,1.110223024625E-16,-1.));
#4359 = DIRECTION('',(0.,1.,1.110223024625E-16));
#4360 = ADVANCED_FACE('',(#4361),#4367,.F.);
#4361 = FACE_BOUND('',#4362,.F.);
#4362 = EDGE_LOOP('',(#4363,#4364,#4365,#4366));
#4363 = ORIENTED_EDGE('',*,*,#2746,.T.);
#4364 = ORIENTED_EDGE('',*,*,#3482,.F.);
#4365 = ORIENTED_EDGE('',*,*,#3283,.T.);
#4366 = ORIENTED_EDGE('',*,*,#3942,.T.);
#4367 = PLANE('',#4368);
#4368 = AXIS2_PLACEMENT_3D('',#4369,#4370,#4371);
#4369 = CARTESIAN_POINT('',(59.,15.,32.75));
#4370 = DIRECTION('',(-0.,-1.,-0.));
#4371 = DIRECTION('',(0.,0.,-1.));
#4372 = ADVANCED_FACE('',(#4373),#4416,.T.);
#4373 = FACE_BOUND('',#4374,.T.);
#4374 = EDGE_LOOP('',(#4375,#4384,#4390,#4391,#4399,#4408,#4414,#4415));
#4375 = ORIENTED_EDGE('',*,*,#4376,.T.);
#4376 = EDGE_CURVE('',#4377,#4377,#4379,.T.);
#4377 = VERTEX_POINT('',#4378);
#4378 = CARTESIAN_POINT('',(102.2,1.8,13.));
#4379 = CIRCLE('',#4380,1.9);
#4380 = AXIS2_PLACEMENT_3D('',#4381,#4382,#4383);
#4381 = CARTESIAN_POINT('',(102.2,1.8,11.1));
#4382 = DIRECTION('',(0.,1.,0.));
#4383 = DIRECTION('',(0.,0.,1.));
#4384 = ORIENTED_EDGE('',*,*,#4385,.T.);
#4385 = EDGE_CURVE('',#4377,#3181,#4386,.T.);
#4386 = LINE('',#4387,#4388);
#4387 = CARTESIAN_POINT('',(102.2,1.79,13.));
#4388 = VECTOR('',#4389,1.);
#4389 = DIRECTION('',(0.,1.,0.));
#4390 = ORIENTED_EDGE('',*,*,#3178,.F.);
#4391 = ORIENTED_EDGE('',*,*,#4392,.F.);
#4392 = EDGE_CURVE('',#4393,#3179,#4395,.T.);
#4393 = VERTEX_POINT('',#4394);
#4394 = CARTESIAN_POINT('',(101.,2.5,9.626908013733));
#4395 = LINE('',#4396,#4397);
#4396 = CARTESIAN_POINT('',(101.,1.79,9.626908013734));
#4397 = VECTOR('',#4398,1.);
#4398 = DIRECTION('',(0.,1.,0.));
#4399 = ORIENTED_EDGE('',*,*,#4400,.F.);
#4400 = EDGE_CURVE('',#4401,#4393,#4403,.T.);
#4401 = VERTEX_POINT('',#4402);
#4402 = CARTESIAN_POINT('',(103.42780291578,2.5,9.65));
#4403 = CIRCLE('',#4404,1.9);
#4404 = AXIS2_PLACEMENT_3D('',#4405,#4406,#4407);
#4405 = CARTESIAN_POINT('',(102.2,2.5,11.1));
#4406 = DIRECTION('',(0.,1.,0.));
#4407 = DIRECTION('',(0.,0.,1.));
#4408 = ORIENTED_EDGE('',*,*,#4409,.T.);
#4409 = EDGE_CURVE('',#4401,#3190,#4410,.T.);
#4410 = LINE('',#4411,#4412);
#4411 = CARTESIAN_POINT('',(103.42780291578,1.79,9.65));
#4412 = VECTOR('',#4413,1.);
#4413 = DIRECTION('',(0.,1.,0.));
#4414 = ORIENTED_EDGE('',*,*,#3189,.F.);
#4415 = ORIENTED_EDGE('',*,*,#4385,.F.);
#4416 = CYLINDRICAL_SURFACE('',#4417,1.9);
#4417 = AXIS2_PLACEMENT_3D('',#4418,#4419,#4420);
#4418 = CARTESIAN_POINT('',(102.2,1.79,11.1));
#4419 = DIRECTION('',(0.,1.,0.));
#4420 = DIRECTION('',(0.,0.,1.));
#4421 = ADVANCED_FACE('',(#4422),#4440,.T.);
#4422 = FACE_BOUND('',#4423,.T.);
#4423 = EDGE_LOOP('',(#4424,#4432,#4438,#4439));
#4424 = ORIENTED_EDGE('',*,*,#4425,.F.);
#4425 = EDGE_CURVE('',#4426,#3199,#4428,.T.);
#4426 = VERTEX_POINT('',#4427);
#4427 = CARTESIAN_POINT('',(101.,2.5,9.65));
#4428 = LINE('',#4429,#4430);
#4429 = CARTESIAN_POINT('',(101.,2.5,9.65));
#4430 = VECTOR('',#4431,1.);
#4431 = DIRECTION('',(0.,1.,0.));
#4432 = ORIENTED_EDGE('',*,*,#4433,.F.);
#4433 = EDGE_CURVE('',#4393,#4426,#4434,.T.);
#4434 = LINE('',#4435,#4436);
#4435 = CARTESIAN_POINT('',(101.,2.5,0.));
#4436 = VECTOR('',#4437,1.);
#4437 = DIRECTION('',(0.,0.,1.));
#4438 = ORIENTED_EDGE('',*,*,#4392,.T.);
#4439 = ORIENTED_EDGE('',*,*,#3206,.F.);
#4440 = PLANE('',#4441);
#4441 = AXIS2_PLACEMENT_3D('',#4442,#4443,#4444);
#4442 = CARTESIAN_POINT('',(101.,2.5,0.));
#4443 = DIRECTION('',(1.,0.,0.));
#4444 = DIRECTION('',(0.,0.,1.));
#4445 = ADVANCED_FACE('',(#4446),#4457,.F.);
#4446 = FACE_BOUND('',#4447,.F.);
#4447 = EDGE_LOOP('',(#4448,#4449,#4450,#4456));
#4448 = ORIENTED_EDGE('',*,*,#3198,.F.);
#4449 = ORIENTED_EDGE('',*,*,#4425,.F.);
#4450 = ORIENTED_EDGE('',*,*,#4451,.T.);
#4451 = EDGE_CURVE('',#4426,#4401,#4452,.T.);
#4452 = LINE('',#4453,#4454);
#4453 = CARTESIAN_POINT('',(101.,2.5,9.65));
#4454 = VECTOR('',#4455,1.);
#4455 = DIRECTION('',(1.,0.,0.));
#4456 = ORIENTED_EDGE('',*,*,#4409,.T.);
#4457 = PLANE('',#4458);
#4458 = AXIS2_PLACEMENT_3D('',#4459,#4460,#4461);
#4459 = CARTESIAN_POINT('',(101.,2.5,9.65));
#4460 = DIRECTION('',(0.,0.,1.));
#4461 = DIRECTION('',(1.,0.,0.));
#4462 = ADVANCED_FACE('',(#4463),#4504,.F.);
#4463 = FACE_BOUND('',#4464,.F.);
#4464 = EDGE_LOOP('',(#4465,#4475,#4483,#4489,#4490,#4498));
#4465 = ORIENTED_EDGE('',*,*,#4466,.F.);
#4466 = EDGE_CURVE('',#4467,#4469,#4471,.T.);
#4467 = VERTEX_POINT('',#4468);
#4468 = CARTESIAN_POINT('',(108.9,1.8,59.9));
#4469 = VERTEX_POINT('',#4470);
#4470 = CARTESIAN_POINT('',(108.9,1.8,63.11));
#4471 = LINE('',#4472,#4473);
#4472 = CARTESIAN_POINT('',(108.9,1.8,46.325));
#4473 = VECTOR('',#4474,1.);
#4474 = DIRECTION('',(0.,0.,1.));
#4475 = ORIENTED_EDGE('',*,*,#4476,.T.);
#4476 = EDGE_CURVE('',#4467,#4477,#4479,.T.);
#4477 = VERTEX_POINT('',#4478);
#4478 = CARTESIAN_POINT('',(108.9,12.6,59.9));
#4479 = LINE('',#4480,#4481);
#4480 = CARTESIAN_POINT('',(108.9,1.79,59.9));
#4481 = VECTOR('',#4482,1.);
#4482 = DIRECTION('',(0.,1.,0.));
#4483 = ORIENTED_EDGE('',*,*,#4484,.T.);
#4484 = EDGE_CURVE('',#4477,#3534,#4485,.T.);
#4485 = LINE('',#4486,#4487);
#4486 = CARTESIAN_POINT('',(108.9,12.6,59.9));
#4487 = VECTOR('',#4488,1.);
#4488 = DIRECTION('',(0.,0.,1.));
#4489 = ORIENTED_EDGE('',*,*,#3531,.F.);
#4490 = ORIENTED_EDGE('',*,*,#4491,.F.);
#4491 = EDGE_CURVE('',#4492,#3532,#4494,.T.);
#4492 = VERTEX_POINT('',#4493);
#4493 = CARTESIAN_POINT('',(108.9,2.4,63.11));
#4494 = LINE('',#4495,#4496);
#4495 = CARTESIAN_POINT('',(108.9,2.4,43.675));
#4496 = VECTOR('',#4497,1.);
#4497 = DIRECTION('',(0.,0.,-1.));
#4498 = ORIENTED_EDGE('',*,*,#4499,.F.);
#4499 = EDGE_CURVE('',#4469,#4492,#4500,.T.);
#4500 = LINE('',#4501,#4502);
#4501 = CARTESIAN_POINT('',(108.9,1.795,63.11));
#4502 = VECTOR('',#4503,1.);
#4503 = DIRECTION('',(0.,1.,0.));
#4504 = PLANE('',#4505);
#4505 = AXIS2_PLACEMENT_3D('',#4506,#4507,#4508);
#4506 = CARTESIAN_POINT('',(108.9,1.79,59.9));
#4507 = DIRECTION('',(1.,0.,0.));
#4508 = DIRECTION('',(0.,0.,1.));
#4509 = ADVANCED_FACE('',(#4510),#4528,.F.);
#4510 = FACE_BOUND('',#4511,.F.);
#4511 = EDGE_LOOP('',(#4512,#4513,#4514,#4522));
#4512 = ORIENTED_EDGE('',*,*,#4491,.T.);
#4513 = ORIENTED_EDGE('',*,*,#3573,.T.);
#4514 = ORIENTED_EDGE('',*,*,#4515,.T.);
#4515 = EDGE_CURVE('',#3566,#4516,#4518,.T.);
#4516 = VERTEX_POINT('',#4517);
#4517 = CARTESIAN_POINT('',(89.15,2.4,63.11));
#4518 = LINE('',#4519,#4520);
#4519 = CARTESIAN_POINT('',(89.15,2.4,27.45));
#4520 = VECTOR('',#4521,1.);
#4521 = DIRECTION('',(0.,0.,1.));
#4522 = ORIENTED_EDGE('',*,*,#4523,.T.);
#4523 = EDGE_CURVE('',#4516,#4492,#4524,.T.);
#4524 = LINE('',#4525,#4526);
#4525 = CARTESIAN_POINT('',(89.15,2.4,63.11));
#4526 = VECTOR('',#4527,1.);
#4527 = DIRECTION('',(1.,0.,0.));
#4528 = PLANE('',#4529);
#4529 = AXIS2_PLACEMENT_3D('',#4530,#4531,#4532);
#4530 = CARTESIAN_POINT('',(89.15,2.4,27.45));
#4531 = DIRECTION('',(0.,1.,0.));
#4532 = DIRECTION('',(0.,0.,1.));
#4533 = ADVANCED_FACE('',(#4534),#4552,.T.);
#4534 = FACE_BOUND('',#4535,.T.);
#4535 = EDGE_LOOP('',(#4536,#4544,#4545,#4546));
#4536 = ORIENTED_EDGE('',*,*,#4537,.F.);
#4537 = EDGE_CURVE('',#3558,#4538,#4540,.T.);
#4538 = VERTEX_POINT('',#4539);
#4539 = CARTESIAN_POINT('',(89.15,1.8,63.11));
#4540 = LINE('',#4541,#4542);
#4541 = CARTESIAN_POINT('',(89.15,1.8,27.45));
#4542 = VECTOR('',#4543,1.);
#4543 = DIRECTION('',(0.,0.,1.));
#4544 = ORIENTED_EDGE('',*,*,#3565,.T.);
#4545 = ORIENTED_EDGE('',*,*,#4515,.T.);
#4546 = ORIENTED_EDGE('',*,*,#4547,.F.);
#4547 = EDGE_CURVE('',#4538,#4516,#4548,.T.);
#4548 = LINE('',#4549,#4550);
#4549 = CARTESIAN_POINT('',(89.15,1.8,63.11));
#4550 = VECTOR('',#4551,1.);
#4551 = DIRECTION('',(0.,1.,0.));
#4552 = PLANE('',#4553);
#4553 = AXIS2_PLACEMENT_3D('',#4554,#4555,#4556);
#4554 = CARTESIAN_POINT('',(89.15,1.8,27.45));
#4555 = DIRECTION('',(1.,0.,0.));
#4556 = DIRECTION('',(0.,0.,1.));
#4557 = ADVANCED_FACE('',(#4558),#4599,.F.);
#4558 = FACE_BOUND('',#4559,.F.);
#4559 = EDGE_LOOP('',(#4560,#4570,#4578,#4584,#4585,#4593));
#4560 = ORIENTED_EDGE('',*,*,#4561,.T.);
#4561 = EDGE_CURVE('',#4562,#4564,#4566,.T.);
#4562 = VERTEX_POINT('',#4563);
#4563 = CARTESIAN_POINT('',(113.5,1.8,58.75));
#4564 = VERTEX_POINT('',#4565);
#4565 = CARTESIAN_POINT('',(113.2,1.8,58.75));
#4566 = LINE('',#4567,#4568);
#4567 = CARTESIAN_POINT('',(79.928721505119,1.8,58.75));
#4568 = VECTOR('',#4569,1.);
#4569 = DIRECTION('',(-1.,0.,0.));
#4570 = ORIENTED_EDGE('',*,*,#4571,.F.);
#4571 = EDGE_CURVE('',#4572,#4564,#4574,.T.);
#4572 = VERTEX_POINT('',#4573);
#4573 = CARTESIAN_POINT('',(113.2,1.8,27.45));
#4574 = LINE('',#4575,#4576);
#4575 = CARTESIAN_POINT('',(113.2,1.8,30.1));
#4576 = VECTOR('',#4577,1.);
#4577 = DIRECTION('',(0.,0.,1.));
#4578 = ORIENTED_EDGE('',*,*,#4579,.T.);
#4579 = EDGE_CURVE('',#4572,#3909,#4580,.T.);
#4580 = LINE('',#4581,#4582);
#4581 = CARTESIAN_POINT('',(114.75,1.8,27.45));
#4582 = VECTOR('',#4583,1.);
#4583 = DIRECTION('',(1.,0.,0.));
#4584 = ORIENTED_EDGE('',*,*,#3908,.T.);
#4585 = ORIENTED_EDGE('',*,*,#4586,.T.);
#4586 = EDGE_CURVE('',#3901,#4587,#4589,.T.);
#4587 = VERTEX_POINT('',#4588);
#4588 = CARTESIAN_POINT('',(113.5,1.8,56.4));
#4589 = LINE('',#4590,#4591);
#4590 = CARTESIAN_POINT('',(85.7,1.8,56.4));
#4591 = VECTOR('',#4592,1.);
#4592 = DIRECTION('',(-1.,0.,0.));
#4593 = ORIENTED_EDGE('',*,*,#4594,.F.);
#4594 = EDGE_CURVE('',#4562,#4587,#4595,.T.);
#4595 = LINE('',#4596,#4597);
#4596 = CARTESIAN_POINT('',(113.5,1.8,35.75));
#4597 = VECTOR('',#4598,1.);
#4598 = DIRECTION('',(0.,0.,-1.));
#4599 = PLANE('',#4600);
#4600 = AXIS2_PLACEMENT_3D('',#4601,#4602,#4603);
#4601 = CARTESIAN_POINT('',(59.,1.8,32.75));
#4602 = DIRECTION('',(-0.,-1.,-0.));
#4603 = DIRECTION('',(0.,0.,-1.));
#4604 = ADVANCED_FACE('',(#4605),#4639,.F.);
#4605 = FACE_BOUND('',#4606,.F.);
#4606 = EDGE_LOOP('',(#4607,#4617,#4625,#4631,#4632,#4633));
#4607 = ORIENTED_EDGE('',*,*,#4608,.F.);
#4608 = EDGE_CURVE('',#4609,#4611,#4613,.T.);
#4609 = VERTEX_POINT('',#4610);
#4610 = CARTESIAN_POINT('',(112.4,3.8,56.4));
#4611 = VERTEX_POINT('',#4612);
#4612 = CARTESIAN_POINT('',(112.4,12.6,56.4));
#4613 = LINE('',#4614,#4615);
#4614 = CARTESIAN_POINT('',(112.4,1.79,56.4));
#4615 = VECTOR('',#4616,1.);
#4616 = DIRECTION('',(0.,1.,0.));
#4617 = ORIENTED_EDGE('',*,*,#4618,.T.);
#4618 = EDGE_CURVE('',#4609,#4619,#4621,.T.);
#4619 = VERTEX_POINT('',#4620);
#4620 = CARTESIAN_POINT('',(113.5,2.7,56.4));
#4621 = LINE('',#4622,#4623);
#4622 = CARTESIAN_POINT('',(113.4525,2.7475,56.4));
#4623 = VECTOR('',#4624,1.);
#4624 = DIRECTION('',(0.707106781187,-0.707106781187,0.));
#4625 = ORIENTED_EDGE('',*,*,#4626,.T.);
#4626 = EDGE_CURVE('',#4619,#4587,#4627,.T.);
#4627 = LINE('',#4628,#4629);
#4628 = CARTESIAN_POINT('',(113.5,0.395,56.4));
#4629 = VECTOR('',#4630,1.);
#4630 = DIRECTION('',(0.,-1.,0.));
#4631 = ORIENTED_EDGE('',*,*,#4586,.F.);
#4632 = ORIENTED_EDGE('',*,*,#3900,.F.);
#4633 = ORIENTED_EDGE('',*,*,#4634,.F.);
#4634 = EDGE_CURVE('',#4611,#3893,#4635,.T.);
#4635 = LINE('',#4636,#4637);
#4636 = CARTESIAN_POINT('',(112.4,12.6,56.4));
#4637 = VECTOR('',#4638,1.);
#4638 = DIRECTION('',(1.,0.,0.));
#4639 = PLANE('',#4640);
#4640 = AXIS2_PLACEMENT_3D('',#4641,#4642,#4643);
#4641 = CARTESIAN_POINT('',(112.4,1.79,56.4));
#4642 = DIRECTION('',(0.,0.,1.));
#4643 = DIRECTION('',(1.,0.,0.));
#4644 = ADVANCED_FACE('',(#4645),#4689,.T.);
#4645 = FACE_BOUND('',#4646,.T.);
#4646 = EDGE_LOOP('',(#4647,#4657,#4664,#4665,#4672,#4673,#4682));
#4647 = ORIENTED_EDGE('',*,*,#4648,.F.);
#4648 = EDGE_CURVE('',#4649,#4651,#4653,.T.);
#4649 = VERTEX_POINT('',#4650);
#4650 = CARTESIAN_POINT('',(109.09432306478,1.8,58.75));
#4651 = VERTEX_POINT('',#4652);
#4652 = CARTESIAN_POINT('',(109.09432306478,2.7,58.75));
#4653 = LINE('',#4654,#4655);
#4654 = CARTESIAN_POINT('',(109.09432306478,1.79,58.75));
#4655 = VECTOR('',#4656,1.);
#4656 = DIRECTION('',(0.,1.,0.));
#4657 = ORIENTED_EDGE('',*,*,#4658,.T.);
#4658 = EDGE_CURVE('',#4649,#4467,#4659,.T.);
#4659 = CIRCLE('',#4660,3.5);
#4660 = AXIS2_PLACEMENT_3D('',#4661,#4662,#4663);
#4661 = CARTESIAN_POINT('',(112.4,1.8,59.9));
#4662 = DIRECTION('',(0.,1.,0.));
#4663 = DIRECTION('',(0.,0.,1.));
#4664 = ORIENTED_EDGE('',*,*,#4476,.T.);
#4665 = ORIENTED_EDGE('',*,*,#4666,.F.);
#4666 = EDGE_CURVE('',#4611,#4477,#4667,.T.);
#4667 = CIRCLE('',#4668,3.5);
#4668 = AXIS2_PLACEMENT_3D('',#4669,#4670,#4671);
#4669 = CARTESIAN_POINT('',(112.4,12.6,59.9));
#4670 = DIRECTION('',(0.,1.,0.));
#4671 = DIRECTION('',(0.,0.,1.));
#4672 = ORIENTED_EDGE('',*,*,#4608,.F.);
#4673 = ORIENTED_EDGE('',*,*,#4674,.F.);
#4674 = EDGE_CURVE('',#4675,#4609,#4677,.T.);
#4675 = VERTEX_POINT('',#4676);
#4676 = CARTESIAN_POINT('',(111.32060098893,4.879399011068,
    56.570600988932));
#4677 = ELLIPSE('',#4678,4.949747468306,3.5);
#4678 = AXIS2_PLACEMENT_3D('',#4679,#4680,#4681);
#4679 = CARTESIAN_POINT('',(112.4,3.8,59.9));
#4680 = DIRECTION('',(-0.707106781187,-0.707106781187,-0.));
#4681 = DIRECTION('',(-0.707106781187,0.707106781187,0.));
#4682 = ORIENTED_EDGE('',*,*,#4683,.T.);
#4683 = EDGE_CURVE('',#4675,#4651,#4684,.T.);
#4684 = ELLIPSE('',#4685,4.949747468306,3.5);
#4685 = AXIS2_PLACEMENT_3D('',#4686,#4687,#4688);
#4686 = CARTESIAN_POINT('',(112.4,1.55,59.9));
#4687 = DIRECTION('',(0.,0.707106781187,0.707106781187));
#4688 = DIRECTION('',(0.,0.707106781187,-0.707106781187));
#4689 = CYLINDRICAL_SURFACE('',#4690,3.5);
#4690 = AXIS2_PLACEMENT_3D('',#4691,#4692,#4693);
#4691 = CARTESIAN_POINT('',(112.4,1.79,59.9));
#4692 = DIRECTION('',(0.,1.,0.));
#4693 = DIRECTION('',(0.,0.,1.));
#4694 = ADVANCED_FACE('',(#4695),#4743,.F.);
#4695 = FACE_BOUND('',#4696,.F.);
#4696 = EDGE_LOOP('',(#4697,#4698,#4706,#4712,#4713,#4721,#4729,#4737));
#4697 = ORIENTED_EDGE('',*,*,#4561,.F.);
#4698 = ORIENTED_EDGE('',*,*,#4699,.T.);
#4699 = EDGE_CURVE('',#4562,#4700,#4702,.T.);
#4700 = VERTEX_POINT('',#4701);
#4701 = CARTESIAN_POINT('',(113.5,2.7,58.75));
#4702 = LINE('',#4703,#4704);
#4703 = CARTESIAN_POINT('',(113.5,-1.,58.75));
#4704 = VECTOR('',#4705,1.);
#4705 = DIRECTION('',(0.,1.,0.));
#4706 = ORIENTED_EDGE('',*,*,#4707,.F.);
#4707 = EDGE_CURVE('',#4651,#4700,#4708,.T.);
#4708 = LINE('',#4709,#4710);
#4709 = CARTESIAN_POINT('',(93.5,2.7,58.75));
#4710 = VECTOR('',#4711,1.);
#4711 = DIRECTION('',(1.,0.,0.));
#4712 = ORIENTED_EDGE('',*,*,#4648,.F.);
#4713 = ORIENTED_EDGE('',*,*,#4714,.F.);
#4714 = EDGE_CURVE('',#4715,#4649,#4717,.T.);
#4715 = VERTEX_POINT('',#4716);
#4716 = CARTESIAN_POINT('',(112.6,1.8,58.75));
#4717 = LINE('',#4718,#4719);
#4718 = CARTESIAN_POINT('',(79.928721505119,1.8,58.75));
#4719 = VECTOR('',#4720,1.);
#4720 = DIRECTION('',(-1.,0.,0.));
#4721 = ORIENTED_EDGE('',*,*,#4722,.F.);
#4722 = EDGE_CURVE('',#4723,#4715,#4725,.T.);
#4723 = VERTEX_POINT('',#4724);
#4724 = CARTESIAN_POINT('',(112.6,2.4,58.75));
#4725 = LINE('',#4726,#4727);
#4726 = CARTESIAN_POINT('',(112.6,4.855533905933,58.75));
#4727 = VECTOR('',#4728,1.);
#4728 = DIRECTION('',(0.,-1.,0.));
#4729 = ORIENTED_EDGE('',*,*,#4730,.T.);
#4730 = EDGE_CURVE('',#4723,#4731,#4733,.T.);
#4731 = VERTEX_POINT('',#4732);
#4732 = CARTESIAN_POINT('',(113.2,2.4,58.75));
#4733 = LINE('',#4734,#4735);
#4734 = CARTESIAN_POINT('',(106.72872150511,2.4,58.75));
#4735 = VECTOR('',#4736,1.);
#4736 = DIRECTION('',(1.,0.,0.));
#4737 = ORIENTED_EDGE('',*,*,#4738,.T.);
#4738 = EDGE_CURVE('',#4731,#4564,#4739,.T.);
#4739 = LINE('',#4740,#4741);
#4740 = CARTESIAN_POINT('',(113.2,4.855533905933,58.75));
#4741 = VECTOR('',#4742,1.);
#4742 = DIRECTION('',(0.,-1.,0.));
#4743 = PLANE('',#4744);
#4744 = AXIS2_PLACEMENT_3D('',#4745,#4746,#4747);
#4745 = CARTESIAN_POINT('',(100.85744301023,7.921067811865,58.75));
#4746 = DIRECTION('',(0.,0.,1.));
#4747 = DIRECTION('',(1.,0.,0.));
#4748 = ADVANCED_FACE('',(#4749),#4754,.T.);
#4749 = FACE_BOUND('',#4750,.T.);
#4750 = EDGE_LOOP('',(#4751,#4752,#4753));
#4751 = ORIENTED_EDGE('',*,*,#4400,.T.);
#4752 = ORIENTED_EDGE('',*,*,#4433,.T.);
#4753 = ORIENTED_EDGE('',*,*,#4451,.T.);
#4754 = PLANE('',#4755);
#4755 = AXIS2_PLACEMENT_3D('',#4756,#4757,#4758);
#4756 = CARTESIAN_POINT('',(101.,2.5,0.));
#4757 = DIRECTION('',(0.,1.,0.));
#4758 = DIRECTION('',(0.,0.,1.));
#4759 = ADVANCED_FACE('',(#4760),#4771,.F.);
#4760 = FACE_BOUND('',#4761,.F.);
#4761 = EDGE_LOOP('',(#4762,#4763,#4764,#4770));
#4762 = ORIENTED_EDGE('',*,*,#4523,.F.);
#4763 = ORIENTED_EDGE('',*,*,#4547,.F.);
#4764 = ORIENTED_EDGE('',*,*,#4765,.T.);
#4765 = EDGE_CURVE('',#4538,#4469,#4766,.T.);
#4766 = LINE('',#4767,#4768);
#4767 = CARTESIAN_POINT('',(89.15,1.8,63.11));
#4768 = VECTOR('',#4769,1.);
#4769 = DIRECTION('',(1.,0.,0.));
#4770 = ORIENTED_EDGE('',*,*,#4499,.T.);
#4771 = PLANE('',#4772);
#4772 = AXIS2_PLACEMENT_3D('',#4773,#4774,#4775);
#4773 = CARTESIAN_POINT('',(89.15,1.8,63.11));
#4774 = DIRECTION('',(0.,0.,1.));
#4775 = DIRECTION('',(1.,0.,0.));
#4776 = ADVANCED_FACE('',(#4777),#4788,.T.);
#4777 = FACE_BOUND('',#4778,.T.);
#4778 = EDGE_LOOP('',(#4779,#4780,#4781,#4787));
#4779 = ORIENTED_EDGE('',*,*,#4594,.F.);
#4780 = ORIENTED_EDGE('',*,*,#4699,.T.);
#4781 = ORIENTED_EDGE('',*,*,#4782,.F.);
#4782 = EDGE_CURVE('',#4619,#4700,#4783,.T.);
#4783 = LINE('',#4784,#4785);
#4784 = CARTESIAN_POINT('',(113.5,2.7,38.75));
#4785 = VECTOR('',#4786,1.);
#4786 = DIRECTION('',(0.,0.,1.));
#4787 = ORIENTED_EDGE('',*,*,#4626,.T.);
#4788 = PLANE('',#4789);
#4789 = AXIS2_PLACEMENT_3D('',#4790,#4791,#4792);
#4790 = CARTESIAN_POINT('',(113.5,-1.,38.75));
#4791 = DIRECTION('',(-1.,0.,0.));
#4792 = DIRECTION('',(0.,1.,0.));
#4793 = ADVANCED_FACE('',(#4794),#4812,.T.);
#4794 = FACE_BOUND('',#4795,.T.);
#4795 = EDGE_LOOP('',(#4796,#4797,#4805,#4811));
#4796 = ORIENTED_EDGE('',*,*,#4571,.F.);
#4797 = ORIENTED_EDGE('',*,*,#4798,.T.);
#4798 = EDGE_CURVE('',#4572,#4799,#4801,.T.);
#4799 = VERTEX_POINT('',#4800);
#4800 = CARTESIAN_POINT('',(113.2,2.4,27.45));
#4801 = LINE('',#4802,#4803);
#4802 = CARTESIAN_POINT('',(113.2,1.79,27.45));
#4803 = VECTOR('',#4804,1.);
#4804 = DIRECTION('',(0.,1.,0.));
#4805 = ORIENTED_EDGE('',*,*,#4806,.T.);
#4806 = EDGE_CURVE('',#4799,#4731,#4807,.T.);
#4807 = LINE('',#4808,#4809);
#4808 = CARTESIAN_POINT('',(113.2,2.4,27.45));
#4809 = VECTOR('',#4810,1.);
#4810 = DIRECTION('',(0.,0.,1.));
#4811 = ORIENTED_EDGE('',*,*,#4738,.T.);
#4812 = PLANE('',#4813);
#4813 = AXIS2_PLACEMENT_3D('',#4814,#4815,#4816);
#4814 = CARTESIAN_POINT('',(113.2,1.79,27.45));
#4815 = DIRECTION('',(1.,0.,0.));
#4816 = DIRECTION('',(0.,0.,1.));
#4817 = ADVANCED_FACE('',(#4818),#4829,.T.);
#4818 = FACE_BOUND('',#4819,.T.);
#4819 = EDGE_LOOP('',(#4820,#4821,#4822,#4828));
#4820 = ORIENTED_EDGE('',*,*,#4618,.T.);
#4821 = ORIENTED_EDGE('',*,*,#4782,.T.);
#4822 = ORIENTED_EDGE('',*,*,#4823,.T.);
#4823 = EDGE_CURVE('',#4700,#4675,#4824,.T.);
#4824 = LINE('',#4825,#4826);
#4825 = CARTESIAN_POINT('',(106.83333333333,9.366666666667,
    52.083333333333));
#4826 = VECTOR('',#4827,1.);
#4827 = DIRECTION('',(-0.57735026919,0.57735026919,-0.57735026919));
#4828 = ORIENTED_EDGE('',*,*,#4674,.T.);
#4829 = PLANE('',#4830);
#4830 = AXIS2_PLACEMENT_3D('',#4831,#4832,#4833);
#4831 = CARTESIAN_POINT('',(113.5,2.7,38.75));
#4832 = DIRECTION('',(-0.707106781187,-0.707106781187,0.));
#4833 = DIRECTION('',(-0.707106781187,0.707106781187,0.));
#4834 = ADVANCED_FACE('',(#4835),#4840,.F.);
#4835 = FACE_BOUND('',#4836,.F.);
#4836 = EDGE_LOOP('',(#4837,#4838,#4839));
#4837 = ORIENTED_EDGE('',*,*,#4683,.T.);
#4838 = ORIENTED_EDGE('',*,*,#4707,.T.);
#4839 = ORIENTED_EDGE('',*,*,#4823,.T.);
#4840 = PLANE('',#4841);
#4841 = AXIS2_PLACEMENT_3D('',#4842,#4843,#4844);
#4842 = CARTESIAN_POINT('',(93.5,2.7,58.75));
#4843 = DIRECTION('',(0.,0.707106781187,0.707106781187));
#4844 = DIRECTION('',(0.,0.707106781187,-0.707106781187));
#4845 = ADVANCED_FACE('',(#4846),#4864,.T.);
#4846 = FACE_BOUND('',#4847,.T.);
#4847 = EDGE_LOOP('',(#4848,#4856,#4862,#4863));
#4848 = ORIENTED_EDGE('',*,*,#4849,.F.);
#4849 = EDGE_CURVE('',#4850,#4799,#4852,.T.);
#4850 = VERTEX_POINT('',#4851);
#4851 = CARTESIAN_POINT('',(112.6,2.4,27.45));
#4852 = LINE('',#4853,#4854);
#4853 = CARTESIAN_POINT('',(112.6,2.4,27.45));
#4854 = VECTOR('',#4855,1.);
#4855 = DIRECTION('',(1.,0.,0.));
#4856 = ORIENTED_EDGE('',*,*,#4857,.T.);
#4857 = EDGE_CURVE('',#4850,#4723,#4858,.T.);
#4858 = LINE('',#4859,#4860);
#4859 = CARTESIAN_POINT('',(112.6,2.4,27.45));
#4860 = VECTOR('',#4861,1.);
#4861 = DIRECTION('',(0.,0.,1.));
#4862 = ORIENTED_EDGE('',*,*,#4730,.T.);
#4863 = ORIENTED_EDGE('',*,*,#4806,.F.);
#4864 = PLANE('',#4865);
#4865 = AXIS2_PLACEMENT_3D('',#4866,#4867,#4868);
#4866 = CARTESIAN_POINT('',(112.6,2.4,27.45));
#4867 = DIRECTION('',(0.,1.,0.));
#4868 = DIRECTION('',(0.,0.,1.));
#4869 = ADVANCED_FACE('',(#4870),#4888,.F.);
#4870 = FACE_BOUND('',#4871,.F.);
#4871 = EDGE_LOOP('',(#4872,#4880,#4886,#4887));
#4872 = ORIENTED_EDGE('',*,*,#4873,.F.);
#4873 = EDGE_CURVE('',#4874,#4715,#4876,.T.);
#4874 = VERTEX_POINT('',#4875);
#4875 = CARTESIAN_POINT('',(112.6,1.8,27.45));
#4876 = LINE('',#4877,#4878);
#4877 = CARTESIAN_POINT('',(112.6,1.8,30.1));
#4878 = VECTOR('',#4879,1.);
#4879 = DIRECTION('',(0.,0.,1.));
#4880 = ORIENTED_EDGE('',*,*,#4881,.T.);
#4881 = EDGE_CURVE('',#4874,#4850,#4882,.T.);
#4882 = LINE('',#4883,#4884);
#4883 = CARTESIAN_POINT('',(112.6,1.79,27.45));
#4884 = VECTOR('',#4885,1.);
#4885 = DIRECTION('',(0.,1.,0.));
#4886 = ORIENTED_EDGE('',*,*,#4857,.T.);
#4887 = ORIENTED_EDGE('',*,*,#4722,.T.);
#4888 = PLANE('',#4889);
#4889 = AXIS2_PLACEMENT_3D('',#4890,#4891,#4892);
#4890 = CARTESIAN_POINT('',(112.6,1.79,27.45));
#4891 = DIRECTION('',(1.,0.,0.));
#4892 = DIRECTION('',(0.,0.,1.));
#4893 = ADVANCED_FACE('',(#4894,#4906,#4918),#4956,.T.);
#4894 = FACE_BOUND('',#4895,.T.);
#4895 = EDGE_LOOP('',(#4896,#4897,#4898,#4899,#4900,#4901,#4902,#4903,
    #4904,#4905));
#4896 = ORIENTED_EDGE('',*,*,#1566,.F.);
#4897 = ORIENTED_EDGE('',*,*,#1525,.F.);
#4898 = ORIENTED_EDGE('',*,*,#2761,.F.);
#4899 = ORIENTED_EDGE('',*,*,#3474,.F.);
#4900 = ORIENTED_EDGE('',*,*,#3450,.F.);
#4901 = ORIENTED_EDGE('',*,*,#3459,.F.);
#4902 = ORIENTED_EDGE('',*,*,#3431,.F.);
#4903 = ORIENTED_EDGE('',*,*,#2392,.F.);
#4904 = ORIENTED_EDGE('',*,*,#2367,.F.);
#4905 = ORIENTED_EDGE('',*,*,#1372,.F.);
#4906 = FACE_BOUND('',#4907,.T.);
#4907 = EDGE_LOOP('',(#4908,#4909,#4910,#4911,#4912,#4913,#4914,#4915,
    #4916,#4917));
#4908 = ORIENTED_EDGE('',*,*,#3541,.F.);
#4909 = ORIENTED_EDGE('',*,*,#3807,.T.);
#4910 = ORIENTED_EDGE('',*,*,#3837,.F.);
#4911 = ORIENTED_EDGE('',*,*,#3515,.T.);
#4912 = ORIENTED_EDGE('',*,*,#3241,.F.);
#4913 = ORIENTED_EDGE('',*,*,#3862,.T.);
#4914 = ORIENTED_EDGE('',*,*,#3892,.F.);
#4915 = ORIENTED_EDGE('',*,*,#4634,.F.);
#4916 = ORIENTED_EDGE('',*,*,#4666,.T.);
#4917 = ORIENTED_EDGE('',*,*,#4484,.T.);
#4918 = FACE_BOUND('',#4919,.T.);
#4919 = EDGE_LOOP('',(#4920,#4931,#4940,#4949));
#4920 = ORIENTED_EDGE('',*,*,#4921,.F.);
#4921 = EDGE_CURVE('',#4922,#4924,#4926,.T.);
#4922 = VERTEX_POINT('',#4923);
#4923 = CARTESIAN_POINT('',(114.,12.6,59.9));
#4924 = VERTEX_POINT('',#4925);
#4925 = CARTESIAN_POINT('',(112.4,12.6,58.3));
#4926 = CIRCLE('',#4927,1.6);
#4927 = AXIS2_PLACEMENT_3D('',#4928,#4929,#4930);
#4928 = CARTESIAN_POINT('',(112.4,12.6,59.9));
#4929 = DIRECTION('',(0.,1.,0.));
#4930 = DIRECTION('',(0.,0.,1.));
#4931 = ORIENTED_EDGE('',*,*,#4932,.F.);
#4932 = EDGE_CURVE('',#4933,#4922,#4935,.T.);
#4933 = VERTEX_POINT('',#4934);
#4934 = CARTESIAN_POINT('',(112.4,12.6,61.5));
#4935 = CIRCLE('',#4936,1.6);
#4936 = AXIS2_PLACEMENT_3D('',#4937,#4938,#4939);
#4937 = CARTESIAN_POINT('',(112.4,12.6,59.9));
#4938 = DIRECTION('',(0.,1.,0.));
#4939 = DIRECTION('',(0.,0.,1.));
#4940 = ORIENTED_EDGE('',*,*,#4941,.F.);
#4941 = EDGE_CURVE('',#4942,#4933,#4944,.T.);
#4942 = VERTEX_POINT('',#4943);
#4943 = CARTESIAN_POINT('',(110.8,12.6,59.9));
#4944 = CIRCLE('',#4945,1.6);
#4945 = AXIS2_PLACEMENT_3D('',#4946,#4947,#4948);
#4946 = CARTESIAN_POINT('',(112.4,12.6,59.9));
#4947 = DIRECTION('',(0.,1.,0.));
#4948 = DIRECTION('',(0.,0.,1.));
#4949 = ORIENTED_EDGE('',*,*,#4950,.F.);
#4950 = EDGE_CURVE('',#4924,#4942,#4951,.T.);
#4951 = CIRCLE('',#4952,1.6);
#4952 = AXIS2_PLACEMENT_3D('',#4953,#4954,#4955);
#4953 = CARTESIAN_POINT('',(112.4,12.6,59.9));
#4954 = DIRECTION('',(0.,1.,0.));
#4955 = DIRECTION('',(0.,0.,1.));
#4956 = PLANE('',#4957);
#4957 = AXIS2_PLACEMENT_3D('',#4958,#4959,#4960);
#4958 = CARTESIAN_POINT('',(59.005352314164,12.6,32.752979631516));
#4959 = DIRECTION('',(0.,1.,0.));
#4960 = DIRECTION('',(0.,0.,1.));
#4961 = ADVANCED_FACE('',(#4962),#4984,.F.);
#4962 = FACE_BOUND('',#4963,.F.);
#4963 = EDGE_LOOP('',(#4964,#4965,#4973,#4980,#4981,#4982,#4983));
#4964 = ORIENTED_EDGE('',*,*,#4932,.F.);
#4965 = ORIENTED_EDGE('',*,*,#4966,.F.);
#4966 = EDGE_CURVE('',#4967,#4933,#4969,.T.);
#4967 = VERTEX_POINT('',#4968);
#4968 = CARTESIAN_POINT('',(112.4,9.3,61.5));
#4969 = LINE('',#4970,#4971);
#4970 = CARTESIAN_POINT('',(112.4,9.3,61.5));
#4971 = VECTOR('',#4972,1.);
#4972 = DIRECTION('',(0.,1.,0.));
#4973 = ORIENTED_EDGE('',*,*,#4974,.T.);
#4974 = EDGE_CURVE('',#4967,#4967,#4975,.T.);
#4975 = CIRCLE('',#4976,1.6);
#4976 = AXIS2_PLACEMENT_3D('',#4977,#4978,#4979);
#4977 = CARTESIAN_POINT('',(112.4,9.3,59.9));
#4978 = DIRECTION('',(0.,1.,0.));
#4979 = DIRECTION('',(0.,0.,1.));
#4980 = ORIENTED_EDGE('',*,*,#4966,.T.);
#4981 = ORIENTED_EDGE('',*,*,#4941,.F.);
#4982 = ORIENTED_EDGE('',*,*,#4950,.F.);
#4983 = ORIENTED_EDGE('',*,*,#4921,.F.);
#4984 = CYLINDRICAL_SURFACE('',#4985,1.6);
#4985 = AXIS2_PLACEMENT_3D('',#4986,#4987,#4988);
#4986 = CARTESIAN_POINT('',(112.4,9.3,59.9));
#4987 = DIRECTION('',(0.,1.,0.));
#4988 = DIRECTION('',(0.,0.,1.));
#4989 = ADVANCED_FACE('',(#4990,#4993),#5004,.T.);
#4990 = FACE_BOUND('',#4991,.T.);
#4991 = EDGE_LOOP('',(#4992));
#4992 = ORIENTED_EDGE('',*,*,#4974,.T.);
#4993 = FACE_BOUND('',#4994,.T.);
#4994 = EDGE_LOOP('',(#4995));
#4995 = ORIENTED_EDGE('',*,*,#4996,.F.);
#4996 = EDGE_CURVE('',#4997,#4997,#4999,.T.);
#4997 = VERTEX_POINT('',#4998);
#4998 = CARTESIAN_POINT('',(112.4,9.3,61.25));
#4999 = CIRCLE('',#5000,1.35);
#5000 = AXIS2_PLACEMENT_3D('',#5001,#5002,#5003);
#5001 = CARTESIAN_POINT('',(112.4,9.3,59.9));
#5002 = DIRECTION('',(0.,1.,0.));
#5003 = DIRECTION('',(0.,0.,1.));
#5004 = PLANE('',#5005);
#5005 = AXIS2_PLACEMENT_3D('',#5006,#5007,#5008);
#5006 = CARTESIAN_POINT('',(112.4,9.3,59.9));
#5007 = DIRECTION('',(0.,1.,0.));
#5008 = DIRECTION('',(0.,0.,1.));
#5009 = ADVANCED_FACE('',(#5010),#5029,.F.);
#5010 = FACE_BOUND('',#5011,.F.);
#5011 = EDGE_LOOP('',(#5012,#5013,#5021,#5028));
#5012 = ORIENTED_EDGE('',*,*,#4996,.F.);
#5013 = ORIENTED_EDGE('',*,*,#5014,.F.);
#5014 = EDGE_CURVE('',#5015,#4997,#5017,.T.);
#5015 = VERTEX_POINT('',#5016);
#5016 = CARTESIAN_POINT('',(112.4,6.8,61.25));
#5017 = LINE('',#5018,#5019);
#5018 = CARTESIAN_POINT('',(112.4,6.8,61.25));
#5019 = VECTOR('',#5020,1.);
#5020 = DIRECTION('',(0.,1.,0.));
#5021 = ORIENTED_EDGE('',*,*,#5022,.T.);
#5022 = EDGE_CURVE('',#5015,#5015,#5023,.T.);
#5023 = CIRCLE('',#5024,1.35);
#5024 = AXIS2_PLACEMENT_3D('',#5025,#5026,#5027);
#5025 = CARTESIAN_POINT('',(112.4,6.8,59.9));
#5026 = DIRECTION('',(0.,1.,0.));
#5027 = DIRECTION('',(0.,0.,1.));
#5028 = ORIENTED_EDGE('',*,*,#5014,.T.);
#5029 = CYLINDRICAL_SURFACE('',#5030,1.35);
#5030 = AXIS2_PLACEMENT_3D('',#5031,#5032,#5033);
#5031 = CARTESIAN_POINT('',(112.4,6.8,59.9));
#5032 = DIRECTION('',(0.,1.,0.));
#5033 = DIRECTION('',(0.,0.,1.));
#5034 = ADVANCED_FACE('',(#5035),#5038,.T.);
#5035 = FACE_BOUND('',#5036,.F.);
#5036 = EDGE_LOOP('',(#5037));
#5037 = ORIENTED_EDGE('',*,*,#5022,.F.);
#5038 = PLANE('',#5039);
#5039 = AXIS2_PLACEMENT_3D('',#5040,#5041,#5042);
#5040 = CARTESIAN_POINT('',(112.4,6.8,59.9));
#5041 = DIRECTION('',(0.,1.,0.));
#5042 = DIRECTION('',(0.,0.,1.));
#5043 = ADVANCED_FACE('',(#5044,#5099,#5109,#5119,#5122,#5150,#5178,
    #5206,#5209,#5220),#5231,.T.);
#5044 = FACE_BOUND('',#5045,.T.);
#5045 = EDGE_LOOP('',(#5046,#5047,#5048,#5049,#5050,#5051,#5052,#5053,
    #5061,#5069,#5077,#5085,#5091,#5092,#5093,#5094,#5095,#5096,#5097,
    #5098));
#5046 = ORIENTED_EDGE('',*,*,#3557,.F.);
#5047 = ORIENTED_EDGE('',*,*,#4537,.T.);
#5048 = ORIENTED_EDGE('',*,*,#4765,.T.);
#5049 = ORIENTED_EDGE('',*,*,#4466,.F.);
#5050 = ORIENTED_EDGE('',*,*,#4658,.F.);
#5051 = ORIENTED_EDGE('',*,*,#4714,.F.);
#5052 = ORIENTED_EDGE('',*,*,#4873,.F.);
#5053 = ORIENTED_EDGE('',*,*,#5054,.F.);
#5054 = EDGE_CURVE('',#5055,#4874,#5057,.T.);
#5055 = VERTEX_POINT('',#5056);
#5056 = CARTESIAN_POINT('',(95.35,1.8,27.45));
#5057 = LINE('',#5058,#5059);
#5058 = CARTESIAN_POINT('',(95.35,1.8,27.45));
#5059 = VECTOR('',#5060,1.);
#5060 = DIRECTION('',(1.,0.,0.));
#5061 = ORIENTED_EDGE('',*,*,#5062,.F.);
#5062 = EDGE_CURVE('',#5063,#5055,#5065,.T.);
#5063 = VERTEX_POINT('',#5064);
#5064 = CARTESIAN_POINT('',(95.35,1.8,21.));
#5065 = LINE('',#5066,#5067);
#5066 = CARTESIAN_POINT('',(95.35,1.8,21.));
#5067 = VECTOR('',#5068,1.);
#5068 = DIRECTION('',(0.,0.,1.));
#5069 = ORIENTED_EDGE('',*,*,#5070,.T.);
#5070 = EDGE_CURVE('',#5063,#5071,#5073,.T.);
#5071 = VERTEX_POINT('',#5072);
#5072 = CARTESIAN_POINT('',(96.55,1.8,21.));
#5073 = LINE('',#5074,#5075);
#5074 = CARTESIAN_POINT('',(95.35,1.8,21.));
#5075 = VECTOR('',#5076,1.);
#5076 = DIRECTION('',(1.,0.,0.));
#5077 = ORIENTED_EDGE('',*,*,#5078,.T.);
#5078 = EDGE_CURVE('',#5071,#5079,#5081,.T.);
#5079 = VERTEX_POINT('',#5080);
#5080 = CARTESIAN_POINT('',(96.55,1.8,25.25));
#5081 = LINE('',#5082,#5083);
#5082 = CARTESIAN_POINT('',(96.55,1.8,21.));
#5083 = VECTOR('',#5084,1.);
#5084 = DIRECTION('',(0.,0.,1.));
#5085 = ORIENTED_EDGE('',*,*,#5086,.T.);
#5086 = EDGE_CURVE('',#5079,#24,#5087,.T.);
#5087 = LINE('',#5088,#5089);
#5088 = CARTESIAN_POINT('',(95.35,1.8,25.25));
#5089 = VECTOR('',#5090,1.);
#5090 = DIRECTION('',(1.,0.,0.));
#5091 = ORIENTED_EDGE('',*,*,#21,.F.);
#5092 = ORIENTED_EDGE('',*,*,#62,.T.);
#5093 = ORIENTED_EDGE('',*,*,#3885,.F.);
#5094 = ORIENTED_EDGE('',*,*,#3852,.F.);
#5095 = ORIENTED_EDGE('',*,*,#3223,.F.);
#5096 = ORIENTED_EDGE('',*,*,#3498,.F.);
#5097 = ORIENTED_EDGE('',*,*,#3830,.F.);
#5098 = ORIENTED_EDGE('',*,*,#3797,.F.);
#5099 = FACE_BOUND('',#5100,.T.);
#5100 = EDGE_LOOP('',(#5101,#5102,#5103,#5104,#5105,#5106,#5107,#5108));
#5101 = ORIENTED_EDGE('',*,*,#2851,.T.);
#5102 = ORIENTED_EDGE('',*,*,#2795,.T.);
#5103 = ORIENTED_EDGE('',*,*,#2820,.T.);
#5104 = ORIENTED_EDGE('',*,*,#2868,.T.);
#5105 = ORIENTED_EDGE('',*,*,#2918,.T.);
#5106 = ORIENTED_EDGE('',*,*,#2966,.T.);
#5107 = ORIENTED_EDGE('',*,*,#2949,.T.);
#5108 = ORIENTED_EDGE('',*,*,#2900,.T.);
#5109 = FACE_BOUND('',#5110,.T.);
#5110 = EDGE_LOOP('',(#5111,#5112,#5113,#5114,#5115,#5116,#5117,#5118));
#5111 = ORIENTED_EDGE('',*,*,#3047,.T.);
#5112 = ORIENTED_EDGE('',*,*,#2991,.T.);
#5113 = ORIENTED_EDGE('',*,*,#3016,.T.);
#5114 = ORIENTED_EDGE('',*,*,#3064,.T.);
#5115 = ORIENTED_EDGE('',*,*,#3114,.T.);
#5116 = ORIENTED_EDGE('',*,*,#3162,.T.);
#5117 = ORIENTED_EDGE('',*,*,#3145,.T.);
#5118 = ORIENTED_EDGE('',*,*,#3096,.T.);
#5119 = FACE_BOUND('',#5120,.T.);
#5120 = EDGE_LOOP('',(#5121));
#5121 = ORIENTED_EDGE('',*,*,#2061,.F.);
#5122 = FACE_BOUND('',#5123,.T.);
#5123 = EDGE_LOOP('',(#5124,#5134,#5143));
#5124 = ORIENTED_EDGE('',*,*,#5125,.T.);
#5125 = EDGE_CURVE('',#5126,#5128,#5130,.T.);
#5126 = VERTEX_POINT('',#5127);
#5127 = CARTESIAN_POINT('',(10.7,1.8,55.611687604822));
#5128 = VERTEX_POINT('',#5129);
#5129 = CARTESIAN_POINT('',(10.7,1.8,58.928312395178));
#5130 = LINE('',#5131,#5132);
#5131 = CARTESIAN_POINT('',(10.7,1.8,42.51));
#5132 = VECTOR('',#5133,1.);
#5133 = DIRECTION('',(0.,0.,1.));
#5134 = ORIENTED_EDGE('',*,*,#5135,.F.);
#5135 = EDGE_CURVE('',#5136,#5128,#5138,.T.);
#5136 = VERTEX_POINT('',#5137);
#5137 = CARTESIAN_POINT('',(8.2,1.8,60.27));
#5138 = CIRCLE('',#5139,3.);
#5139 = AXIS2_PLACEMENT_3D('',#5140,#5141,#5142);
#5140 = CARTESIAN_POINT('',(8.2,1.8,57.27));
#5141 = DIRECTION('',(0.,1.,0.));
#5142 = DIRECTION('',(0.,0.,1.));
#5143 = ORIENTED_EDGE('',*,*,#5144,.F.);
#5144 = EDGE_CURVE('',#5126,#5136,#5145,.T.);
#5145 = CIRCLE('',#5146,3.);
#5146 = AXIS2_PLACEMENT_3D('',#5147,#5148,#5149);
#5147 = CARTESIAN_POINT('',(8.2,1.8,57.27));
#5148 = DIRECTION('',(0.,1.,0.));
#5149 = DIRECTION('',(0.,0.,1.));
#5150 = FACE_BOUND('',#5151,.T.);
#5151 = EDGE_LOOP('',(#5152,#5162,#5171));
#5152 = ORIENTED_EDGE('',*,*,#5153,.T.);
#5153 = EDGE_CURVE('',#5154,#5156,#5158,.T.);
#5154 = VERTEX_POINT('',#5155);
#5155 = CARTESIAN_POINT('',(10.7,1.8,6.571687604822));
#5156 = VERTEX_POINT('',#5157);
#5157 = CARTESIAN_POINT('',(10.7,1.8,9.888312395178));
#5158 = LINE('',#5159,#5160);
#5159 = CARTESIAN_POINT('',(10.7,1.8,17.99));
#5160 = VECTOR('',#5161,1.);
#5161 = DIRECTION('',(0.,0.,1.));
#5162 = ORIENTED_EDGE('',*,*,#5163,.F.);
#5163 = EDGE_CURVE('',#5164,#5156,#5166,.T.);
#5164 = VERTEX_POINT('',#5165);
#5165 = CARTESIAN_POINT('',(8.2,1.8,11.23));
#5166 = CIRCLE('',#5167,3.);
#5167 = AXIS2_PLACEMENT_3D('',#5168,#5169,#5170);
#5168 = CARTESIAN_POINT('',(8.2,1.8,8.23));
#5169 = DIRECTION('',(0.,1.,0.));
#5170 = DIRECTION('',(0.,0.,1.));
#5171 = ORIENTED_EDGE('',*,*,#5172,.F.);
#5172 = EDGE_CURVE('',#5154,#5164,#5173,.T.);
#5173 = CIRCLE('',#5174,3.);
#5174 = AXIS2_PLACEMENT_3D('',#5175,#5176,#5177);
#5175 = CARTESIAN_POINT('',(8.2,1.8,8.23));
#5176 = DIRECTION('',(0.,1.,0.));
#5177 = DIRECTION('',(0.,0.,1.));
#5178 = FACE_BOUND('',#5179,.T.);
#5179 = EDGE_LOOP('',(#5180,#5190,#5199));
#5180 = ORIENTED_EDGE('',*,*,#5181,.F.);
#5181 = EDGE_CURVE('',#5182,#5184,#5186,.T.);
#5182 = VERTEX_POINT('',#5183);
#5183 = CARTESIAN_POINT('',(89.,1.8,6.571687604822));
#5184 = VERTEX_POINT('',#5185);
#5185 = CARTESIAN_POINT('',(89.,1.8,9.888312395178));
#5186 = LINE('',#5187,#5188);
#5187 = CARTESIAN_POINT('',(89.,1.8,17.99));
#5188 = VECTOR('',#5189,1.);
#5189 = DIRECTION('',(0.,0.,1.));
#5190 = ORIENTED_EDGE('',*,*,#5191,.F.);
#5191 = EDGE_CURVE('',#5192,#5182,#5194,.T.);
#5192 = VERTEX_POINT('',#5193);
#5193 = CARTESIAN_POINT('',(91.5,1.8,11.23));
#5194 = CIRCLE('',#5195,3.);
#5195 = AXIS2_PLACEMENT_3D('',#5196,#5197,#5198);
#5196 = CARTESIAN_POINT('',(91.5,1.8,8.23));
#5197 = DIRECTION('',(0.,1.,0.));
#5198 = DIRECTION('',(0.,0.,1.));
#5199 = ORIENTED_EDGE('',*,*,#5200,.F.);
#5200 = EDGE_CURVE('',#5184,#5192,#5201,.T.);
#5201 = CIRCLE('',#5202,3.);
#5202 = AXIS2_PLACEMENT_3D('',#5203,#5204,#5205);
#5203 = CARTESIAN_POINT('',(91.5,1.8,8.23));
#5204 = DIRECTION('',(0.,1.,0.));
#5205 = DIRECTION('',(0.,0.,1.));
#5206 = FACE_BOUND('',#5207,.T.);
#5207 = EDGE_LOOP('',(#5208));
#5208 = ORIENTED_EDGE('',*,*,#4376,.F.);
#5209 = FACE_BOUND('',#5210,.T.);
#5210 = EDGE_LOOP('',(#5211));
#5211 = ORIENTED_EDGE('',*,*,#5212,.F.);
#5212 = EDGE_CURVE('',#5213,#5213,#5215,.T.);
#5213 = VERTEX_POINT('',#5214);
#5214 = CARTESIAN_POINT('',(101.,1.8,24.9));
#5215 = CIRCLE('',#5216,0.8);
#5216 = AXIS2_PLACEMENT_3D('',#5217,#5218,#5219);
#5217 = CARTESIAN_POINT('',(101.,1.8,24.1));
#5218 = DIRECTION('',(0.,1.,0.));
#5219 = DIRECTION('',(0.,0.,1.));
#5220 = FACE_BOUND('',#5221,.T.);
#5221 = EDGE_LOOP('',(#5222));
#5222 = ORIENTED_EDGE('',*,*,#5223,.F.);
#5223 = EDGE_CURVE('',#5224,#5224,#5226,.T.);
#5224 = VERTEX_POINT('',#5225);
#5225 = CARTESIAN_POINT('',(110.3,1.8,24.9));
#5226 = CIRCLE('',#5227,0.8);
#5227 = AXIS2_PLACEMENT_3D('',#5228,#5229,#5230);
#5228 = CARTESIAN_POINT('',(110.3,1.8,24.1));
#5229 = DIRECTION('',(0.,1.,0.));
#5230 = DIRECTION('',(0.,0.,1.));
#5231 = PLANE('',#5232);
#5232 = AXIS2_PLACEMENT_3D('',#5233,#5234,#5235);
#5233 = CARTESIAN_POINT('',(63.438302234414,1.8,31.658714087324));
#5234 = DIRECTION('',(0.,1.,0.));
#5235 = DIRECTION('',(0.,0.,1.));
#5236 = ADVANCED_FACE('',(#5237),#5262,.F.);
#5237 = FACE_BOUND('',#5238,.F.);
#5238 = EDGE_LOOP('',(#5239,#5247,#5248,#5256));
#5239 = ORIENTED_EDGE('',*,*,#5240,.F.);
#5240 = EDGE_CURVE('',#5063,#5241,#5243,.T.);
#5241 = VERTEX_POINT('',#5242);
#5242 = CARTESIAN_POINT('',(95.35,7.3,21.));
#5243 = LINE('',#5244,#5245);
#5244 = CARTESIAN_POINT('',(95.35,1.8,21.));
#5245 = VECTOR('',#5246,1.);
#5246 = DIRECTION('',(0.,1.,0.));
#5247 = ORIENTED_EDGE('',*,*,#5070,.T.);
#5248 = ORIENTED_EDGE('',*,*,#5249,.T.);
#5249 = EDGE_CURVE('',#5071,#5250,#5252,.T.);
#5250 = VERTEX_POINT('',#5251);
#5251 = CARTESIAN_POINT('',(96.55,7.3,21.));
#5252 = LINE('',#5253,#5254);
#5253 = CARTESIAN_POINT('',(96.55,1.8,21.));
#5254 = VECTOR('',#5255,1.);
#5255 = DIRECTION('',(0.,1.,0.));
#5256 = ORIENTED_EDGE('',*,*,#5257,.F.);
#5257 = EDGE_CURVE('',#5241,#5250,#5258,.T.);
#5258 = LINE('',#5259,#5260);
#5259 = CARTESIAN_POINT('',(95.35,7.3,21.));
#5260 = VECTOR('',#5261,1.);
#5261 = DIRECTION('',(1.,0.,0.));
#5262 = PLANE('',#5263);
#5263 = AXIS2_PLACEMENT_3D('',#5264,#5265,#5266);
#5264 = CARTESIAN_POINT('',(95.35,1.8,21.));
#5265 = DIRECTION('',(0.,0.,1.));
#5266 = DIRECTION('',(1.,0.,0.));
#5267 = ADVANCED_FACE('',(#5268),#5286,.T.);
#5268 = FACE_BOUND('',#5269,.T.);
#5269 = EDGE_LOOP('',(#5270,#5271,#5272,#5280));
#5270 = ORIENTED_EDGE('',*,*,#5078,.F.);
#5271 = ORIENTED_EDGE('',*,*,#5249,.T.);
#5272 = ORIENTED_EDGE('',*,*,#5273,.T.);
#5273 = EDGE_CURVE('',#5250,#5274,#5276,.T.);
#5274 = VERTEX_POINT('',#5275);
#5275 = CARTESIAN_POINT('',(96.55,7.3,25.25));
#5276 = LINE('',#5277,#5278);
#5277 = CARTESIAN_POINT('',(96.55,7.3,21.));
#5278 = VECTOR('',#5279,1.);
#5279 = DIRECTION('',(0.,0.,1.));
#5280 = ORIENTED_EDGE('',*,*,#5281,.T.);
#5281 = EDGE_CURVE('',#5274,#5079,#5282,.T.);
#5282 = LINE('',#5283,#5284);
#5283 = CARTESIAN_POINT('',(96.55,1.8,25.25));
#5284 = VECTOR('',#5285,1.);
#5285 = DIRECTION('',(0.,-1.,0.));
#5286 = PLANE('',#5287);
#5287 = AXIS2_PLACEMENT_3D('',#5288,#5289,#5290);
#5288 = CARTESIAN_POINT('',(96.55,1.8,21.));
#5289 = DIRECTION('',(1.,0.,0.));
#5290 = DIRECTION('',(0.,0.,1.));
#5291 = ADVANCED_FACE('',(#5292),#5317,.T.);
#5292 = FACE_BOUND('',#5293,.T.);
#5293 = EDGE_LOOP('',(#5294,#5302,#5303,#5311));
#5294 = ORIENTED_EDGE('',*,*,#5295,.F.);
#5295 = EDGE_CURVE('',#5128,#5296,#5298,.T.);
#5296 = VERTEX_POINT('',#5297);
#5297 = CARTESIAN_POINT('',(10.7,4.8,58.928312395178));
#5298 = LINE('',#5299,#5300);
#5299 = CARTESIAN_POINT('',(10.7,1.79,58.928312395178));
#5300 = VECTOR('',#5301,1.);
#5301 = DIRECTION('',(0.,1.,0.));
#5302 = ORIENTED_EDGE('',*,*,#5125,.F.);
#5303 = ORIENTED_EDGE('',*,*,#5304,.T.);
#5304 = EDGE_CURVE('',#5126,#5305,#5307,.T.);
#5305 = VERTEX_POINT('',#5306);
#5306 = CARTESIAN_POINT('',(10.7,4.8,55.611687604822));
#5307 = LINE('',#5308,#5309);
#5308 = CARTESIAN_POINT('',(10.7,1.79,55.611687604822));
#5309 = VECTOR('',#5310,1.);
#5310 = DIRECTION('',(0.,1.,0.));
#5311 = ORIENTED_EDGE('',*,*,#5312,.F.);
#5312 = EDGE_CURVE('',#5296,#5305,#5313,.T.);
#5313 = LINE('',#5314,#5315);
#5314 = CARTESIAN_POINT('',(10.7,4.8,54.77));
#5315 = VECTOR('',#5316,1.);
#5316 = DIRECTION('',(0.,0.,-1.));
#5317 = PLANE('',#5318);
#5318 = AXIS2_PLACEMENT_3D('',#5319,#5320,#5321);
#5319 = CARTESIAN_POINT('',(10.7,0.,52.27));
#5320 = DIRECTION('',(1.,0.,0.));
#5321 = DIRECTION('',(0.,0.,1.));
#5322 = ADVANCED_FACE('',(#5323,#5342),#5353,.T.);
#5323 = FACE_BOUND('',#5324,.T.);
#5324 = EDGE_LOOP('',(#5325,#5334,#5341));
#5325 = ORIENTED_EDGE('',*,*,#5326,.T.);
#5326 = EDGE_CURVE('',#5305,#5327,#5329,.T.);
#5327 = VERTEX_POINT('',#5328);
#5328 = CARTESIAN_POINT('',(8.2,4.8,60.27));
#5329 = CIRCLE('',#5330,3.);
#5330 = AXIS2_PLACEMENT_3D('',#5331,#5332,#5333);
#5331 = CARTESIAN_POINT('',(8.2,4.8,57.27));
#5332 = DIRECTION('',(0.,1.,0.));
#5333 = DIRECTION('',(0.,0.,1.));
#5334 = ORIENTED_EDGE('',*,*,#5335,.T.);
#5335 = EDGE_CURVE('',#5327,#5296,#5336,.T.);
#5336 = CIRCLE('',#5337,3.);
#5337 = AXIS2_PLACEMENT_3D('',#5338,#5339,#5340);
#5338 = CARTESIAN_POINT('',(8.2,4.8,57.27));
#5339 = DIRECTION('',(0.,1.,0.));
#5340 = DIRECTION('',(0.,0.,1.));
#5341 = ORIENTED_EDGE('',*,*,#5312,.T.);
#5342 = FACE_BOUND('',#5343,.T.);
#5343 = EDGE_LOOP('',(#5344));
#5344 = ORIENTED_EDGE('',*,*,#5345,.F.);
#5345 = EDGE_CURVE('',#5346,#5346,#5348,.T.);
#5346 = VERTEX_POINT('',#5347);
#5347 = CARTESIAN_POINT('',(8.2,4.8,58.87));
#5348 = CIRCLE('',#5349,1.6);
#5349 = AXIS2_PLACEMENT_3D('',#5350,#5351,#5352);
#5350 = CARTESIAN_POINT('',(8.2,4.8,57.27));
#5351 = DIRECTION('',(0.,1.,0.));
#5352 = DIRECTION('',(0.,0.,1.));
#5353 = PLANE('',#5354);
#5354 = AXIS2_PLACEMENT_3D('',#5355,#5356,#5357);
#5355 = CARTESIAN_POINT('',(8.2,4.8,57.27));
#5356 = DIRECTION('',(0.,1.,0.));
#5357 = DIRECTION('',(0.,0.,1.));
#5358 = ADVANCED_FACE('',(#5359),#5378,.F.);
#5359 = FACE_BOUND('',#5360,.F.);
#5360 = EDGE_LOOP('',(#5361,#5362,#5370,#5377));
#5361 = ORIENTED_EDGE('',*,*,#5345,.F.);
#5362 = ORIENTED_EDGE('',*,*,#5363,.F.);
#5363 = EDGE_CURVE('',#5364,#5346,#5366,.T.);
#5364 = VERTEX_POINT('',#5365);
#5365 = CARTESIAN_POINT('',(8.2,1.5,58.87));
#5366 = LINE('',#5367,#5368);
#5367 = CARTESIAN_POINT('',(8.2,1.5,58.87));
#5368 = VECTOR('',#5369,1.);
#5369 = DIRECTION('',(0.,1.,0.));
#5370 = ORIENTED_EDGE('',*,*,#5371,.T.);
#5371 = EDGE_CURVE('',#5364,#5364,#5372,.T.);
#5372 = CIRCLE('',#5373,1.6);
#5373 = AXIS2_PLACEMENT_3D('',#5374,#5375,#5376);
#5374 = CARTESIAN_POINT('',(8.2,1.5,57.27));
#5375 = DIRECTION('',(0.,1.,0.));
#5376 = DIRECTION('',(0.,0.,1.));
#5377 = ORIENTED_EDGE('',*,*,#5363,.T.);
#5378 = CYLINDRICAL_SURFACE('',#5379,1.6);
#5379 = AXIS2_PLACEMENT_3D('',#5380,#5381,#5382);
#5380 = CARTESIAN_POINT('',(8.2,1.5,57.27));
#5381 = DIRECTION('',(0.,1.,0.));
#5382 = DIRECTION('',(0.,0.,1.));
#5383 = ADVANCED_FACE('',(#5384),#5387,.T.);
#5384 = FACE_BOUND('',#5385,.F.);
#5385 = EDGE_LOOP('',(#5386));
#5386 = ORIENTED_EDGE('',*,*,#5371,.F.);
#5387 = PLANE('',#5388);
#5388 = AXIS2_PLACEMENT_3D('',#5389,#5390,#5391);
#5389 = CARTESIAN_POINT('',(8.2,1.5,57.27));
#5390 = DIRECTION('',(0.,1.,0.));
#5391 = DIRECTION('',(0.,0.,1.));
#5392 = ADVANCED_FACE('',(#5393),#5418,.T.);
#5393 = FACE_BOUND('',#5394,.T.);
#5394 = EDGE_LOOP('',(#5395,#5403,#5404,#5412));
#5395 = ORIENTED_EDGE('',*,*,#5396,.F.);
#5396 = EDGE_CURVE('',#5156,#5397,#5399,.T.);
#5397 = VERTEX_POINT('',#5398);
#5398 = CARTESIAN_POINT('',(10.7,4.8,9.888312395178));
#5399 = LINE('',#5400,#5401);
#5400 = CARTESIAN_POINT('',(10.7,1.79,9.888312395178));
#5401 = VECTOR('',#5402,1.);
#5402 = DIRECTION('',(0.,1.,0.));
#5403 = ORIENTED_EDGE('',*,*,#5153,.F.);
#5404 = ORIENTED_EDGE('',*,*,#5405,.T.);
#5405 = EDGE_CURVE('',#5154,#5406,#5408,.T.);
#5406 = VERTEX_POINT('',#5407);
#5407 = CARTESIAN_POINT('',(10.7,4.8,6.571687604822));
#5408 = LINE('',#5409,#5410);
#5409 = CARTESIAN_POINT('',(10.7,1.79,6.571687604822));
#5410 = VECTOR('',#5411,1.);
#5411 = DIRECTION('',(0.,1.,0.));
#5412 = ORIENTED_EDGE('',*,*,#5413,.F.);
#5413 = EDGE_CURVE('',#5397,#5406,#5414,.T.);
#5414 = LINE('',#5415,#5416);
#5415 = CARTESIAN_POINT('',(10.7,4.8,5.73));
#5416 = VECTOR('',#5417,1.);
#5417 = DIRECTION('',(0.,0.,-1.));
#5418 = PLANE('',#5419);
#5419 = AXIS2_PLACEMENT_3D('',#5420,#5421,#5422);
#5420 = CARTESIAN_POINT('',(10.7,0.,3.23));
#5421 = DIRECTION('',(1.,0.,0.));
#5422 = DIRECTION('',(0.,0.,1.));
#5423 = ADVANCED_FACE('',(#5424,#5443),#5454,.T.);
#5424 = FACE_BOUND('',#5425,.T.);
#5425 = EDGE_LOOP('',(#5426,#5435,#5442));
#5426 = ORIENTED_EDGE('',*,*,#5427,.T.);
#5427 = EDGE_CURVE('',#5406,#5428,#5430,.T.);
#5428 = VERTEX_POINT('',#5429);
#5429 = CARTESIAN_POINT('',(8.2,4.8,11.23));
#5430 = CIRCLE('',#5431,3.);
#5431 = AXIS2_PLACEMENT_3D('',#5432,#5433,#5434);
#5432 = CARTESIAN_POINT('',(8.2,4.8,8.23));
#5433 = DIRECTION('',(0.,1.,0.));
#5434 = DIRECTION('',(0.,0.,1.));
#5435 = ORIENTED_EDGE('',*,*,#5436,.T.);
#5436 = EDGE_CURVE('',#5428,#5397,#5437,.T.);
#5437 = CIRCLE('',#5438,3.);
#5438 = AXIS2_PLACEMENT_3D('',#5439,#5440,#5441);
#5439 = CARTESIAN_POINT('',(8.2,4.8,8.23));
#5440 = DIRECTION('',(0.,1.,0.));
#5441 = DIRECTION('',(0.,0.,1.));
#5442 = ORIENTED_EDGE('',*,*,#5413,.T.);
#5443 = FACE_BOUND('',#5444,.T.);
#5444 = EDGE_LOOP('',(#5445));
#5445 = ORIENTED_EDGE('',*,*,#5446,.F.);
#5446 = EDGE_CURVE('',#5447,#5447,#5449,.T.);
#5447 = VERTEX_POINT('',#5448);
#5448 = CARTESIAN_POINT('',(8.2,4.8,9.83));
#5449 = CIRCLE('',#5450,1.6);
#5450 = AXIS2_PLACEMENT_3D('',#5451,#5452,#5453);
#5451 = CARTESIAN_POINT('',(8.2,4.8,8.23));
#5452 = DIRECTION('',(0.,1.,0.));
#5453 = DIRECTION('',(0.,0.,1.));
#5454 = PLANE('',#5455);
#5455 = AXIS2_PLACEMENT_3D('',#5456,#5457,#5458);
#5456 = CARTESIAN_POINT('',(8.2,4.8,8.23));
#5457 = DIRECTION('',(0.,1.,0.));
#5458 = DIRECTION('',(0.,0.,1.));
#5459 = ADVANCED_FACE('',(#5460),#5479,.F.);
#5460 = FACE_BOUND('',#5461,.F.);
#5461 = EDGE_LOOP('',(#5462,#5463,#5471,#5478));
#5462 = ORIENTED_EDGE('',*,*,#5446,.F.);
#5463 = ORIENTED_EDGE('',*,*,#5464,.F.);
#5464 = EDGE_CURVE('',#5465,#5447,#5467,.T.);
#5465 = VERTEX_POINT('',#5466);
#5466 = CARTESIAN_POINT('',(8.2,1.5,9.83));
#5467 = LINE('',#5468,#5469);
#5468 = CARTESIAN_POINT('',(8.2,1.5,9.83));
#5469 = VECTOR('',#5470,1.);
#5470 = DIRECTION('',(0.,1.,0.));
#5471 = ORIENTED_EDGE('',*,*,#5472,.T.);
#5472 = EDGE_CURVE('',#5465,#5465,#5473,.T.);
#5473 = CIRCLE('',#5474,1.6);
#5474 = AXIS2_PLACEMENT_3D('',#5475,#5476,#5477);
#5475 = CARTESIAN_POINT('',(8.2,1.5,8.23));
#5476 = DIRECTION('',(0.,1.,0.));
#5477 = DIRECTION('',(0.,0.,1.));
#5478 = ORIENTED_EDGE('',*,*,#5464,.T.);
#5479 = CYLINDRICAL_SURFACE('',#5480,1.6);
#5480 = AXIS2_PLACEMENT_3D('',#5481,#5482,#5483);
#5481 = CARTESIAN_POINT('',(8.2,1.5,8.23));
#5482 = DIRECTION('',(0.,1.,0.));
#5483 = DIRECTION('',(0.,0.,1.));
#5484 = ADVANCED_FACE('',(#5485),#5488,.T.);
#5485 = FACE_BOUND('',#5486,.F.);
#5486 = EDGE_LOOP('',(#5487));
#5487 = ORIENTED_EDGE('',*,*,#5472,.F.);
#5488 = PLANE('',#5489);
#5489 = AXIS2_PLACEMENT_3D('',#5490,#5491,#5492);
#5490 = CARTESIAN_POINT('',(8.2,1.5,8.23));
#5491 = DIRECTION('',(0.,1.,0.));
#5492 = DIRECTION('',(0.,0.,1.));
#5493 = ADVANCED_FACE('',(#5494),#5519,.F.);
#5494 = FACE_BOUND('',#5495,.F.);
#5495 = EDGE_LOOP('',(#5496,#5504,#5505,#5513));
#5496 = ORIENTED_EDGE('',*,*,#5497,.F.);
#5497 = EDGE_CURVE('',#5184,#5498,#5500,.T.);
#5498 = VERTEX_POINT('',#5499);
#5499 = CARTESIAN_POINT('',(89.,4.8,9.888312395178));
#5500 = LINE('',#5501,#5502);
#5501 = CARTESIAN_POINT('',(89.,1.79,9.888312395178));
#5502 = VECTOR('',#5503,1.);
#5503 = DIRECTION('',(0.,1.,0.));
#5504 = ORIENTED_EDGE('',*,*,#5181,.F.);
#5505 = ORIENTED_EDGE('',*,*,#5506,.T.);
#5506 = EDGE_CURVE('',#5182,#5507,#5509,.T.);
#5507 = VERTEX_POINT('',#5508);
#5508 = CARTESIAN_POINT('',(89.,4.8,6.571687604822));
#5509 = LINE('',#5510,#5511);
#5510 = CARTESIAN_POINT('',(89.,1.79,6.571687604822));
#5511 = VECTOR('',#5512,1.);
#5512 = DIRECTION('',(0.,1.,0.));
#5513 = ORIENTED_EDGE('',*,*,#5514,.F.);
#5514 = EDGE_CURVE('',#5498,#5507,#5515,.T.);
#5515 = LINE('',#5516,#5517);
#5516 = CARTESIAN_POINT('',(89.,4.8,5.73));
#5517 = VECTOR('',#5518,1.);
#5518 = DIRECTION('',(0.,0.,-1.));
#5519 = PLANE('',#5520);
#5520 = AXIS2_PLACEMENT_3D('',#5521,#5522,#5523);
#5521 = CARTESIAN_POINT('',(89.,0.,3.23));
#5522 = DIRECTION('',(1.,0.,0.));
#5523 = DIRECTION('',(0.,0.,1.));
#5524 = ADVANCED_FACE('',(#5525,#5544),#5555,.T.);
#5525 = FACE_BOUND('',#5526,.T.);
#5526 = EDGE_LOOP('',(#5527,#5536,#5543));
#5527 = ORIENTED_EDGE('',*,*,#5528,.T.);
#5528 = EDGE_CURVE('',#5498,#5529,#5531,.T.);
#5529 = VERTEX_POINT('',#5530);
#5530 = CARTESIAN_POINT('',(91.5,4.8,11.23));
#5531 = CIRCLE('',#5532,3.);
#5532 = AXIS2_PLACEMENT_3D('',#5533,#5534,#5535);
#5533 = CARTESIAN_POINT('',(91.5,4.8,8.23));
#5534 = DIRECTION('',(0.,1.,0.));
#5535 = DIRECTION('',(0.,0.,1.));
#5536 = ORIENTED_EDGE('',*,*,#5537,.T.);
#5537 = EDGE_CURVE('',#5529,#5507,#5538,.T.);
#5538 = CIRCLE('',#5539,3.);
#5539 = AXIS2_PLACEMENT_3D('',#5540,#5541,#5542);
#5540 = CARTESIAN_POINT('',(91.5,4.8,8.23));
#5541 = DIRECTION('',(0.,1.,0.));
#5542 = DIRECTION('',(0.,0.,1.));
#5543 = ORIENTED_EDGE('',*,*,#5514,.F.);
#5544 = FACE_BOUND('',#5545,.T.);
#5545 = EDGE_LOOP('',(#5546));
#5546 = ORIENTED_EDGE('',*,*,#5547,.F.);
#5547 = EDGE_CURVE('',#5548,#5548,#5550,.T.);
#5548 = VERTEX_POINT('',#5549);
#5549 = CARTESIAN_POINT('',(91.5,4.8,9.83));
#5550 = CIRCLE('',#5551,1.6);
#5551 = AXIS2_PLACEMENT_3D('',#5552,#5553,#5554);
#5552 = CARTESIAN_POINT('',(91.5,4.8,8.23));
#5553 = DIRECTION('',(0.,1.,0.));
#5554 = DIRECTION('',(0.,0.,1.));
#5555 = PLANE('',#5556);
#5556 = AXIS2_PLACEMENT_3D('',#5557,#5558,#5559);
#5557 = CARTESIAN_POINT('',(91.5,4.8,8.23));
#5558 = DIRECTION('',(0.,1.,0.));
#5559 = DIRECTION('',(0.,0.,1.));
#5560 = ADVANCED_FACE('',(#5561),#5580,.F.);
#5561 = FACE_BOUND('',#5562,.F.);
#5562 = EDGE_LOOP('',(#5563,#5564,#5572,#5579));
#5563 = ORIENTED_EDGE('',*,*,#5547,.F.);
#5564 = ORIENTED_EDGE('',*,*,#5565,.F.);
#5565 = EDGE_CURVE('',#5566,#5548,#5568,.T.);
#5566 = VERTEX_POINT('',#5567);
#5567 = CARTESIAN_POINT('',(91.5,1.5,9.83));
#5568 = LINE('',#5569,#5570);
#5569 = CARTESIAN_POINT('',(91.5,1.5,9.83));
#5570 = VECTOR('',#5571,1.);
#5571 = DIRECTION('',(0.,1.,0.));
#5572 = ORIENTED_EDGE('',*,*,#5573,.T.);
#5573 = EDGE_CURVE('',#5566,#5566,#5574,.T.);
#5574 = CIRCLE('',#5575,1.6);
#5575 = AXIS2_PLACEMENT_3D('',#5576,#5577,#5578);
#5576 = CARTESIAN_POINT('',(91.5,1.5,8.23));
#5577 = DIRECTION('',(0.,1.,0.));
#5578 = DIRECTION('',(0.,0.,1.));
#5579 = ORIENTED_EDGE('',*,*,#5565,.T.);
#5580 = CYLINDRICAL_SURFACE('',#5581,1.6);
#5581 = AXIS2_PLACEMENT_3D('',#5582,#5583,#5584);
#5582 = CARTESIAN_POINT('',(91.5,1.5,8.23));
#5583 = DIRECTION('',(0.,1.,0.));
#5584 = DIRECTION('',(0.,0.,1.));
#5585 = ADVANCED_FACE('',(#5586),#5589,.T.);
#5586 = FACE_BOUND('',#5587,.F.);
#5587 = EDGE_LOOP('',(#5588));
#5588 = ORIENTED_EDGE('',*,*,#5573,.F.);
#5589 = PLANE('',#5590);
#5590 = AXIS2_PLACEMENT_3D('',#5591,#5592,#5593);
#5591 = CARTESIAN_POINT('',(91.5,1.5,8.23));
#5592 = DIRECTION('',(0.,1.,0.));
#5593 = DIRECTION('',(0.,0.,1.));
#5594 = ADVANCED_FACE('',(#5595),#5614,.T.);
#5595 = FACE_BOUND('',#5596,.T.);
#5596 = EDGE_LOOP('',(#5597,#5606,#5612,#5613));
#5597 = ORIENTED_EDGE('',*,*,#5598,.F.);
#5598 = EDGE_CURVE('',#5599,#5599,#5601,.T.);
#5599 = VERTEX_POINT('',#5600);
#5600 = CARTESIAN_POINT('',(101.,5.8,24.9));
#5601 = CIRCLE('',#5602,0.8);
#5602 = AXIS2_PLACEMENT_3D('',#5603,#5604,#5605);
#5603 = CARTESIAN_POINT('',(101.,5.8,24.1));
#5604 = DIRECTION('',(0.,1.,0.));
#5605 = DIRECTION('',(0.,0.,1.));
#5606 = ORIENTED_EDGE('',*,*,#5607,.F.);
#5607 = EDGE_CURVE('',#5213,#5599,#5608,.T.);
#5608 = LINE('',#5609,#5610);
#5609 = CARTESIAN_POINT('',(101.,1.8,24.9));
#5610 = VECTOR('',#5611,1.);
#5611 = DIRECTION('',(0.,1.,0.));
#5612 = ORIENTED_EDGE('',*,*,#5212,.T.);
#5613 = ORIENTED_EDGE('',*,*,#5607,.T.);
#5614 = CYLINDRICAL_SURFACE('',#5615,0.8);
#5615 = AXIS2_PLACEMENT_3D('',#5616,#5617,#5618);
#5616 = CARTESIAN_POINT('',(101.,1.8,24.1));
#5617 = DIRECTION('',(0.,1.,0.));
#5618 = DIRECTION('',(0.,0.,1.));
#5619 = ADVANCED_FACE('',(#5620),#5623,.T.);
#5620 = FACE_BOUND('',#5621,.T.);
#5621 = EDGE_LOOP('',(#5622));
#5622 = ORIENTED_EDGE('',*,*,#5598,.T.);
#5623 = PLANE('',#5624);
#5624 = AXIS2_PLACEMENT_3D('',#5625,#5626,#5627);
#5625 = CARTESIAN_POINT('',(101.,5.8,24.1));
#5626 = DIRECTION('',(0.,1.,0.));
#5627 = DIRECTION('',(0.,0.,1.));
#5628 = ADVANCED_FACE('',(#5629),#5648,.T.);
#5629 = FACE_BOUND('',#5630,.T.);
#5630 = EDGE_LOOP('',(#5631,#5640,#5646,#5647));
#5631 = ORIENTED_EDGE('',*,*,#5632,.F.);
#5632 = EDGE_CURVE('',#5633,#5633,#5635,.T.);
#5633 = VERTEX_POINT('',#5634);
#5634 = CARTESIAN_POINT('',(110.3,5.8,24.9));
#5635 = CIRCLE('',#5636,0.8);
#5636 = AXIS2_PLACEMENT_3D('',#5637,#5638,#5639);
#5637 = CARTESIAN_POINT('',(110.3,5.8,24.1));
#5638 = DIRECTION('',(0.,1.,0.));
#5639 = DIRECTION('',(0.,0.,1.));
#5640 = ORIENTED_EDGE('',*,*,#5641,.F.);
#5641 = EDGE_CURVE('',#5224,#5633,#5642,.T.);
#5642 = LINE('',#5643,#5644);
#5643 = CARTESIAN_POINT('',(110.3,1.8,24.9));
#5644 = VECTOR('',#5645,1.);
#5645 = DIRECTION('',(0.,1.,0.));
#5646 = ORIENTED_EDGE('',*,*,#5223,.T.);
#5647 = ORIENTED_EDGE('',*,*,#5641,.T.);
#5648 = CYLINDRICAL_SURFACE('',#5649,0.8);
#5649 = AXIS2_PLACEMENT_3D('',#5650,#5651,#5652);
#5650 = CARTESIAN_POINT('',(110.3,1.8,24.1));
#5651 = DIRECTION('',(0.,1.,0.));
#5652 = DIRECTION('',(0.,0.,1.));
#5653 = ADVANCED_FACE('',(#5654),#5657,.T.);
#5654 = FACE_BOUND('',#5655,.T.);
#5655 = EDGE_LOOP('',(#5656));
#5656 = ORIENTED_EDGE('',*,*,#5632,.T.);
#5657 = PLANE('',#5658);
#5658 = AXIS2_PLACEMENT_3D('',#5659,#5660,#5661);
#5659 = CARTESIAN_POINT('',(110.3,5.8,24.1));
#5660 = DIRECTION('',(0.,1.,0.));
#5661 = DIRECTION('',(0.,0.,1.));
#5662 = ADVANCED_FACE('',(#5663),#5681,.F.);
#5663 = FACE_BOUND('',#5664,.T.);
#5664 = EDGE_LOOP('',(#5665,#5666,#5674,#5680));
#5665 = ORIENTED_EDGE('',*,*,#5062,.T.);
#5666 = ORIENTED_EDGE('',*,*,#5667,.T.);
#5667 = EDGE_CURVE('',#5055,#5668,#5670,.T.);
#5668 = VERTEX_POINT('',#5669);
#5669 = CARTESIAN_POINT('',(95.35,7.3,27.45));
#5670 = LINE('',#5671,#5672);
#5671 = CARTESIAN_POINT('',(95.35,1.8,27.45));
#5672 = VECTOR('',#5673,1.);
#5673 = DIRECTION('',(0.,1.,0.));
#5674 = ORIENTED_EDGE('',*,*,#5675,.F.);
#5675 = EDGE_CURVE('',#5241,#5668,#5676,.T.);
#5676 = LINE('',#5677,#5678);
#5677 = CARTESIAN_POINT('',(95.35,7.3,21.));
#5678 = VECTOR('',#5679,1.);
#5679 = DIRECTION('',(0.,0.,1.));
#5680 = ORIENTED_EDGE('',*,*,#5240,.F.);
#5681 = PLANE('',#5682);
#5682 = AXIS2_PLACEMENT_3D('',#5683,#5684,#5685);
#5683 = CARTESIAN_POINT('',(95.35,1.8,21.));
#5684 = DIRECTION('',(1.,0.,0.));
#5685 = DIRECTION('',(0.,0.,1.));
#5686 = ADVANCED_FACE('',(#5687),#5730,.T.);
#5687 = FACE_BOUND('',#5688,.T.);
#5688 = EDGE_LOOP('',(#5689,#5690,#5698,#5706,#5714,#5722,#5728,#5729));
#5689 = ORIENTED_EDGE('',*,*,#5281,.F.);
#5690 = ORIENTED_EDGE('',*,*,#5691,.T.);
#5691 = EDGE_CURVE('',#5274,#5692,#5694,.T.);
#5692 = VERTEX_POINT('',#5693);
#5693 = CARTESIAN_POINT('',(100.7,7.3,25.25));
#5694 = LINE('',#5695,#5696);
#5695 = CARTESIAN_POINT('',(95.35,7.3,25.25));
#5696 = VECTOR('',#5697,1.);
#5697 = DIRECTION('',(1.,0.,0.));
#5698 = ORIENTED_EDGE('',*,*,#5699,.T.);
#5699 = EDGE_CURVE('',#5692,#5700,#5702,.T.);
#5700 = VERTEX_POINT('',#5701);
#5701 = CARTESIAN_POINT('',(100.7,7.7,25.25));
#5702 = LINE('',#5703,#5704);
#5703 = CARTESIAN_POINT('',(100.7,1.8,25.25));
#5704 = VECTOR('',#5705,1.);
#5705 = DIRECTION('',(0.,1.,0.));
#5706 = ORIENTED_EDGE('',*,*,#5707,.T.);
#5707 = EDGE_CURVE('',#5700,#5708,#5710,.T.);
#5708 = VERTEX_POINT('',#5709);
#5709 = CARTESIAN_POINT('',(110.6,7.7,25.25));
#5710 = LINE('',#5711,#5712);
#5711 = CARTESIAN_POINT('',(100.7,7.7,25.25));
#5712 = VECTOR('',#5713,1.);
#5713 = DIRECTION('',(1.,0.,0.));
#5714 = ORIENTED_EDGE('',*,*,#5715,.F.);
#5715 = EDGE_CURVE('',#5716,#5708,#5718,.T.);
#5716 = VERTEX_POINT('',#5717);
#5717 = CARTESIAN_POINT('',(110.6,7.3,25.25));
#5718 = LINE('',#5719,#5720);
#5719 = CARTESIAN_POINT('',(110.6,1.8,25.25));
#5720 = VECTOR('',#5721,1.);
#5721 = DIRECTION('',(0.,1.,0.));
#5722 = ORIENTED_EDGE('',*,*,#5723,.T.);
#5723 = EDGE_CURVE('',#5716,#40,#5724,.T.);
#5724 = LINE('',#5725,#5726);
#5725 = CARTESIAN_POINT('',(95.35,7.3,25.25));
#5726 = VECTOR('',#5727,1.);
#5727 = DIRECTION('',(1.,0.,0.));
#5728 = ORIENTED_EDGE('',*,*,#47,.T.);
#5729 = ORIENTED_EDGE('',*,*,#5086,.F.);
#5730 = PLANE('',#5731);
#5731 = AXIS2_PLACEMENT_3D('',#5732,#5733,#5734);
#5732 = CARTESIAN_POINT('',(105.65,4.68112033195,25.25));
#5733 = DIRECTION('',(-0.,-0.,-1.));
#5734 = DIRECTION('',(-1.,0.,0.));
#5735 = ADVANCED_FACE('',(#5736),#5761,.F.);
#5736 = FACE_BOUND('',#5737,.F.);
#5737 = EDGE_LOOP('',(#5738,#5746,#5747,#5755));
#5738 = ORIENTED_EDGE('',*,*,#5739,.F.);
#5739 = EDGE_CURVE('',#5692,#5740,#5742,.T.);
#5740 = VERTEX_POINT('',#5741);
#5741 = CARTESIAN_POINT('',(100.7,7.3,27.45));
#5742 = LINE('',#5743,#5744);
#5743 = CARTESIAN_POINT('',(100.7,7.3,25.25));
#5744 = VECTOR('',#5745,1.);
#5745 = DIRECTION('',(0.,0.,1.));
#5746 = ORIENTED_EDGE('',*,*,#5699,.T.);
#5747 = ORIENTED_EDGE('',*,*,#5748,.T.);
#5748 = EDGE_CURVE('',#5700,#5749,#5751,.T.);
#5749 = VERTEX_POINT('',#5750);
#5750 = CARTESIAN_POINT('',(100.7,7.7,27.45));
#5751 = LINE('',#5752,#5753);
#5752 = CARTESIAN_POINT('',(100.7,7.7,25.25));
#5753 = VECTOR('',#5754,1.);
#5754 = DIRECTION('',(0.,0.,1.));
#5755 = ORIENTED_EDGE('',*,*,#5756,.F.);
#5756 = EDGE_CURVE('',#5740,#5749,#5757,.T.);
#5757 = LINE('',#5758,#5759);
#5758 = CARTESIAN_POINT('',(100.7,1.8,27.45));
#5759 = VECTOR('',#5760,1.);
#5760 = DIRECTION('',(0.,1.,0.));
#5761 = PLANE('',#5762);
#5762 = AXIS2_PLACEMENT_3D('',#5763,#5764,#5765);
#5763 = CARTESIAN_POINT('',(100.7,1.8,25.25));
#5764 = DIRECTION('',(1.,0.,0.));
#5765 = DIRECTION('',(0.,0.,1.));
#5766 = ADVANCED_FACE('',(#5767),#5785,.T.);
#5767 = FACE_BOUND('',#5768,.T.);
#5768 = EDGE_LOOP('',(#5769,#5770,#5771,#5779));
#5769 = ORIENTED_EDGE('',*,*,#5707,.F.);
#5770 = ORIENTED_EDGE('',*,*,#5748,.T.);
#5771 = ORIENTED_EDGE('',*,*,#5772,.T.);
#5772 = EDGE_CURVE('',#5749,#5773,#5775,.T.);
#5773 = VERTEX_POINT('',#5774);
#5774 = CARTESIAN_POINT('',(110.6,7.7,27.45));
#5775 = LINE('',#5776,#5777);
#5776 = CARTESIAN_POINT('',(100.7,7.7,27.45));
#5777 = VECTOR('',#5778,1.);
#5778 = DIRECTION('',(1.,0.,0.));
#5779 = ORIENTED_EDGE('',*,*,#5780,.F.);
#5780 = EDGE_CURVE('',#5708,#5773,#5781,.T.);
#5781 = LINE('',#5782,#5783);
#5782 = CARTESIAN_POINT('',(110.6,7.7,25.25));
#5783 = VECTOR('',#5784,1.);
#5784 = DIRECTION('',(0.,0.,1.));
#5785 = PLANE('',#5786);
#5786 = AXIS2_PLACEMENT_3D('',#5787,#5788,#5789);
#5787 = CARTESIAN_POINT('',(100.7,7.7,25.25));
#5788 = DIRECTION('',(0.,1.,0.));
#5789 = DIRECTION('',(0.,0.,1.));
#5790 = ADVANCED_FACE('',(#5791),#5809,.T.);
#5791 = FACE_BOUND('',#5792,.T.);
#5792 = EDGE_LOOP('',(#5793,#5801,#5802,#5803));
#5793 = ORIENTED_EDGE('',*,*,#5794,.F.);
#5794 = EDGE_CURVE('',#5716,#5795,#5797,.T.);
#5795 = VERTEX_POINT('',#5796);
#5796 = CARTESIAN_POINT('',(110.6,7.3,27.45));
#5797 = LINE('',#5798,#5799);
#5798 = CARTESIAN_POINT('',(110.6,7.3,25.25));
#5799 = VECTOR('',#5800,1.);
#5800 = DIRECTION('',(0.,0.,1.));
#5801 = ORIENTED_EDGE('',*,*,#5715,.T.);
#5802 = ORIENTED_EDGE('',*,*,#5780,.T.);
#5803 = ORIENTED_EDGE('',*,*,#5804,.F.);
#5804 = EDGE_CURVE('',#5795,#5773,#5805,.T.);
#5805 = LINE('',#5806,#5807);
#5806 = CARTESIAN_POINT('',(110.6,1.8,27.45));
#5807 = VECTOR('',#5808,1.);
#5808 = DIRECTION('',(0.,1.,0.));
#5809 = PLANE('',#5810);
#5810 = AXIS2_PLACEMENT_3D('',#5811,#5812,#5813);
#5811 = CARTESIAN_POINT('',(110.6,1.8,25.25));
#5812 = DIRECTION('',(1.,0.,0.));
#5813 = DIRECTION('',(0.,0.,1.));
#5814 = ADVANCED_FACE('',(#5815),#5828,.T.);
#5815 = FACE_BOUND('',#5816,.T.);
#5816 = EDGE_LOOP('',(#5817,#5818,#5819,#5820,#5821,#5827));
#5817 = ORIENTED_EDGE('',*,*,#78,.F.);
#5818 = ORIENTED_EDGE('',*,*,#39,.T.);
#5819 = ORIENTED_EDGE('',*,*,#5723,.F.);
#5820 = ORIENTED_EDGE('',*,*,#5794,.T.);
#5821 = ORIENTED_EDGE('',*,*,#5822,.T.);
#5822 = EDGE_CURVE('',#5795,#3917,#5823,.T.);
#5823 = LINE('',#5824,#5825);
#5824 = CARTESIAN_POINT('',(95.35,7.3,27.45));
#5825 = VECTOR('',#5826,1.);
#5826 = DIRECTION('',(1.,0.,0.));
#5827 = ORIENTED_EDGE('',*,*,#3924,.F.);
#5828 = PLANE('',#5829);
#5829 = AXIS2_PLACEMENT_3D('',#5830,#5831,#5832);
#5830 = CARTESIAN_POINT('',(113.87019650655,7.3,24.99519650655));
#5831 = DIRECTION('',(0.,1.,0.));
#5832 = DIRECTION('',(0.,0.,1.));
#5833 = ADVANCED_FACE('',(#5834),#5847,.T.);
#5834 = FACE_BOUND('',#5835,.T.);
#5835 = EDGE_LOOP('',(#5836,#5842,#5843,#5844,#5845,#5846));
#5836 = ORIENTED_EDGE('',*,*,#5837,.T.);
#5837 = EDGE_CURVE('',#5668,#5740,#5838,.T.);
#5838 = LINE('',#5839,#5840);
#5839 = CARTESIAN_POINT('',(95.35,7.3,27.45));
#5840 = VECTOR('',#5841,1.);
#5841 = DIRECTION('',(1.,0.,0.));
#5842 = ORIENTED_EDGE('',*,*,#5739,.F.);
#5843 = ORIENTED_EDGE('',*,*,#5691,.F.);
#5844 = ORIENTED_EDGE('',*,*,#5273,.F.);
#5845 = ORIENTED_EDGE('',*,*,#5257,.F.);
#5846 = ORIENTED_EDGE('',*,*,#5675,.T.);
#5847 = PLANE('',#5848);
#5848 = AXIS2_PLACEMENT_3D('',#5849,#5850,#5851);
#5849 = CARTESIAN_POINT('',(97.277648305085,7.3,24.972351694915));
#5850 = DIRECTION('',(0.,1.,0.));
#5851 = DIRECTION('',(0.,0.,1.));
#5852 = ADVANCED_FACE('',(#5853),#5867,.T.);
#5853 = FACE_BOUND('',#5854,.T.);
#5854 = EDGE_LOOP('',(#5855,#5856,#5857,#5858,#5859,#5860,#5861,#5862,
    #5863,#5864,#5865,#5866));
#5855 = ORIENTED_EDGE('',*,*,#5822,.F.);
#5856 = ORIENTED_EDGE('',*,*,#5804,.T.);
#5857 = ORIENTED_EDGE('',*,*,#5772,.F.);
#5858 = ORIENTED_EDGE('',*,*,#5756,.F.);
#5859 = ORIENTED_EDGE('',*,*,#5837,.F.);
#5860 = ORIENTED_EDGE('',*,*,#5667,.F.);
#5861 = ORIENTED_EDGE('',*,*,#5054,.T.);
#5862 = ORIENTED_EDGE('',*,*,#4881,.T.);
#5863 = ORIENTED_EDGE('',*,*,#4849,.T.);
#5864 = ORIENTED_EDGE('',*,*,#4798,.F.);
#5865 = ORIENTED_EDGE('',*,*,#4579,.T.);
#5866 = ORIENTED_EDGE('',*,*,#3916,.F.);
#5867 = PLANE('',#5868);
#5868 = AXIS2_PLACEMENT_3D('',#5869,#5870,#5871);
#5869 = CARTESIAN_POINT('',(105.6441588785,4.619906542056,27.45));
#5870 = DIRECTION('',(0.,0.,1.));
#5871 = DIRECTION('',(1.,0.,0.));
#5872 = ADVANCED_FACE('',(#5873),#5881,.T.);
#5873 = FACE_BOUND('',#5874,.T.);
#5874 = EDGE_LOOP('',(#5875,#5876,#5877,#5878,#5879,#5880));
#5875 = ORIENTED_EDGE('',*,*,#5135,.T.);
#5876 = ORIENTED_EDGE('',*,*,#5295,.T.);
#5877 = ORIENTED_EDGE('',*,*,#5335,.F.);
#5878 = ORIENTED_EDGE('',*,*,#5326,.F.);
#5879 = ORIENTED_EDGE('',*,*,#5304,.F.);
#5880 = ORIENTED_EDGE('',*,*,#5144,.T.);
#5881 = CYLINDRICAL_SURFACE('',#5882,3.);
#5882 = AXIS2_PLACEMENT_3D('',#5883,#5884,#5885);
#5883 = CARTESIAN_POINT('',(8.2,1.79,57.27));
#5884 = DIRECTION('',(0.,1.,0.));
#5885 = DIRECTION('',(0.,0.,1.));
#5886 = ADVANCED_FACE('',(#5887),#5895,.T.);
#5887 = FACE_BOUND('',#5888,.T.);
#5888 = EDGE_LOOP('',(#5889,#5890,#5891,#5892,#5893,#5894));
#5889 = ORIENTED_EDGE('',*,*,#5163,.T.);
#5890 = ORIENTED_EDGE('',*,*,#5396,.T.);
#5891 = ORIENTED_EDGE('',*,*,#5436,.F.);
#5892 = ORIENTED_EDGE('',*,*,#5427,.F.);
#5893 = ORIENTED_EDGE('',*,*,#5405,.F.);
#5894 = ORIENTED_EDGE('',*,*,#5172,.T.);
#5895 = CYLINDRICAL_SURFACE('',#5896,3.);
#5896 = AXIS2_PLACEMENT_3D('',#5897,#5898,#5899);
#5897 = CARTESIAN_POINT('',(8.2,1.79,8.23));
#5898 = DIRECTION('',(0.,1.,0.));
#5899 = DIRECTION('',(0.,0.,1.));
#5900 = ADVANCED_FACE('',(#5901),#5909,.T.);
#5901 = FACE_BOUND('',#5902,.T.);
#5902 = EDGE_LOOP('',(#5903,#5904,#5905,#5906,#5907,#5908));
#5903 = ORIENTED_EDGE('',*,*,#5528,.F.);
#5904 = ORIENTED_EDGE('',*,*,#5497,.F.);
#5905 = ORIENTED_EDGE('',*,*,#5200,.T.);
#5906 = ORIENTED_EDGE('',*,*,#5191,.T.);
#5907 = ORIENTED_EDGE('',*,*,#5506,.T.);
#5908 = ORIENTED_EDGE('',*,*,#5537,.F.);
#5909 = CYLINDRICAL_SURFACE('',#5910,3.);
#5910 = AXIS2_PLACEMENT_3D('',#5911,#5912,#5913);
#5911 = CARTESIAN_POINT('',(91.5,1.79,8.23));
#5912 = DIRECTION('',(0.,1.,0.));
#5913 = DIRECTION('',(0.,0.,1.));
#5914 = MANIFOLD_SOLID_BREP('',#5915);
#5915 = CLOSED_SHELL('',(#5916,#5944,#5969,#5997,#6022,#6050,#6075,#6147
    ,#6371,#6396,#6522,#6546,#6570,#6587,#6604,#6621,#6638,#6655,#6672,
    #6684,#6709,#6734,#6759,#6784,#6815,#6839,#6863,#6880,#6905,#6936,
    #6960,#6984,#7001,#7032,#7056,#7080,#7097,#7109,#7129,#7149,#7169,
    #7194,#7206,#7226,#7238,#7250,#7267,#7284,#7309,#7329,#7346,#7355,
    #7371,#7387,#7403));
#5916 = ADVANCED_FACE('',(#5917,#5928),#5939,.T.);
#5917 = FACE_BOUND('',#5918,.T.);
#5918 = EDGE_LOOP('',(#5919));
#5919 = ORIENTED_EDGE('',*,*,#5920,.T.);
#5920 = EDGE_CURVE('',#5921,#5921,#5923,.T.);
#5921 = VERTEX_POINT('',#5922);
#5922 = CARTESIAN_POINT('',(91.5,13.99,10.73));
#5923 = CIRCLE('',#5924,2.5);
#5924 = AXIS2_PLACEMENT_3D('',#5925,#5926,#5927);
#5925 = CARTESIAN_POINT('',(91.5,13.99,8.23));
#5926 = DIRECTION('',(0.,1.,0.));
#5927 = DIRECTION('',(0.,0.,1.));
#5928 = FACE_BOUND('',#5929,.T.);
#5929 = EDGE_LOOP('',(#5930));
#5930 = ORIENTED_EDGE('',*,*,#5931,.F.);
#5931 = EDGE_CURVE('',#5932,#5932,#5934,.T.);
#5932 = VERTEX_POINT('',#5933);
#5933 = CARTESIAN_POINT('',(91.5,13.99,10.72));
#5934 = CIRCLE('',#5935,2.49);
#5935 = AXIS2_PLACEMENT_3D('',#5936,#5937,#5938);
#5936 = CARTESIAN_POINT('',(91.5,13.99,8.23));
#5937 = DIRECTION('',(0.,1.,0.));
#5938 = DIRECTION('',(0.,0.,1.));
#5939 = PLANE('',#5940);
#5940 = AXIS2_PLACEMENT_3D('',#5941,#5942,#5943);
#5941 = CARTESIAN_POINT('',(91.5,13.99,8.23));
#5942 = DIRECTION('',(0.,1.,0.));
#5943 = DIRECTION('',(0.,0.,1.));
#5944 = ADVANCED_FACE('',(#5945),#5964,.F.);
#5945 = FACE_BOUND('',#5946,.F.);
#5946 = EDGE_LOOP('',(#5947,#5948,#5956,#5963));
#5947 = ORIENTED_EDGE('',*,*,#5931,.F.);
#5948 = ORIENTED_EDGE('',*,*,#5949,.F.);
#5949 = EDGE_CURVE('',#5950,#5932,#5952,.T.);
#5950 = VERTEX_POINT('',#5951);
#5951 = CARTESIAN_POINT('',(91.5,12.9,9.63));
#5952 = LINE('',#5953,#5954);
#5953 = CARTESIAN_POINT('',(91.5,12.9,9.63));
#5954 = VECTOR('',#5955,1.);
#5955 = DIRECTION('',(-1.731912112471E-16,0.707106781187,0.707106781187)
  );
#5956 = ORIENTED_EDGE('',*,*,#5957,.T.);
#5957 = EDGE_CURVE('',#5950,#5950,#5958,.T.);
#5958 = CIRCLE('',#5959,1.4);
#5959 = AXIS2_PLACEMENT_3D('',#5960,#5961,#5962);
#5960 = CARTESIAN_POINT('',(91.5,12.9,8.23));
#5961 = DIRECTION('',(0.,1.,0.));
#5962 = DIRECTION('',(0.,0.,1.));
#5963 = ORIENTED_EDGE('',*,*,#5949,.T.);
#5964 = CONICAL_SURFACE('',#5965,1.4,0.785398163397);
#5965 = AXIS2_PLACEMENT_3D('',#5966,#5967,#5968);
#5966 = CARTESIAN_POINT('',(91.5,12.9,8.23));
#5967 = DIRECTION('',(0.,1.,0.));
#5968 = DIRECTION('',(0.,0.,1.));
#5969 = ADVANCED_FACE('',(#5970,#5981),#5992,.T.);
#5970 = FACE_BOUND('',#5971,.T.);
#5971 = EDGE_LOOP('',(#5972));
#5972 = ORIENTED_EDGE('',*,*,#5973,.T.);
#5973 = EDGE_CURVE('',#5974,#5974,#5976,.T.);
#5974 = VERTEX_POINT('',#5975);
#5975 = CARTESIAN_POINT('',(8.2,13.99,10.73));
#5976 = CIRCLE('',#5977,2.5);
#5977 = AXIS2_PLACEMENT_3D('',#5978,#5979,#5980);
#5978 = CARTESIAN_POINT('',(8.2,13.99,8.23));
#5979 = DIRECTION('',(0.,1.,0.));
#5980 = DIRECTION('',(0.,0.,1.));
#5981 = FACE_BOUND('',#5982,.T.);
#5982 = EDGE_LOOP('',(#5983));
#5983 = ORIENTED_EDGE('',*,*,#5984,.F.);
#5984 = EDGE_CURVE('',#5985,#5985,#5987,.T.);
#5985 = VERTEX_POINT('',#5986);
#5986 = CARTESIAN_POINT('',(8.2,13.99,10.72));
#5987 = CIRCLE('',#5988,2.49);
#5988 = AXIS2_PLACEMENT_3D('',#5989,#5990,#5991);
#5989 = CARTESIAN_POINT('',(8.2,13.99,8.23));
#5990 = DIRECTION('',(0.,1.,0.));
#5991 = DIRECTION('',(0.,0.,1.));
#5992 = PLANE('',#5993);
#5993 = AXIS2_PLACEMENT_3D('',#5994,#5995,#5996);
#5994 = CARTESIAN_POINT('',(8.2,13.99,8.23));
#5995 = DIRECTION('',(0.,1.,0.));
#5996 = DIRECTION('',(0.,0.,1.));
#5997 = ADVANCED_FACE('',(#5998),#6017,.F.);
#5998 = FACE_BOUND('',#5999,.F.);
#5999 = EDGE_LOOP('',(#6000,#6001,#6009,#6016));
#6000 = ORIENTED_EDGE('',*,*,#5984,.F.);
#6001 = ORIENTED_EDGE('',*,*,#6002,.F.);
#6002 = EDGE_CURVE('',#6003,#5985,#6005,.T.);
#6003 = VERTEX_POINT('',#6004);
#6004 = CARTESIAN_POINT('',(8.2,12.9,9.63));
#6005 = LINE('',#6006,#6007);
#6006 = CARTESIAN_POINT('',(8.2,12.9,9.63));
#6007 = VECTOR('',#6008,1.);
#6008 = DIRECTION('',(-1.731912112471E-16,0.707106781187,0.707106781187)
  );
#6009 = ORIENTED_EDGE('',*,*,#6010,.T.);
#6010 = EDGE_CURVE('',#6003,#6003,#6011,.T.);
#6011 = CIRCLE('',#6012,1.4);
#6012 = AXIS2_PLACEMENT_3D('',#6013,#6014,#6015);
#6013 = CARTESIAN_POINT('',(8.2,12.9,8.23));
#6014 = DIRECTION('',(0.,1.,0.));
#6015 = DIRECTION('',(0.,0.,1.));
#6016 = ORIENTED_EDGE('',*,*,#6002,.T.);
#6017 = CONICAL_SURFACE('',#6018,1.4,0.785398163397);
#6018 = AXIS2_PLACEMENT_3D('',#6019,#6020,#6021);
#6019 = CARTESIAN_POINT('',(8.2,12.9,8.23));
#6020 = DIRECTION('',(0.,1.,0.));
#6021 = DIRECTION('',(0.,0.,1.));
#6022 = ADVANCED_FACE('',(#6023,#6034),#6045,.T.);
#6023 = FACE_BOUND('',#6024,.T.);
#6024 = EDGE_LOOP('',(#6025));
#6025 = ORIENTED_EDGE('',*,*,#6026,.T.);
#6026 = EDGE_CURVE('',#6027,#6027,#6029,.T.);
#6027 = VERTEX_POINT('',#6028);
#6028 = CARTESIAN_POINT('',(8.2,13.99,59.77));
#6029 = CIRCLE('',#6030,2.5);
#6030 = AXIS2_PLACEMENT_3D('',#6031,#6032,#6033);
#6031 = CARTESIAN_POINT('',(8.2,13.99,57.27));
#6032 = DIRECTION('',(0.,1.,0.));
#6033 = DIRECTION('',(0.,0.,1.));
#6034 = FACE_BOUND('',#6035,.T.);
#6035 = EDGE_LOOP('',(#6036));
#6036 = ORIENTED_EDGE('',*,*,#6037,.F.);
#6037 = EDGE_CURVE('',#6038,#6038,#6040,.T.);
#6038 = VERTEX_POINT('',#6039);
#6039 = CARTESIAN_POINT('',(8.2,13.99,59.76));
#6040 = CIRCLE('',#6041,2.49);
#6041 = AXIS2_PLACEMENT_3D('',#6042,#6043,#6044);
#6042 = CARTESIAN_POINT('',(8.2,13.99,57.27));
#6043 = DIRECTION('',(0.,1.,0.));
#6044 = DIRECTION('',(0.,0.,1.));
#6045 = PLANE('',#6046);
#6046 = AXIS2_PLACEMENT_3D('',#6047,#6048,#6049);
#6047 = CARTESIAN_POINT('',(8.2,13.99,57.27));
#6048 = DIRECTION('',(0.,1.,0.));
#6049 = DIRECTION('',(0.,0.,1.));
#6050 = ADVANCED_FACE('',(#6051),#6070,.F.);
#6051 = FACE_BOUND('',#6052,.F.);
#6052 = EDGE_LOOP('',(#6053,#6054,#6062,#6069));
#6053 = ORIENTED_EDGE('',*,*,#6037,.F.);
#6054 = ORIENTED_EDGE('',*,*,#6055,.F.);
#6055 = EDGE_CURVE('',#6056,#6038,#6058,.T.);
#6056 = VERTEX_POINT('',#6057);
#6057 = CARTESIAN_POINT('',(8.2,12.9,58.67));
#6058 = LINE('',#6059,#6060);
#6059 = CARTESIAN_POINT('',(8.2,12.9,58.67));
#6060 = VECTOR('',#6061,1.);
#6061 = DIRECTION('',(-1.731912112471E-16,0.707106781187,0.707106781187)
  );
#6062 = ORIENTED_EDGE('',*,*,#6063,.T.);
#6063 = EDGE_CURVE('',#6056,#6056,#6064,.T.);
#6064 = CIRCLE('',#6065,1.4);
#6065 = AXIS2_PLACEMENT_3D('',#6066,#6067,#6068);
#6066 = CARTESIAN_POINT('',(8.2,12.9,57.27));
#6067 = DIRECTION('',(0.,1.,0.));
#6068 = DIRECTION('',(0.,0.,1.));
#6069 = ORIENTED_EDGE('',*,*,#6055,.T.);
#6070 = CONICAL_SURFACE('',#6071,1.4,0.785398163397);
#6071 = AXIS2_PLACEMENT_3D('',#6072,#6073,#6074);
#6072 = CARTESIAN_POINT('',(8.2,12.9,57.27));
#6073 = DIRECTION('',(0.,1.,0.));
#6074 = DIRECTION('',(0.,0.,1.));
#6075 = ADVANCED_FACE('',(#6076),#6142,.T.);
#6076 = FACE_BOUND('',#6077,.T.);
#6077 = EDGE_LOOP('',(#6078,#6088,#6096,#6104,#6112,#6120,#6128,#6136));
#6078 = ORIENTED_EDGE('',*,*,#6079,.F.);
#6079 = EDGE_CURVE('',#6080,#6082,#6084,.T.);
#6080 = VERTEX_POINT('',#6081);
#6081 = CARTESIAN_POINT('',(3.6,12.6,1.85));
#6082 = VERTEX_POINT('',#6083);
#6083 = CARTESIAN_POINT('',(114.4,12.6,1.85));
#6084 = LINE('',#6085,#6086);
#6085 = CARTESIAN_POINT('',(3.6,12.6,1.85));
#6086 = VECTOR('',#6087,1.);
#6087 = DIRECTION('',(1.,0.,0.));
#6088 = ORIENTED_EDGE('',*,*,#6089,.T.);
#6089 = EDGE_CURVE('',#6080,#6090,#6092,.T.);
#6090 = VERTEX_POINT('',#6091);
#6091 = CARTESIAN_POINT('',(3.6,15.,1.85));
#6092 = LINE('',#6093,#6094);
#6093 = CARTESIAN_POINT('',(3.6,12.6,1.85));
#6094 = VECTOR('',#6095,1.);
#6095 = DIRECTION('',(0.,1.,0.));
#6096 = ORIENTED_EDGE('',*,*,#6097,.T.);
#6097 = EDGE_CURVE('',#6090,#6098,#6100,.T.);
#6098 = VERTEX_POINT('',#6099);
#6099 = CARTESIAN_POINT('',(36.,15.,1.85));
#6100 = LINE('',#6101,#6102);
#6101 = CARTESIAN_POINT('',(3.6,15.,1.85));
#6102 = VECTOR('',#6103,1.);
#6103 = DIRECTION('',(1.,0.,0.));
#6104 = ORIENTED_EDGE('',*,*,#6105,.T.);
#6105 = EDGE_CURVE('',#6098,#6106,#6108,.T.);
#6106 = VERTEX_POINT('',#6107);
#6107 = CARTESIAN_POINT('',(36.,13.8,1.85));
#6108 = LINE('',#6109,#6110);
#6109 = CARTESIAN_POINT('',(36.,13.2,1.85));
#6110 = VECTOR('',#6111,1.);
#6111 = DIRECTION('',(0.,-1.,0.));
#6112 = ORIENTED_EDGE('',*,*,#6113,.T.);
#6113 = EDGE_CURVE('',#6106,#6114,#6116,.T.);
#6114 = VERTEX_POINT('',#6115);
#6115 = CARTESIAN_POINT('',(44.,13.8,1.85));
#6116 = LINE('',#6117,#6118);
#6117 = CARTESIAN_POINT('',(19.8,13.8,1.85));
#6118 = VECTOR('',#6119,1.);
#6119 = DIRECTION('',(1.,0.,0.));
#6120 = ORIENTED_EDGE('',*,*,#6121,.F.);
#6121 = EDGE_CURVE('',#6122,#6114,#6124,.T.);
#6122 = VERTEX_POINT('',#6123);
#6123 = CARTESIAN_POINT('',(44.,15.,1.85));
#6124 = LINE('',#6125,#6126);
#6125 = CARTESIAN_POINT('',(44.,13.2,1.85));
#6126 = VECTOR('',#6127,1.);
#6127 = DIRECTION('',(0.,-1.,0.));
#6128 = ORIENTED_EDGE('',*,*,#6129,.T.);
#6129 = EDGE_CURVE('',#6122,#6130,#6132,.T.);
#6130 = VERTEX_POINT('',#6131);
#6131 = CARTESIAN_POINT('',(114.4,15.,1.85));
#6132 = LINE('',#6133,#6134);
#6133 = CARTESIAN_POINT('',(3.6,15.,1.85));
#6134 = VECTOR('',#6135,1.);
#6135 = DIRECTION('',(1.,0.,0.));
#6136 = ORIENTED_EDGE('',*,*,#6137,.F.);
#6137 = EDGE_CURVE('',#6082,#6130,#6138,.T.);
#6138 = LINE('',#6139,#6140);
#6139 = CARTESIAN_POINT('',(114.4,12.6,1.85));
#6140 = VECTOR('',#6141,1.);
#6141 = DIRECTION('',(0.,1.,0.));
#6142 = PLANE('',#6143);
#6143 = AXIS2_PLACEMENT_3D('',#6144,#6145,#6146);
#6144 = CARTESIAN_POINT('',(3.6,12.6,1.85));
#6145 = DIRECTION('',(0.,0.,-1.));
#6146 = DIRECTION('',(1.,0.,0.));
#6147 = ADVANCED_FACE('',(#6148,#6209,#6220,#6231,#6242,#6253,#6287,
    #6298,#6332),#6366,.T.);
#6148 = FACE_BOUND('',#6149,.T.);
#6149 = EDGE_LOOP('',(#6150,#6151,#6160,#6168,#6177,#6185,#6194,#6202));
#6150 = ORIENTED_EDGE('',*,*,#6079,.T.);
#6151 = ORIENTED_EDGE('',*,*,#6152,.T.);
#6152 = EDGE_CURVE('',#6082,#6153,#6155,.T.);
#6153 = VERTEX_POINT('',#6154);
#6154 = CARTESIAN_POINT('',(116.15,12.6,3.6));
#6155 = CIRCLE('',#6156,1.75);
#6156 = AXIS2_PLACEMENT_3D('',#6157,#6158,#6159);
#6157 = CARTESIAN_POINT('',(114.4,12.6,3.6));
#6158 = DIRECTION('',(0.,-1.,0.));
#6159 = DIRECTION('',(8.120488408687E-15,0.,-1.));
#6160 = ORIENTED_EDGE('',*,*,#6161,.T.);
#6161 = EDGE_CURVE('',#6153,#6162,#6164,.T.);
#6162 = VERTEX_POINT('',#6163);
#6163 = CARTESIAN_POINT('',(116.15,12.6,61.9));
#6164 = LINE('',#6165,#6166);
#6165 = CARTESIAN_POINT('',(116.15,12.6,3.6));
#6166 = VECTOR('',#6167,1.);
#6167 = DIRECTION('',(0.,0.,1.));
#6168 = ORIENTED_EDGE('',*,*,#6169,.T.);
#6169 = EDGE_CURVE('',#6162,#6170,#6172,.T.);
#6170 = VERTEX_POINT('',#6171);
#6171 = CARTESIAN_POINT('',(114.4,12.6,63.65));
#6172 = CIRCLE('',#6173,1.75);
#6173 = AXIS2_PLACEMENT_3D('',#6174,#6175,#6176);
#6174 = CARTESIAN_POINT('',(114.4,12.6,61.9));
#6175 = DIRECTION('',(0.,-1.,0.));
#6176 = DIRECTION('',(1.,0.,4.060244204343E-15));
#6177 = ORIENTED_EDGE('',*,*,#6178,.T.);
#6178 = EDGE_CURVE('',#6170,#6179,#6181,.T.);
#6179 = VERTEX_POINT('',#6180);
#6180 = CARTESIAN_POINT('',(3.6,12.6,63.65));
#6181 = LINE('',#6182,#6183);
#6182 = CARTESIAN_POINT('',(114.4,12.6,63.65));
#6183 = VECTOR('',#6184,1.);
#6184 = DIRECTION('',(-1.,0.,0.));
#6185 = ORIENTED_EDGE('',*,*,#6186,.T.);
#6186 = EDGE_CURVE('',#6179,#6187,#6189,.T.);
#6187 = VERTEX_POINT('',#6188);
#6188 = CARTESIAN_POINT('',(1.85,12.6,61.9));
#6189 = CIRCLE('',#6190,1.75);
#6190 = AXIS2_PLACEMENT_3D('',#6191,#6192,#6193);
#6191 = CARTESIAN_POINT('',(3.6,12.6,61.9));
#6192 = DIRECTION('',(0.,-1.,0.));
#6193 = DIRECTION('',(2.537652627715E-15,0.,1.));
#6194 = ORIENTED_EDGE('',*,*,#6195,.T.);
#6195 = EDGE_CURVE('',#6187,#6196,#6198,.T.);
#6196 = VERTEX_POINT('',#6197);
#6197 = CARTESIAN_POINT('',(1.85,12.6,3.6));
#6198 = LINE('',#6199,#6200);
#6199 = CARTESIAN_POINT('',(1.85,12.6,61.9));
#6200 = VECTOR('',#6201,1.);
#6201 = DIRECTION('',(0.,0.,-1.));
#6202 = ORIENTED_EDGE('',*,*,#6203,.T.);
#6203 = EDGE_CURVE('',#6196,#6080,#6204,.T.);
#6204 = CIRCLE('',#6205,1.75);
#6205 = AXIS2_PLACEMENT_3D('',#6206,#6207,#6208);
#6206 = CARTESIAN_POINT('',(3.6,12.6,3.6));
#6207 = DIRECTION('',(0.,-1.,0.));
#6208 = DIRECTION('',(-1.,0.,5.075305255429E-16));
#6209 = FACE_BOUND('',#6210,.T.);
#6210 = EDGE_LOOP('',(#6211));
#6211 = ORIENTED_EDGE('',*,*,#6212,.T.);
#6212 = EDGE_CURVE('',#6213,#6213,#6215,.T.);
#6213 = VERTEX_POINT('',#6214);
#6214 = CARTESIAN_POINT('',(8.2,12.6,60.07));
#6215 = CIRCLE('',#6216,2.8);
#6216 = AXIS2_PLACEMENT_3D('',#6217,#6218,#6219);
#6217 = CARTESIAN_POINT('',(8.2,12.6,57.27));
#6218 = DIRECTION('',(0.,1.,0.));
#6219 = DIRECTION('',(0.,0.,1.));
#6220 = FACE_BOUND('',#6221,.T.);
#6221 = EDGE_LOOP('',(#6222));
#6222 = ORIENTED_EDGE('',*,*,#6223,.T.);
#6223 = EDGE_CURVE('',#6224,#6224,#6226,.T.);
#6224 = VERTEX_POINT('',#6225);
#6225 = CARTESIAN_POINT('',(8.2,12.6,11.03));
#6226 = CIRCLE('',#6227,2.8);
#6227 = AXIS2_PLACEMENT_3D('',#6228,#6229,#6230);
#6228 = CARTESIAN_POINT('',(8.2,12.6,8.23));
#6229 = DIRECTION('',(0.,1.,0.));
#6230 = DIRECTION('',(0.,0.,1.));
#6231 = FACE_BOUND('',#6232,.T.);
#6232 = EDGE_LOOP('',(#6233));
#6233 = ORIENTED_EDGE('',*,*,#6234,.T.);
#6234 = EDGE_CURVE('',#6235,#6235,#6237,.T.);
#6235 = VERTEX_POINT('',#6236);
#6236 = CARTESIAN_POINT('',(91.5,12.6,60.07));
#6237 = CIRCLE('',#6238,2.8);
#6238 = AXIS2_PLACEMENT_3D('',#6239,#6240,#6241);
#6239 = CARTESIAN_POINT('',(91.5,12.6,57.27));
#6240 = DIRECTION('',(0.,1.,0.));
#6241 = DIRECTION('',(0.,0.,1.));
#6242 = FACE_BOUND('',#6243,.T.);
#6243 = EDGE_LOOP('',(#6244));
#6244 = ORIENTED_EDGE('',*,*,#6245,.T.);
#6245 = EDGE_CURVE('',#6246,#6246,#6248,.T.);
#6246 = VERTEX_POINT('',#6247);
#6247 = CARTESIAN_POINT('',(112.4,12.6,61.3));
#6248 = CIRCLE('',#6249,1.4);
#6249 = AXIS2_PLACEMENT_3D('',#6250,#6251,#6252);
#6250 = CARTESIAN_POINT('',(112.4,12.6,59.9));
#6251 = DIRECTION('',(0.,1.,0.));
#6252 = DIRECTION('',(0.,0.,1.));
#6253 = FACE_BOUND('',#6254,.T.);
#6254 = EDGE_LOOP('',(#6255,#6265,#6273,#6281));
#6255 = ORIENTED_EDGE('',*,*,#6256,.F.);
#6256 = EDGE_CURVE('',#6257,#6259,#6261,.T.);
#6257 = VERTEX_POINT('',#6258);
#6258 = CARTESIAN_POINT('',(107.65,12.6,25.09852700491));
#6259 = VERTEX_POINT('',#6260);
#6260 = CARTESIAN_POINT('',(99.65,12.6,25.09852700491));
#6261 = LINE('',#6262,#6263);
#6262 = CARTESIAN_POINT('',(79.325,12.6,25.09852700491));
#6263 = VECTOR('',#6264,1.);
#6264 = DIRECTION('',(-1.,0.,0.));
#6265 = ORIENTED_EDGE('',*,*,#6266,.T.);
#6266 = EDGE_CURVE('',#6257,#6267,#6269,.T.);
#6267 = VERTEX_POINT('',#6268);
#6268 = CARTESIAN_POINT('',(107.65,12.6,20.90147299509));
#6269 = LINE('',#6270,#6271);
#6270 = CARTESIAN_POINT('',(107.65,12.6,27.875));
#6271 = VECTOR('',#6272,1.);
#6272 = DIRECTION('',(0.,0.,-1.));
#6273 = ORIENTED_EDGE('',*,*,#6274,.F.);
#6274 = EDGE_CURVE('',#6275,#6267,#6277,.T.);
#6275 = VERTEX_POINT('',#6276);
#6276 = CARTESIAN_POINT('',(99.65,12.6,20.90147299509));
#6277 = LINE('',#6278,#6279);
#6278 = CARTESIAN_POINT('',(79.325,12.6,20.90147299509));
#6279 = VECTOR('',#6280,1.);
#6280 = DIRECTION('',(1.,0.,0.));
#6281 = ORIENTED_EDGE('',*,*,#6282,.F.);
#6282 = EDGE_CURVE('',#6259,#6275,#6283,.T.);
#6283 = LINE('',#6284,#6285);
#6284 = CARTESIAN_POINT('',(99.65,12.6,27.875));
#6285 = VECTOR('',#6286,1.);
#6286 = DIRECTION('',(0.,0.,-1.));
#6287 = FACE_BOUND('',#6288,.T.);
#6288 = EDGE_LOOP('',(#6289));
#6289 = ORIENTED_EDGE('',*,*,#6290,.T.);
#6290 = EDGE_CURVE('',#6291,#6291,#6293,.T.);
#6291 = VERTEX_POINT('',#6292);
#6292 = CARTESIAN_POINT('',(91.5,12.6,11.03));
#6293 = CIRCLE('',#6294,2.8);
#6294 = AXIS2_PLACEMENT_3D('',#6295,#6296,#6297);
#6295 = CARTESIAN_POINT('',(91.5,12.6,8.23));
#6296 = DIRECTION('',(0.,1.,0.));
#6297 = DIRECTION('',(0.,0.,1.));
#6298 = FACE_BOUND('',#6299,.T.);
#6299 = EDGE_LOOP('',(#6300,#6310,#6318,#6326));
#6300 = ORIENTED_EDGE('',*,*,#6301,.F.);
#6301 = EDGE_CURVE('',#6302,#6304,#6306,.T.);
#6302 = VERTEX_POINT('',#6303);
#6303 = CARTESIAN_POINT('',(107.65,12.6,18.69852700491));
#6304 = VERTEX_POINT('',#6305);
#6305 = CARTESIAN_POINT('',(99.65,12.6,18.69852700491));
#6306 = LINE('',#6307,#6308);
#6307 = CARTESIAN_POINT('',(79.325,12.6,18.69852700491));
#6308 = VECTOR('',#6309,1.);
#6309 = DIRECTION('',(-1.,0.,0.));
#6310 = ORIENTED_EDGE('',*,*,#6311,.T.);
#6311 = EDGE_CURVE('',#6302,#6312,#6314,.T.);
#6312 = VERTEX_POINT('',#6313);
#6313 = CARTESIAN_POINT('',(107.65,12.6,14.50147299509));
#6314 = LINE('',#6315,#6316);
#6315 = CARTESIAN_POINT('',(107.65,12.6,24.675));
#6316 = VECTOR('',#6317,1.);
#6317 = DIRECTION('',(0.,0.,-1.));
#6318 = ORIENTED_EDGE('',*,*,#6319,.F.);
#6319 = EDGE_CURVE('',#6320,#6312,#6322,.T.);
#6320 = VERTEX_POINT('',#6321);
#6321 = CARTESIAN_POINT('',(99.65,12.6,14.50147299509));
#6322 = LINE('',#6323,#6324);
#6323 = CARTESIAN_POINT('',(79.325,12.6,14.50147299509));
#6324 = VECTOR('',#6325,1.);
#6325 = DIRECTION('',(1.,0.,0.));
#6326 = ORIENTED_EDGE('',*,*,#6327,.F.);
#6327 = EDGE_CURVE('',#6304,#6320,#6328,.T.);
#6328 = LINE('',#6329,#6330);
#6329 = CARTESIAN_POINT('',(99.65,12.6,24.675));
#6330 = VECTOR('',#6331,1.);
#6331 = DIRECTION('',(0.,0.,-1.));
#6332 = FACE_BOUND('',#6333,.T.);
#6333 = EDGE_LOOP('',(#6334,#6344,#6352,#6360));
#6334 = ORIENTED_EDGE('',*,*,#6335,.F.);
#6335 = EDGE_CURVE('',#6336,#6338,#6340,.T.);
#6336 = VERTEX_POINT('',#6337);
#6337 = CARTESIAN_POINT('',(107.65,12.6,9.69852700491));
#6338 = VERTEX_POINT('',#6339);
#6339 = CARTESIAN_POINT('',(99.65,12.6,9.69852700491));
#6340 = LINE('',#6341,#6342);
#6341 = CARTESIAN_POINT('',(79.325,12.6,9.69852700491));
#6342 = VECTOR('',#6343,1.);
#6343 = DIRECTION('',(-1.,0.,0.));
#6344 = ORIENTED_EDGE('',*,*,#6345,.T.);
#6345 = EDGE_CURVE('',#6336,#6346,#6348,.T.);
#6346 = VERTEX_POINT('',#6347);
#6347 = CARTESIAN_POINT('',(107.65,12.6,5.50147299509));
#6348 = LINE('',#6349,#6350);
#6349 = CARTESIAN_POINT('',(107.65,12.6,20.175));
#6350 = VECTOR('',#6351,1.);
#6351 = DIRECTION('',(0.,0.,-1.));
#6352 = ORIENTED_EDGE('',*,*,#6353,.F.);
#6353 = EDGE_CURVE('',#6354,#6346,#6356,.T.);
#6354 = VERTEX_POINT('',#6355);
#6355 = CARTESIAN_POINT('',(99.65,12.6,5.50147299509));
#6356 = LINE('',#6357,#6358);
#6357 = CARTESIAN_POINT('',(79.325,12.6,5.50147299509));
#6358 = VECTOR('',#6359,1.);
#6359 = DIRECTION('',(1.,0.,0.));
#6360 = ORIENTED_EDGE('',*,*,#6361,.F.);
#6361 = EDGE_CURVE('',#6338,#6354,#6362,.T.);
#6362 = LINE('',#6363,#6364);
#6363 = CARTESIAN_POINT('',(99.65,12.6,20.175));
#6364 = VECTOR('',#6365,1.);
#6365 = DIRECTION('',(0.,0.,-1.));
#6366 = PLANE('',#6367);
#6367 = AXIS2_PLACEMENT_3D('',#6368,#6369,#6370);
#6368 = CARTESIAN_POINT('',(59.,12.6,32.75));
#6369 = DIRECTION('',(-0.,-1.,-0.));
#6370 = DIRECTION('',(0.,0.,-1.));
#6371 = ADVANCED_FACE('',(#6372),#6391,.T.);
#6372 = FACE_BOUND('',#6373,.T.);
#6373 = EDGE_LOOP('',(#6374,#6375,#6384,#6390));
#6374 = ORIENTED_EDGE('',*,*,#6137,.T.);
#6375 = ORIENTED_EDGE('',*,*,#6376,.T.);
#6376 = EDGE_CURVE('',#6130,#6377,#6379,.T.);
#6377 = VERTEX_POINT('',#6378);
#6378 = CARTESIAN_POINT('',(116.15,15.,3.6));
#6379 = CIRCLE('',#6380,1.75);
#6380 = AXIS2_PLACEMENT_3D('',#6381,#6382,#6383);
#6381 = CARTESIAN_POINT('',(114.4,15.,3.6));
#6382 = DIRECTION('',(0.,-1.,0.));
#6383 = DIRECTION('',(8.120488408687E-15,0.,-1.));
#6384 = ORIENTED_EDGE('',*,*,#6385,.F.);
#6385 = EDGE_CURVE('',#6153,#6377,#6386,.T.);
#6386 = LINE('',#6387,#6388);
#6387 = CARTESIAN_POINT('',(116.15,12.6,3.6));
#6388 = VECTOR('',#6389,1.);
#6389 = DIRECTION('',(0.,1.,0.));
#6390 = ORIENTED_EDGE('',*,*,#6152,.F.);
#6391 = CYLINDRICAL_SURFACE('',#6392,1.75);
#6392 = AXIS2_PLACEMENT_3D('',#6393,#6394,#6395);
#6393 = CARTESIAN_POINT('',(114.4,12.6,3.6));
#6394 = DIRECTION('',(0.,-1.,0.));
#6395 = DIRECTION('',(8.120488408687E-15,0.,-1.));
#6396 = ADVANCED_FACE('',(#6397,#6473,#6484,#6495,#6506),#6517,.F.);
#6397 = FACE_BOUND('',#6398,.F.);
#6398 = EDGE_LOOP('',(#6399,#6408,#6409,#6417,#6425,#6431,#6432,#6433,
    #6441,#6450,#6458,#6467));
#6399 = ORIENTED_EDGE('',*,*,#6400,.T.);
#6400 = EDGE_CURVE('',#6401,#6090,#6403,.T.);
#6401 = VERTEX_POINT('',#6402);
#6402 = CARTESIAN_POINT('',(1.85,15.,3.6));
#6403 = CIRCLE('',#6404,1.75);
#6404 = AXIS2_PLACEMENT_3D('',#6405,#6406,#6407);
#6405 = CARTESIAN_POINT('',(3.6,15.,3.6));
#6406 = DIRECTION('',(0.,-1.,0.));
#6407 = DIRECTION('',(-1.,0.,5.075305255429E-16));
#6408 = ORIENTED_EDGE('',*,*,#6097,.T.);
#6409 = ORIENTED_EDGE('',*,*,#6410,.T.);
#6410 = EDGE_CURVE('',#6098,#6411,#6413,.T.);
#6411 = VERTEX_POINT('',#6412);
#6412 = CARTESIAN_POINT('',(36.,15.,3.05));
#6413 = LINE('',#6414,#6415);
#6414 = CARTESIAN_POINT('',(36.,15.,15.875));
#6415 = VECTOR('',#6416,1.);
#6416 = DIRECTION('',(0.,0.,1.));
#6417 = ORIENTED_EDGE('',*,*,#6418,.F.);
#6418 = EDGE_CURVE('',#6419,#6411,#6421,.T.);
#6419 = VERTEX_POINT('',#6420);
#6420 = CARTESIAN_POINT('',(44.,15.,3.05));
#6421 = LINE('',#6422,#6423);
#6422 = CARTESIAN_POINT('',(47.5,15.,3.05));
#6423 = VECTOR('',#6424,1.);
#6424 = DIRECTION('',(-1.,0.,0.));
#6425 = ORIENTED_EDGE('',*,*,#6426,.F.);
#6426 = EDGE_CURVE('',#6122,#6419,#6427,.T.);
#6427 = LINE('',#6428,#6429);
#6428 = CARTESIAN_POINT('',(44.,15.,15.875));
#6429 = VECTOR('',#6430,1.);
#6430 = DIRECTION('',(0.,0.,1.));
#6431 = ORIENTED_EDGE('',*,*,#6129,.T.);
#6432 = ORIENTED_EDGE('',*,*,#6376,.T.);
#6433 = ORIENTED_EDGE('',*,*,#6434,.T.);
#6434 = EDGE_CURVE('',#6377,#6435,#6437,.T.);
#6435 = VERTEX_POINT('',#6436);
#6436 = CARTESIAN_POINT('',(116.15,15.,61.9));
#6437 = LINE('',#6438,#6439);
#6438 = CARTESIAN_POINT('',(116.15,15.,3.6));
#6439 = VECTOR('',#6440,1.);
#6440 = DIRECTION('',(0.,0.,1.));
#6441 = ORIENTED_EDGE('',*,*,#6442,.T.);
#6442 = EDGE_CURVE('',#6435,#6443,#6445,.T.);
#6443 = VERTEX_POINT('',#6444);
#6444 = CARTESIAN_POINT('',(114.4,15.,63.65));
#6445 = CIRCLE('',#6446,1.75);
#6446 = AXIS2_PLACEMENT_3D('',#6447,#6448,#6449);
#6447 = CARTESIAN_POINT('',(114.4,15.,61.9));
#6448 = DIRECTION('',(0.,-1.,0.));
#6449 = DIRECTION('',(1.,0.,4.060244204343E-15));
#6450 = ORIENTED_EDGE('',*,*,#6451,.T.);
#6451 = EDGE_CURVE('',#6443,#6452,#6454,.T.);
#6452 = VERTEX_POINT('',#6453);
#6453 = CARTESIAN_POINT('',(3.6,15.,63.65));
#6454 = LINE('',#6455,#6456);
#6455 = CARTESIAN_POINT('',(114.4,15.,63.65));
#6456 = VECTOR('',#6457,1.);
#6457 = DIRECTION('',(-1.,0.,0.));
#6458 = ORIENTED_EDGE('',*,*,#6459,.T.);
#6459 = EDGE_CURVE('',#6452,#6460,#6462,.T.);
#6460 = VERTEX_POINT('',#6461);
#6461 = CARTESIAN_POINT('',(1.85,15.,61.9));
#6462 = CIRCLE('',#6463,1.75);
#6463 = AXIS2_PLACEMENT_3D('',#6464,#6465,#6466);
#6464 = CARTESIAN_POINT('',(3.6,15.,61.9));
#6465 = DIRECTION('',(0.,-1.,0.));
#6466 = DIRECTION('',(2.537652627715E-15,0.,1.));
#6467 = ORIENTED_EDGE('',*,*,#6468,.T.);
#6468 = EDGE_CURVE('',#6460,#6401,#6469,.T.);
#6469 = LINE('',#6470,#6471);
#6470 = CARTESIAN_POINT('',(1.85,15.,61.9));
#6471 = VECTOR('',#6472,1.);
#6472 = DIRECTION('',(0.,0.,-1.));
#6473 = FACE_BOUND('',#6474,.F.);
#6474 = EDGE_LOOP('',(#6475));
#6475 = ORIENTED_EDGE('',*,*,#6476,.T.);
#6476 = EDGE_CURVE('',#6477,#6477,#6479,.T.);
#6477 = VERTEX_POINT('',#6478);
#6478 = CARTESIAN_POINT('',(8.2,15.,59.77));
#6479 = CIRCLE('',#6480,2.5);
#6480 = AXIS2_PLACEMENT_3D('',#6481,#6482,#6483);
#6481 = CARTESIAN_POINT('',(8.2,15.,57.27));
#6482 = DIRECTION('',(0.,1.,0.));
#6483 = DIRECTION('',(0.,0.,1.));
#6484 = FACE_BOUND('',#6485,.F.);
#6485 = EDGE_LOOP('',(#6486));
#6486 = ORIENTED_EDGE('',*,*,#6487,.T.);
#6487 = EDGE_CURVE('',#6488,#6488,#6490,.T.);
#6488 = VERTEX_POINT('',#6489);
#6489 = CARTESIAN_POINT('',(8.2,15.,10.73));
#6490 = CIRCLE('',#6491,2.5);
#6491 = AXIS2_PLACEMENT_3D('',#6492,#6493,#6494);
#6492 = CARTESIAN_POINT('',(8.2,15.,8.23));
#6493 = DIRECTION('',(0.,1.,0.));
#6494 = DIRECTION('',(0.,0.,1.));
#6495 = FACE_BOUND('',#6496,.F.);
#6496 = EDGE_LOOP('',(#6497));
#6497 = ORIENTED_EDGE('',*,*,#6498,.T.);
#6498 = EDGE_CURVE('',#6499,#6499,#6501,.T.);
#6499 = VERTEX_POINT('',#6500);
#6500 = CARTESIAN_POINT('',(112.4,15.,62.4));
#6501 = CIRCLE('',#6502,2.5);
#6502 = AXIS2_PLACEMENT_3D('',#6503,#6504,#6505);
#6503 = CARTESIAN_POINT('',(112.4,15.,59.9));
#6504 = DIRECTION('',(0.,1.,0.));
#6505 = DIRECTION('',(0.,0.,1.));
#6506 = FACE_BOUND('',#6507,.F.);
#6507 = EDGE_LOOP('',(#6508));
#6508 = ORIENTED_EDGE('',*,*,#6509,.T.);
#6509 = EDGE_CURVE('',#6510,#6510,#6512,.T.);
#6510 = VERTEX_POINT('',#6511);
#6511 = CARTESIAN_POINT('',(91.5,15.,10.73));
#6512 = CIRCLE('',#6513,2.5);
#6513 = AXIS2_PLACEMENT_3D('',#6514,#6515,#6516);
#6514 = CARTESIAN_POINT('',(91.5,15.,8.23));
#6515 = DIRECTION('',(0.,1.,0.));
#6516 = DIRECTION('',(0.,0.,1.));
#6517 = PLANE('',#6518);
#6518 = AXIS2_PLACEMENT_3D('',#6519,#6520,#6521);
#6519 = CARTESIAN_POINT('',(59.,15.,32.75));
#6520 = DIRECTION('',(-0.,-1.,-0.));
#6521 = DIRECTION('',(0.,0.,-1.));
#6522 = ADVANCED_FACE('',(#6523),#6541,.F.);
#6523 = FACE_BOUND('',#6524,.F.);
#6524 = EDGE_LOOP('',(#6525,#6533,#6534,#6535));
#6525 = ORIENTED_EDGE('',*,*,#6526,.F.);
#6526 = EDGE_CURVE('',#6114,#6527,#6529,.T.);
#6527 = VERTEX_POINT('',#6528);
#6528 = CARTESIAN_POINT('',(44.,13.8,3.05));
#6529 = LINE('',#6530,#6531);
#6530 = CARTESIAN_POINT('',(44.,13.8,-1.));
#6531 = VECTOR('',#6532,1.);
#6532 = DIRECTION('',(0.,0.,1.));
#6533 = ORIENTED_EDGE('',*,*,#6121,.F.);
#6534 = ORIENTED_EDGE('',*,*,#6426,.T.);
#6535 = ORIENTED_EDGE('',*,*,#6536,.F.);
#6536 = EDGE_CURVE('',#6527,#6419,#6537,.T.);
#6537 = LINE('',#6538,#6539);
#6538 = CARTESIAN_POINT('',(44.,13.8,3.05));
#6539 = VECTOR('',#6540,1.);
#6540 = DIRECTION('',(0.,1.,0.));
#6541 = PLANE('',#6542);
#6542 = AXIS2_PLACEMENT_3D('',#6543,#6544,#6545);
#6543 = CARTESIAN_POINT('',(44.,13.8,-1.));
#6544 = DIRECTION('',(1.,0.,0.));
#6545 = DIRECTION('',(0.,0.,1.));
#6546 = ADVANCED_FACE('',(#6547),#6565,.T.);
#6547 = FACE_BOUND('',#6548,.T.);
#6548 = EDGE_LOOP('',(#6549,#6550,#6551,#6559));
#6549 = ORIENTED_EDGE('',*,*,#6526,.F.);
#6550 = ORIENTED_EDGE('',*,*,#6113,.F.);
#6551 = ORIENTED_EDGE('',*,*,#6552,.T.);
#6552 = EDGE_CURVE('',#6106,#6553,#6555,.T.);
#6553 = VERTEX_POINT('',#6554);
#6554 = CARTESIAN_POINT('',(36.,13.8,3.05));
#6555 = LINE('',#6556,#6557);
#6556 = CARTESIAN_POINT('',(36.,13.8,-1.));
#6557 = VECTOR('',#6558,1.);
#6558 = DIRECTION('',(0.,0.,1.));
#6559 = ORIENTED_EDGE('',*,*,#6560,.T.);
#6560 = EDGE_CURVE('',#6553,#6527,#6561,.T.);
#6561 = LINE('',#6562,#6563);
#6562 = CARTESIAN_POINT('',(36.,13.8,3.05));
#6563 = VECTOR('',#6564,1.);
#6564 = DIRECTION('',(1.,0.,0.));
#6565 = PLANE('',#6566);
#6566 = AXIS2_PLACEMENT_3D('',#6567,#6568,#6569);
#6567 = CARTESIAN_POINT('',(36.,13.8,-1.));
#6568 = DIRECTION('',(0.,1.,0.));
#6569 = DIRECTION('',(0.,0.,1.));
#6570 = ADVANCED_FACE('',(#6571),#6582,.T.);
#6571 = FACE_BOUND('',#6572,.T.);
#6572 = EDGE_LOOP('',(#6573,#6574,#6575,#6576));
#6573 = ORIENTED_EDGE('',*,*,#6552,.F.);
#6574 = ORIENTED_EDGE('',*,*,#6105,.F.);
#6575 = ORIENTED_EDGE('',*,*,#6410,.T.);
#6576 = ORIENTED_EDGE('',*,*,#6577,.F.);
#6577 = EDGE_CURVE('',#6553,#6411,#6578,.T.);
#6578 = LINE('',#6579,#6580);
#6579 = CARTESIAN_POINT('',(36.,13.8,3.05));
#6580 = VECTOR('',#6581,1.);
#6581 = DIRECTION('',(0.,1.,0.));
#6582 = PLANE('',#6583);
#6583 = AXIS2_PLACEMENT_3D('',#6584,#6585,#6586);
#6584 = CARTESIAN_POINT('',(36.,13.8,-1.));
#6585 = DIRECTION('',(1.,0.,0.));
#6586 = DIRECTION('',(0.,0.,1.));
#6587 = ADVANCED_FACE('',(#6588),#6599,.T.);
#6588 = FACE_BOUND('',#6589,.T.);
#6589 = EDGE_LOOP('',(#6590,#6596,#6597,#6598));
#6590 = ORIENTED_EDGE('',*,*,#6591,.T.);
#6591 = EDGE_CURVE('',#6196,#6401,#6592,.T.);
#6592 = LINE('',#6593,#6594);
#6593 = CARTESIAN_POINT('',(1.85,12.6,3.6));
#6594 = VECTOR('',#6595,1.);
#6595 = DIRECTION('',(0.,1.,0.));
#6596 = ORIENTED_EDGE('',*,*,#6400,.T.);
#6597 = ORIENTED_EDGE('',*,*,#6089,.F.);
#6598 = ORIENTED_EDGE('',*,*,#6203,.F.);
#6599 = CYLINDRICAL_SURFACE('',#6600,1.75);
#6600 = AXIS2_PLACEMENT_3D('',#6601,#6602,#6603);
#6601 = CARTESIAN_POINT('',(3.6,12.6,3.6));
#6602 = DIRECTION('',(0.,-1.,0.));
#6603 = DIRECTION('',(-1.,0.,5.075305255429E-16));
#6604 = ADVANCED_FACE('',(#6605),#6616,.T.);
#6605 = FACE_BOUND('',#6606,.T.);
#6606 = EDGE_LOOP('',(#6607,#6613,#6614,#6615));
#6607 = ORIENTED_EDGE('',*,*,#6608,.T.);
#6608 = EDGE_CURVE('',#6187,#6460,#6609,.T.);
#6609 = LINE('',#6610,#6611);
#6610 = CARTESIAN_POINT('',(1.85,12.6,61.9));
#6611 = VECTOR('',#6612,1.);
#6612 = DIRECTION('',(0.,1.,0.));
#6613 = ORIENTED_EDGE('',*,*,#6468,.T.);
#6614 = ORIENTED_EDGE('',*,*,#6591,.F.);
#6615 = ORIENTED_EDGE('',*,*,#6195,.F.);
#6616 = PLANE('',#6617);
#6617 = AXIS2_PLACEMENT_3D('',#6618,#6619,#6620);
#6618 = CARTESIAN_POINT('',(1.85,12.6,61.9));
#6619 = DIRECTION('',(-1.,0.,0.));
#6620 = DIRECTION('',(0.,0.,-1.));
#6621 = ADVANCED_FACE('',(#6622),#6633,.T.);
#6622 = FACE_BOUND('',#6623,.T.);
#6623 = EDGE_LOOP('',(#6624,#6625,#6626,#6632));
#6624 = ORIENTED_EDGE('',*,*,#6385,.T.);
#6625 = ORIENTED_EDGE('',*,*,#6434,.T.);
#6626 = ORIENTED_EDGE('',*,*,#6627,.F.);
#6627 = EDGE_CURVE('',#6162,#6435,#6628,.T.);
#6628 = LINE('',#6629,#6630);
#6629 = CARTESIAN_POINT('',(116.15,12.6,61.9));
#6630 = VECTOR('',#6631,1.);
#6631 = DIRECTION('',(0.,1.,0.));
#6632 = ORIENTED_EDGE('',*,*,#6161,.F.);
#6633 = PLANE('',#6634);
#6634 = AXIS2_PLACEMENT_3D('',#6635,#6636,#6637);
#6635 = CARTESIAN_POINT('',(116.15,12.6,3.6));
#6636 = DIRECTION('',(1.,0.,0.));
#6637 = DIRECTION('',(0.,0.,1.));
#6638 = ADVANCED_FACE('',(#6639),#6650,.T.);
#6639 = FACE_BOUND('',#6640,.T.);
#6640 = EDGE_LOOP('',(#6641,#6647,#6648,#6649));
#6641 = ORIENTED_EDGE('',*,*,#6642,.T.);
#6642 = EDGE_CURVE('',#6179,#6452,#6643,.T.);
#6643 = LINE('',#6644,#6645);
#6644 = CARTESIAN_POINT('',(3.6,12.6,63.65));
#6645 = VECTOR('',#6646,1.);
#6646 = DIRECTION('',(0.,1.,0.));
#6647 = ORIENTED_EDGE('',*,*,#6459,.T.);
#6648 = ORIENTED_EDGE('',*,*,#6608,.F.);
#6649 = ORIENTED_EDGE('',*,*,#6186,.F.);
#6650 = CYLINDRICAL_SURFACE('',#6651,1.75);
#6651 = AXIS2_PLACEMENT_3D('',#6652,#6653,#6654);
#6652 = CARTESIAN_POINT('',(3.6,12.6,61.9));
#6653 = DIRECTION('',(0.,-1.,0.));
#6654 = DIRECTION('',(2.537652627715E-15,0.,1.));
#6655 = ADVANCED_FACE('',(#6656),#6667,.T.);
#6656 = FACE_BOUND('',#6657,.T.);
#6657 = EDGE_LOOP('',(#6658,#6659,#6660,#6666));
#6658 = ORIENTED_EDGE('',*,*,#6627,.T.);
#6659 = ORIENTED_EDGE('',*,*,#6442,.T.);
#6660 = ORIENTED_EDGE('',*,*,#6661,.F.);
#6661 = EDGE_CURVE('',#6170,#6443,#6662,.T.);
#6662 = LINE('',#6663,#6664);
#6663 = CARTESIAN_POINT('',(114.4,12.6,63.65));
#6664 = VECTOR('',#6665,1.);
#6665 = DIRECTION('',(0.,1.,0.));
#6666 = ORIENTED_EDGE('',*,*,#6169,.F.);
#6667 = CYLINDRICAL_SURFACE('',#6668,1.75);
#6668 = AXIS2_PLACEMENT_3D('',#6669,#6670,#6671);
#6669 = CARTESIAN_POINT('',(114.4,12.6,61.9));
#6670 = DIRECTION('',(0.,-1.,0.));
#6671 = DIRECTION('',(1.,0.,4.060244204343E-15));
#6672 = ADVANCED_FACE('',(#6673),#6679,.T.);
#6673 = FACE_BOUND('',#6674,.T.);
#6674 = EDGE_LOOP('',(#6675,#6676,#6677,#6678));
#6675 = ORIENTED_EDGE('',*,*,#6661,.T.);
#6676 = ORIENTED_EDGE('',*,*,#6451,.T.);
#6677 = ORIENTED_EDGE('',*,*,#6642,.F.);
#6678 = ORIENTED_EDGE('',*,*,#6178,.F.);
#6679 = PLANE('',#6680);
#6680 = AXIS2_PLACEMENT_3D('',#6681,#6682,#6683);
#6681 = CARTESIAN_POINT('',(114.4,12.6,63.65));
#6682 = DIRECTION('',(0.,0.,1.));
#6683 = DIRECTION('',(-1.,0.,0.));
#6684 = ADVANCED_FACE('',(#6685),#6704,.T.);
#6685 = FACE_BOUND('',#6686,.T.);
#6686 = EDGE_LOOP('',(#6687,#6688,#6696,#6703));
#6687 = ORIENTED_EDGE('',*,*,#6212,.F.);
#6688 = ORIENTED_EDGE('',*,*,#6689,.F.);
#6689 = EDGE_CURVE('',#6690,#6213,#6692,.T.);
#6690 = VERTEX_POINT('',#6691);
#6691 = CARTESIAN_POINT('',(8.2,6.45,60.07));
#6692 = LINE('',#6693,#6694);
#6693 = CARTESIAN_POINT('',(8.2,6.45,60.07));
#6694 = VECTOR('',#6695,1.);
#6695 = DIRECTION('',(0.,1.,0.));
#6696 = ORIENTED_EDGE('',*,*,#6697,.T.);
#6697 = EDGE_CURVE('',#6690,#6690,#6698,.T.);
#6698 = CIRCLE('',#6699,2.8);
#6699 = AXIS2_PLACEMENT_3D('',#6700,#6701,#6702);
#6700 = CARTESIAN_POINT('',(8.2,6.45,57.27));
#6701 = DIRECTION('',(0.,1.,0.));
#6702 = DIRECTION('',(0.,0.,1.));
#6703 = ORIENTED_EDGE('',*,*,#6689,.T.);
#6704 = CYLINDRICAL_SURFACE('',#6705,2.8);
#6705 = AXIS2_PLACEMENT_3D('',#6706,#6707,#6708);
#6706 = CARTESIAN_POINT('',(8.2,6.45,57.27));
#6707 = DIRECTION('',(0.,1.,0.));
#6708 = DIRECTION('',(0.,0.,1.));
#6709 = ADVANCED_FACE('',(#6710),#6729,.T.);
#6710 = FACE_BOUND('',#6711,.T.);
#6711 = EDGE_LOOP('',(#6712,#6713,#6721,#6728));
#6712 = ORIENTED_EDGE('',*,*,#6223,.F.);
#6713 = ORIENTED_EDGE('',*,*,#6714,.F.);
#6714 = EDGE_CURVE('',#6715,#6224,#6717,.T.);
#6715 = VERTEX_POINT('',#6716);
#6716 = CARTESIAN_POINT('',(8.2,6.45,11.03));
#6717 = LINE('',#6718,#6719);
#6718 = CARTESIAN_POINT('',(8.2,6.45,11.03));
#6719 = VECTOR('',#6720,1.);
#6720 = DIRECTION('',(0.,1.,0.));
#6721 = ORIENTED_EDGE('',*,*,#6722,.T.);
#6722 = EDGE_CURVE('',#6715,#6715,#6723,.T.);
#6723 = CIRCLE('',#6724,2.8);
#6724 = AXIS2_PLACEMENT_3D('',#6725,#6726,#6727);
#6725 = CARTESIAN_POINT('',(8.2,6.45,8.23));
#6726 = DIRECTION('',(0.,1.,0.));
#6727 = DIRECTION('',(0.,0.,1.));
#6728 = ORIENTED_EDGE('',*,*,#6714,.T.);
#6729 = CYLINDRICAL_SURFACE('',#6730,2.8);
#6730 = AXIS2_PLACEMENT_3D('',#6731,#6732,#6733);
#6731 = CARTESIAN_POINT('',(8.2,6.45,8.23));
#6732 = DIRECTION('',(0.,1.,0.));
#6733 = DIRECTION('',(0.,0.,1.));
#6734 = ADVANCED_FACE('',(#6735),#6754,.T.);
#6735 = FACE_BOUND('',#6736,.T.);
#6736 = EDGE_LOOP('',(#6737,#6738,#6746,#6753));
#6737 = ORIENTED_EDGE('',*,*,#6234,.F.);
#6738 = ORIENTED_EDGE('',*,*,#6739,.F.);
#6739 = EDGE_CURVE('',#6740,#6235,#6742,.T.);
#6740 = VERTEX_POINT('',#6741);
#6741 = CARTESIAN_POINT('',(91.5,6.4,60.07));
#6742 = LINE('',#6743,#6744);
#6743 = CARTESIAN_POINT('',(91.5,6.4,60.07));
#6744 = VECTOR('',#6745,1.);
#6745 = DIRECTION('',(0.,1.,0.));
#6746 = ORIENTED_EDGE('',*,*,#6747,.T.);
#6747 = EDGE_CURVE('',#6740,#6740,#6748,.T.);
#6748 = CIRCLE('',#6749,2.8);
#6749 = AXIS2_PLACEMENT_3D('',#6750,#6751,#6752);
#6750 = CARTESIAN_POINT('',(91.5,6.4,57.27));
#6751 = DIRECTION('',(0.,1.,0.));
#6752 = DIRECTION('',(0.,0.,1.));
#6753 = ORIENTED_EDGE('',*,*,#6739,.T.);
#6754 = CYLINDRICAL_SURFACE('',#6755,2.8);
#6755 = AXIS2_PLACEMENT_3D('',#6756,#6757,#6758);
#6756 = CARTESIAN_POINT('',(91.5,6.4,57.27));
#6757 = DIRECTION('',(0.,1.,0.));
#6758 = DIRECTION('',(0.,0.,1.));
#6759 = ADVANCED_FACE('',(#6760),#6779,.F.);
#6760 = FACE_BOUND('',#6761,.F.);
#6761 = EDGE_LOOP('',(#6762,#6771,#6777,#6778));
#6762 = ORIENTED_EDGE('',*,*,#6763,.F.);
#6763 = EDGE_CURVE('',#6764,#6764,#6766,.T.);
#6764 = VERTEX_POINT('',#6765);
#6765 = CARTESIAN_POINT('',(112.4,12.9,61.3));
#6766 = CIRCLE('',#6767,1.4);
#6767 = AXIS2_PLACEMENT_3D('',#6768,#6769,#6770);
#6768 = CARTESIAN_POINT('',(112.4,12.9,59.9));
#6769 = DIRECTION('',(0.,1.,0.));
#6770 = DIRECTION('',(0.,0.,1.));
#6771 = ORIENTED_EDGE('',*,*,#6772,.F.);
#6772 = EDGE_CURVE('',#6246,#6764,#6773,.T.);
#6773 = LINE('',#6774,#6775);
#6774 = CARTESIAN_POINT('',(112.4,11.6,61.3));
#6775 = VECTOR('',#6776,1.);
#6776 = DIRECTION('',(0.,1.,0.));
#6777 = ORIENTED_EDGE('',*,*,#6245,.T.);
#6778 = ORIENTED_EDGE('',*,*,#6772,.T.);
#6779 = CYLINDRICAL_SURFACE('',#6780,1.4);
#6780 = AXIS2_PLACEMENT_3D('',#6781,#6782,#6783);
#6781 = CARTESIAN_POINT('',(112.4,11.6,59.9));
#6782 = DIRECTION('',(0.,1.,0.));
#6783 = DIRECTION('',(0.,0.,1.));
#6784 = ADVANCED_FACE('',(#6785),#6810,.T.);
#6785 = FACE_BOUND('',#6786,.T.);
#6786 = EDGE_LOOP('',(#6787,#6795,#6803,#6809));
#6787 = ORIENTED_EDGE('',*,*,#6788,.F.);
#6788 = EDGE_CURVE('',#6789,#6259,#6791,.T.);
#6789 = VERTEX_POINT('',#6790);
#6790 = CARTESIAN_POINT('',(99.65,6.5,24.2));
#6791 = LINE('',#6792,#6793);
#6792 = CARTESIAN_POINT('',(99.65,6.5,24.2));
#6793 = VECTOR('',#6794,1.);
#6794 = DIRECTION('',(0.,0.989324832094,0.145727062011));
#6795 = ORIENTED_EDGE('',*,*,#6796,.T.);
#6796 = EDGE_CURVE('',#6789,#6797,#6799,.T.);
#6797 = VERTEX_POINT('',#6798);
#6798 = CARTESIAN_POINT('',(107.65,6.5,24.2));
#6799 = LINE('',#6800,#6801);
#6800 = CARTESIAN_POINT('',(99.65,6.5,24.2));
#6801 = VECTOR('',#6802,1.);
#6802 = DIRECTION('',(1.,0.,0.));
#6803 = ORIENTED_EDGE('',*,*,#6804,.T.);
#6804 = EDGE_CURVE('',#6797,#6257,#6805,.T.);
#6805 = LINE('',#6806,#6807);
#6806 = CARTESIAN_POINT('',(107.65,6.5,24.2));
#6807 = VECTOR('',#6808,1.);
#6808 = DIRECTION('',(0.,0.989324832094,0.145727062011));
#6809 = ORIENTED_EDGE('',*,*,#6256,.T.);
#6810 = PLANE('',#6811);
#6811 = AXIS2_PLACEMENT_3D('',#6812,#6813,#6814);
#6812 = CARTESIAN_POINT('',(99.65,6.5,24.2));
#6813 = DIRECTION('',(0.,-0.145727062011,0.989324832094));
#6814 = DIRECTION('',(0.,0.989324832094,0.145727062011));
#6815 = ADVANCED_FACE('',(#6816),#6834,.F.);
#6816 = FACE_BOUND('',#6817,.F.);
#6817 = EDGE_LOOP('',(#6818,#6826,#6832,#6833));
#6818 = ORIENTED_EDGE('',*,*,#6819,.T.);
#6819 = EDGE_CURVE('',#6267,#6820,#6822,.T.);
#6820 = VERTEX_POINT('',#6821);
#6821 = CARTESIAN_POINT('',(107.65,6.5,21.8));
#6822 = LINE('',#6823,#6824);
#6823 = CARTESIAN_POINT('',(107.65,12.61,20.9));
#6824 = VECTOR('',#6825,1.);
#6825 = DIRECTION('',(0.,-0.989324832094,0.145727062011));
#6826 = ORIENTED_EDGE('',*,*,#6827,.T.);
#6827 = EDGE_CURVE('',#6820,#6797,#6828,.T.);
#6828 = LINE('',#6829,#6830);
#6829 = CARTESIAN_POINT('',(107.65,6.5,21.8));
#6830 = VECTOR('',#6831,1.);
#6831 = DIRECTION('',(0.,0.,1.));
#6832 = ORIENTED_EDGE('',*,*,#6804,.T.);
#6833 = ORIENTED_EDGE('',*,*,#6266,.T.);
#6834 = PLANE('',#6835);
#6835 = AXIS2_PLACEMENT_3D('',#6836,#6837,#6838);
#6836 = CARTESIAN_POINT('',(107.65,9.84515624503,23.));
#6837 = DIRECTION('',(-1.,-0.,-0.));
#6838 = DIRECTION('',(0.,0.,-1.));
#6839 = ADVANCED_FACE('',(#6840),#6858,.T.);
#6840 = FACE_BOUND('',#6841,.T.);
#6841 = EDGE_LOOP('',(#6842,#6850,#6856,#6857));
#6842 = ORIENTED_EDGE('',*,*,#6843,.T.);
#6843 = EDGE_CURVE('',#6275,#6844,#6846,.T.);
#6844 = VERTEX_POINT('',#6845);
#6845 = CARTESIAN_POINT('',(99.65,6.5,21.8));
#6846 = LINE('',#6847,#6848);
#6847 = CARTESIAN_POINT('',(99.65,12.61,20.9));
#6848 = VECTOR('',#6849,1.);
#6849 = DIRECTION('',(0.,-0.989324832094,0.145727062011));
#6850 = ORIENTED_EDGE('',*,*,#6851,.T.);
#6851 = EDGE_CURVE('',#6844,#6789,#6852,.T.);
#6852 = LINE('',#6853,#6854);
#6853 = CARTESIAN_POINT('',(99.65,6.5,21.8));
#6854 = VECTOR('',#6855,1.);
#6855 = DIRECTION('',(0.,0.,1.));
#6856 = ORIENTED_EDGE('',*,*,#6788,.T.);
#6857 = ORIENTED_EDGE('',*,*,#6282,.T.);
#6858 = PLANE('',#6859);
#6859 = AXIS2_PLACEMENT_3D('',#6860,#6861,#6862);
#6860 = CARTESIAN_POINT('',(99.65,9.84515624503,23.));
#6861 = DIRECTION('',(-1.,-0.,-0.));
#6862 = DIRECTION('',(0.,0.,-1.));
#6863 = ADVANCED_FACE('',(#6864),#6875,.T.);
#6864 = FACE_BOUND('',#6865,.T.);
#6865 = EDGE_LOOP('',(#6866,#6867,#6868,#6869));
#6866 = ORIENTED_EDGE('',*,*,#6843,.F.);
#6867 = ORIENTED_EDGE('',*,*,#6274,.T.);
#6868 = ORIENTED_EDGE('',*,*,#6819,.T.);
#6869 = ORIENTED_EDGE('',*,*,#6870,.F.);
#6870 = EDGE_CURVE('',#6844,#6820,#6871,.T.);
#6871 = LINE('',#6872,#6873);
#6872 = CARTESIAN_POINT('',(99.65,6.5,21.8));
#6873 = VECTOR('',#6874,1.);
#6874 = DIRECTION('',(1.,0.,0.));
#6875 = PLANE('',#6876);
#6876 = AXIS2_PLACEMENT_3D('',#6877,#6878,#6879);
#6877 = CARTESIAN_POINT('',(99.65,12.61,20.9));
#6878 = DIRECTION('',(0.,-0.145727062011,-0.989324832094));
#6879 = DIRECTION('',(0.,-0.989324832094,0.145727062011));
#6880 = ADVANCED_FACE('',(#6881),#6900,.T.);
#6881 = FACE_BOUND('',#6882,.T.);
#6882 = EDGE_LOOP('',(#6883,#6884,#6892,#6899));
#6883 = ORIENTED_EDGE('',*,*,#6290,.F.);
#6884 = ORIENTED_EDGE('',*,*,#6885,.F.);
#6885 = EDGE_CURVE('',#6886,#6291,#6888,.T.);
#6886 = VERTEX_POINT('',#6887);
#6887 = CARTESIAN_POINT('',(91.5,6.45,11.03));
#6888 = LINE('',#6889,#6890);
#6889 = CARTESIAN_POINT('',(91.5,6.45,11.03));
#6890 = VECTOR('',#6891,1.);
#6891 = DIRECTION('',(0.,1.,0.));
#6892 = ORIENTED_EDGE('',*,*,#6893,.T.);
#6893 = EDGE_CURVE('',#6886,#6886,#6894,.T.);
#6894 = CIRCLE('',#6895,2.8);
#6895 = AXIS2_PLACEMENT_3D('',#6896,#6897,#6898);
#6896 = CARTESIAN_POINT('',(91.5,6.45,8.23));
#6897 = DIRECTION('',(0.,1.,0.));
#6898 = DIRECTION('',(0.,0.,1.));
#6899 = ORIENTED_EDGE('',*,*,#6885,.T.);
#6900 = CYLINDRICAL_SURFACE('',#6901,2.8);
#6901 = AXIS2_PLACEMENT_3D('',#6902,#6903,#6904);
#6902 = CARTESIAN_POINT('',(91.5,6.45,8.23));
#6903 = DIRECTION('',(0.,1.,0.));
#6904 = DIRECTION('',(0.,0.,1.));
#6905 = ADVANCED_FACE('',(#6906),#6931,.T.);
#6906 = FACE_BOUND('',#6907,.T.);
#6907 = EDGE_LOOP('',(#6908,#6916,#6924,#6930));
#6908 = ORIENTED_EDGE('',*,*,#6909,.F.);
#6909 = EDGE_CURVE('',#6910,#6304,#6912,.T.);
#6910 = VERTEX_POINT('',#6911);
#6911 = CARTESIAN_POINT('',(99.65,6.5,17.8));
#6912 = LINE('',#6913,#6914);
#6913 = CARTESIAN_POINT('',(99.65,6.5,17.8));
#6914 = VECTOR('',#6915,1.);
#6915 = DIRECTION('',(0.,0.989324832094,0.145727062011));
#6916 = ORIENTED_EDGE('',*,*,#6917,.T.);
#6917 = EDGE_CURVE('',#6910,#6918,#6920,.T.);
#6918 = VERTEX_POINT('',#6919);
#6919 = CARTESIAN_POINT('',(107.65,6.5,17.8));
#6920 = LINE('',#6921,#6922);
#6921 = CARTESIAN_POINT('',(99.65,6.5,17.8));
#6922 = VECTOR('',#6923,1.);
#6923 = DIRECTION('',(1.,0.,0.));
#6924 = ORIENTED_EDGE('',*,*,#6925,.T.);
#6925 = EDGE_CURVE('',#6918,#6302,#6926,.T.);
#6926 = LINE('',#6927,#6928);
#6927 = CARTESIAN_POINT('',(107.65,6.5,17.8));
#6928 = VECTOR('',#6929,1.);
#6929 = DIRECTION('',(0.,0.989324832094,0.145727062011));
#6930 = ORIENTED_EDGE('',*,*,#6301,.T.);
#6931 = PLANE('',#6932);
#6932 = AXIS2_PLACEMENT_3D('',#6933,#6934,#6935);
#6933 = CARTESIAN_POINT('',(99.65,6.5,17.8));
#6934 = DIRECTION('',(0.,-0.145727062011,0.989324832094));
#6935 = DIRECTION('',(0.,0.989324832094,0.145727062011));
#6936 = ADVANCED_FACE('',(#6937),#6955,.F.);
#6937 = FACE_BOUND('',#6938,.F.);
#6938 = EDGE_LOOP('',(#6939,#6947,#6953,#6954));
#6939 = ORIENTED_EDGE('',*,*,#6940,.T.);
#6940 = EDGE_CURVE('',#6312,#6941,#6943,.T.);
#6941 = VERTEX_POINT('',#6942);
#6942 = CARTESIAN_POINT('',(107.65,6.5,15.4));
#6943 = LINE('',#6944,#6945);
#6944 = CARTESIAN_POINT('',(107.65,12.61,14.5));
#6945 = VECTOR('',#6946,1.);
#6946 = DIRECTION('',(0.,-0.989324832094,0.145727062011));
#6947 = ORIENTED_EDGE('',*,*,#6948,.T.);
#6948 = EDGE_CURVE('',#6941,#6918,#6949,.T.);
#6949 = LINE('',#6950,#6951);
#6950 = CARTESIAN_POINT('',(107.65,6.5,15.4));
#6951 = VECTOR('',#6952,1.);
#6952 = DIRECTION('',(0.,0.,1.));
#6953 = ORIENTED_EDGE('',*,*,#6925,.T.);
#6954 = ORIENTED_EDGE('',*,*,#6311,.T.);
#6955 = PLANE('',#6956);
#6956 = AXIS2_PLACEMENT_3D('',#6957,#6958,#6959);
#6957 = CARTESIAN_POINT('',(107.65,9.84515624503,16.6));
#6958 = DIRECTION('',(-1.,-0.,-0.));
#6959 = DIRECTION('',(0.,0.,-1.));
#6960 = ADVANCED_FACE('',(#6961),#6979,.T.);
#6961 = FACE_BOUND('',#6962,.T.);
#6962 = EDGE_LOOP('',(#6963,#6971,#6977,#6978));
#6963 = ORIENTED_EDGE('',*,*,#6964,.T.);
#6964 = EDGE_CURVE('',#6320,#6965,#6967,.T.);
#6965 = VERTEX_POINT('',#6966);
#6966 = CARTESIAN_POINT('',(99.65,6.5,15.4));
#6967 = LINE('',#6968,#6969);
#6968 = CARTESIAN_POINT('',(99.65,12.61,14.5));
#6969 = VECTOR('',#6970,1.);
#6970 = DIRECTION('',(0.,-0.989324832094,0.145727062011));
#6971 = ORIENTED_EDGE('',*,*,#6972,.T.);
#6972 = EDGE_CURVE('',#6965,#6910,#6973,.T.);
#6973 = LINE('',#6974,#6975);
#6974 = CARTESIAN_POINT('',(99.65,6.5,15.4));
#6975 = VECTOR('',#6976,1.);
#6976 = DIRECTION('',(0.,0.,1.));
#6977 = ORIENTED_EDGE('',*,*,#6909,.T.);
#6978 = ORIENTED_EDGE('',*,*,#6327,.T.);
#6979 = PLANE('',#6980);
#6980 = AXIS2_PLACEMENT_3D('',#6981,#6982,#6983);
#6981 = CARTESIAN_POINT('',(99.65,9.84515624503,16.6));
#6982 = DIRECTION('',(-1.,-0.,-0.));
#6983 = DIRECTION('',(0.,0.,-1.));
#6984 = ADVANCED_FACE('',(#6985),#6996,.T.);
#6985 = FACE_BOUND('',#6986,.T.);
#6986 = EDGE_LOOP('',(#6987,#6988,#6989,#6990));
#6987 = ORIENTED_EDGE('',*,*,#6964,.F.);
#6988 = ORIENTED_EDGE('',*,*,#6319,.T.);
#6989 = ORIENTED_EDGE('',*,*,#6940,.T.);
#6990 = ORIENTED_EDGE('',*,*,#6991,.F.);
#6991 = EDGE_CURVE('',#6965,#6941,#6992,.T.);
#6992 = LINE('',#6993,#6994);
#6993 = CARTESIAN_POINT('',(99.65,6.5,15.4));
#6994 = VECTOR('',#6995,1.);
#6995 = DIRECTION('',(1.,0.,0.));
#6996 = PLANE('',#6997);
#6997 = AXIS2_PLACEMENT_3D('',#6998,#6999,#7000);
#6998 = CARTESIAN_POINT('',(99.65,12.61,14.5));
#6999 = DIRECTION('',(0.,-0.145727062011,-0.989324832094));
#7000 = DIRECTION('',(0.,-0.989324832094,0.145727062011));
#7001 = ADVANCED_FACE('',(#7002),#7027,.T.);
#7002 = FACE_BOUND('',#7003,.T.);
#7003 = EDGE_LOOP('',(#7004,#7012,#7020,#7026));
#7004 = ORIENTED_EDGE('',*,*,#7005,.F.);
#7005 = EDGE_CURVE('',#7006,#6338,#7008,.T.);
#7006 = VERTEX_POINT('',#7007);
#7007 = CARTESIAN_POINT('',(99.65,6.5,8.8));
#7008 = LINE('',#7009,#7010);
#7009 = CARTESIAN_POINT('',(99.65,6.5,8.8));
#7010 = VECTOR('',#7011,1.);
#7011 = DIRECTION('',(0.,0.989324832094,0.145727062011));
#7012 = ORIENTED_EDGE('',*,*,#7013,.T.);
#7013 = EDGE_CURVE('',#7006,#7014,#7016,.T.);
#7014 = VERTEX_POINT('',#7015);
#7015 = CARTESIAN_POINT('',(107.65,6.5,8.8));
#7016 = LINE('',#7017,#7018);
#7017 = CARTESIAN_POINT('',(99.65,6.5,8.8));
#7018 = VECTOR('',#7019,1.);
#7019 = DIRECTION('',(1.,0.,0.));
#7020 = ORIENTED_EDGE('',*,*,#7021,.T.);
#7021 = EDGE_CURVE('',#7014,#6336,#7022,.T.);
#7022 = LINE('',#7023,#7024);
#7023 = CARTESIAN_POINT('',(107.65,6.5,8.8));
#7024 = VECTOR('',#7025,1.);
#7025 = DIRECTION('',(0.,0.989324832094,0.145727062011));
#7026 = ORIENTED_EDGE('',*,*,#6335,.T.);
#7027 = PLANE('',#7028);
#7028 = AXIS2_PLACEMENT_3D('',#7029,#7030,#7031);
#7029 = CARTESIAN_POINT('',(99.65,6.5,8.8));
#7030 = DIRECTION('',(0.,-0.145727062011,0.989324832094));
#7031 = DIRECTION('',(0.,0.989324832094,0.145727062011));
#7032 = ADVANCED_FACE('',(#7033),#7051,.F.);
#7033 = FACE_BOUND('',#7034,.F.);
#7034 = EDGE_LOOP('',(#7035,#7043,#7049,#7050));
#7035 = ORIENTED_EDGE('',*,*,#7036,.T.);
#7036 = EDGE_CURVE('',#6346,#7037,#7039,.T.);
#7037 = VERTEX_POINT('',#7038);
#7038 = CARTESIAN_POINT('',(107.65,6.5,6.4));
#7039 = LINE('',#7040,#7041);
#7040 = CARTESIAN_POINT('',(107.65,12.61,5.5));
#7041 = VECTOR('',#7042,1.);
#7042 = DIRECTION('',(0.,-0.989324832094,0.145727062011));
#7043 = ORIENTED_EDGE('',*,*,#7044,.T.);
#7044 = EDGE_CURVE('',#7037,#7014,#7045,.T.);
#7045 = LINE('',#7046,#7047);
#7046 = CARTESIAN_POINT('',(107.65,6.5,6.4));
#7047 = VECTOR('',#7048,1.);
#7048 = DIRECTION('',(0.,0.,1.));
#7049 = ORIENTED_EDGE('',*,*,#7021,.T.);
#7050 = ORIENTED_EDGE('',*,*,#6345,.T.);
#7051 = PLANE('',#7052);
#7052 = AXIS2_PLACEMENT_3D('',#7053,#7054,#7055);
#7053 = CARTESIAN_POINT('',(107.65,9.84515624503,7.6));
#7054 = DIRECTION('',(-1.,-0.,-0.));
#7055 = DIRECTION('',(0.,0.,-1.));
#7056 = ADVANCED_FACE('',(#7057),#7075,.T.);
#7057 = FACE_BOUND('',#7058,.T.);
#7058 = EDGE_LOOP('',(#7059,#7067,#7073,#7074));
#7059 = ORIENTED_EDGE('',*,*,#7060,.T.);
#7060 = EDGE_CURVE('',#6354,#7061,#7063,.T.);
#7061 = VERTEX_POINT('',#7062);
#7062 = CARTESIAN_POINT('',(99.65,6.5,6.4));
#7063 = LINE('',#7064,#7065);
#7064 = CARTESIAN_POINT('',(99.65,12.61,5.5));
#7065 = VECTOR('',#7066,1.);
#7066 = DIRECTION('',(0.,-0.989324832094,0.145727062011));
#7067 = ORIENTED_EDGE('',*,*,#7068,.T.);
#7068 = EDGE_CURVE('',#7061,#7006,#7069,.T.);
#7069 = LINE('',#7070,#7071);
#7070 = CARTESIAN_POINT('',(99.65,6.5,6.4));
#7071 = VECTOR('',#7072,1.);
#7072 = DIRECTION('',(0.,0.,1.));
#7073 = ORIENTED_EDGE('',*,*,#7005,.T.);
#7074 = ORIENTED_EDGE('',*,*,#6361,.T.);
#7075 = PLANE('',#7076);
#7076 = AXIS2_PLACEMENT_3D('',#7077,#7078,#7079);
#7077 = CARTESIAN_POINT('',(99.65,9.84515624503,7.6));
#7078 = DIRECTION('',(-1.,-0.,-0.));
#7079 = DIRECTION('',(0.,0.,-1.));
#7080 = ADVANCED_FACE('',(#7081),#7092,.T.);
#7081 = FACE_BOUND('',#7082,.T.);
#7082 = EDGE_LOOP('',(#7083,#7084,#7085,#7086));
#7083 = ORIENTED_EDGE('',*,*,#7060,.F.);
#7084 = ORIENTED_EDGE('',*,*,#6353,.T.);
#7085 = ORIENTED_EDGE('',*,*,#7036,.T.);
#7086 = ORIENTED_EDGE('',*,*,#7087,.F.);
#7087 = EDGE_CURVE('',#7061,#7037,#7088,.T.);
#7088 = LINE('',#7089,#7090);
#7089 = CARTESIAN_POINT('',(99.65,6.5,6.4));
#7090 = VECTOR('',#7091,1.);
#7091 = DIRECTION('',(1.,0.,0.));
#7092 = PLANE('',#7093);
#7093 = AXIS2_PLACEMENT_3D('',#7094,#7095,#7096);
#7094 = CARTESIAN_POINT('',(99.65,12.61,5.5));
#7095 = DIRECTION('',(0.,-0.145727062011,-0.989324832094));
#7096 = DIRECTION('',(0.,-0.989324832094,0.145727062011));
#7097 = ADVANCED_FACE('',(#7098),#7104,.F.);
#7098 = FACE_BOUND('',#7099,.F.);
#7099 = EDGE_LOOP('',(#7100,#7101,#7102,#7103));
#7100 = ORIENTED_EDGE('',*,*,#6577,.F.);
#7101 = ORIENTED_EDGE('',*,*,#6560,.T.);
#7102 = ORIENTED_EDGE('',*,*,#6536,.T.);
#7103 = ORIENTED_EDGE('',*,*,#6418,.T.);
#7104 = PLANE('',#7105);
#7105 = AXIS2_PLACEMENT_3D('',#7106,#7107,#7108);
#7106 = CARTESIAN_POINT('',(36.,13.8,3.05));
#7107 = DIRECTION('',(0.,0.,1.));
#7108 = DIRECTION('',(1.,0.,0.));
#7109 = ADVANCED_FACE('',(#7110,#7113),#7124,.F.);
#7110 = FACE_BOUND('',#7111,.F.);
#7111 = EDGE_LOOP('',(#7112));
#7112 = ORIENTED_EDGE('',*,*,#6697,.T.);
#7113 = FACE_BOUND('',#7114,.F.);
#7114 = EDGE_LOOP('',(#7115));
#7115 = ORIENTED_EDGE('',*,*,#7116,.F.);
#7116 = EDGE_CURVE('',#7117,#7117,#7119,.T.);
#7117 = VERTEX_POINT('',#7118);
#7118 = CARTESIAN_POINT('',(8.2,6.45,58.67));
#7119 = CIRCLE('',#7120,1.4);
#7120 = AXIS2_PLACEMENT_3D('',#7121,#7122,#7123);
#7121 = CARTESIAN_POINT('',(8.2,6.45,57.27));
#7122 = DIRECTION('',(0.,1.,0.));
#7123 = DIRECTION('',(0.,0.,1.));
#7124 = PLANE('',#7125);
#7125 = AXIS2_PLACEMENT_3D('',#7126,#7127,#7128);
#7126 = CARTESIAN_POINT('',(8.2,6.45,57.27));
#7127 = DIRECTION('',(0.,1.,0.));
#7128 = DIRECTION('',(0.,0.,1.));
#7129 = ADVANCED_FACE('',(#7130,#7133),#7144,.F.);
#7130 = FACE_BOUND('',#7131,.F.);
#7131 = EDGE_LOOP('',(#7132));
#7132 = ORIENTED_EDGE('',*,*,#6722,.T.);
#7133 = FACE_BOUND('',#7134,.F.);
#7134 = EDGE_LOOP('',(#7135));
#7135 = ORIENTED_EDGE('',*,*,#7136,.F.);
#7136 = EDGE_CURVE('',#7137,#7137,#7139,.T.);
#7137 = VERTEX_POINT('',#7138);
#7138 = CARTESIAN_POINT('',(8.2,6.45,9.63));
#7139 = CIRCLE('',#7140,1.4);
#7140 = AXIS2_PLACEMENT_3D('',#7141,#7142,#7143);
#7141 = CARTESIAN_POINT('',(8.2,6.45,8.23));
#7142 = DIRECTION('',(0.,1.,0.));
#7143 = DIRECTION('',(0.,0.,1.));
#7144 = PLANE('',#7145);
#7145 = AXIS2_PLACEMENT_3D('',#7146,#7147,#7148);
#7146 = CARTESIAN_POINT('',(8.2,6.45,8.23));
#7147 = DIRECTION('',(0.,1.,0.));
#7148 = DIRECTION('',(0.,0.,1.));
#7149 = ADVANCED_FACE('',(#7150,#7153),#7164,.F.);
#7150 = FACE_BOUND('',#7151,.F.);
#7151 = EDGE_LOOP('',(#7152));
#7152 = ORIENTED_EDGE('',*,*,#6747,.T.);
#7153 = FACE_BOUND('',#7154,.F.);
#7154 = EDGE_LOOP('',(#7155));
#7155 = ORIENTED_EDGE('',*,*,#7156,.F.);
#7156 = EDGE_CURVE('',#7157,#7157,#7159,.T.);
#7157 = VERTEX_POINT('',#7158);
#7158 = CARTESIAN_POINT('',(91.5,6.4,59.02));
#7159 = CIRCLE('',#7160,1.75);
#7160 = AXIS2_PLACEMENT_3D('',#7161,#7162,#7163);
#7161 = CARTESIAN_POINT('',(91.5,6.4,57.27));
#7162 = DIRECTION('',(0.,1.,0.));
#7163 = DIRECTION('',(0.,0.,1.));
#7164 = PLANE('',#7165);
#7165 = AXIS2_PLACEMENT_3D('',#7166,#7167,#7168);
#7166 = CARTESIAN_POINT('',(91.5,6.4,57.27));
#7167 = DIRECTION('',(0.,1.,0.));
#7168 = DIRECTION('',(0.,0.,1.));
#7169 = ADVANCED_FACE('',(#7170),#7189,.F.);
#7170 = FACE_BOUND('',#7171,.F.);
#7171 = EDGE_LOOP('',(#7172,#7181,#7187,#7188));
#7172 = ORIENTED_EDGE('',*,*,#7173,.F.);
#7173 = EDGE_CURVE('',#7174,#7174,#7176,.T.);
#7174 = VERTEX_POINT('',#7175);
#7175 = CARTESIAN_POINT('',(112.4,13.99,62.39));
#7176 = CIRCLE('',#7177,2.49);
#7177 = AXIS2_PLACEMENT_3D('',#7178,#7179,#7180);
#7178 = CARTESIAN_POINT('',(112.4,13.99,59.9));
#7179 = DIRECTION('',(0.,1.,0.));
#7180 = DIRECTION('',(0.,0.,1.));
#7181 = ORIENTED_EDGE('',*,*,#7182,.F.);
#7182 = EDGE_CURVE('',#6764,#7174,#7183,.T.);
#7183 = LINE('',#7184,#7185);
#7184 = CARTESIAN_POINT('',(112.4,12.9,61.3));
#7185 = VECTOR('',#7186,1.);
#7186 = DIRECTION('',(-1.731912112471E-16,0.707106781187,0.707106781187)
  );
#7187 = ORIENTED_EDGE('',*,*,#6763,.T.);
#7188 = ORIENTED_EDGE('',*,*,#7182,.T.);
#7189 = CONICAL_SURFACE('',#7190,1.4,0.785398163397);
#7190 = AXIS2_PLACEMENT_3D('',#7191,#7192,#7193);
#7191 = CARTESIAN_POINT('',(112.4,12.9,59.9));
#7192 = DIRECTION('',(0.,1.,0.));
#7193 = DIRECTION('',(0.,0.,1.));
#7194 = ADVANCED_FACE('',(#7195),#7201,.T.);
#7195 = FACE_BOUND('',#7196,.T.);
#7196 = EDGE_LOOP('',(#7197,#7198,#7199,#7200));
#7197 = ORIENTED_EDGE('',*,*,#6870,.T.);
#7198 = ORIENTED_EDGE('',*,*,#6827,.T.);
#7199 = ORIENTED_EDGE('',*,*,#6796,.F.);
#7200 = ORIENTED_EDGE('',*,*,#6851,.F.);
#7201 = PLANE('',#7202);
#7202 = AXIS2_PLACEMENT_3D('',#7203,#7204,#7205);
#7203 = CARTESIAN_POINT('',(99.65,6.5,21.8));
#7204 = DIRECTION('',(0.,-1.,0.));
#7205 = DIRECTION('',(0.,0.,1.));
#7206 = ADVANCED_FACE('',(#7207,#7210),#7221,.F.);
#7207 = FACE_BOUND('',#7208,.F.);
#7208 = EDGE_LOOP('',(#7209));
#7209 = ORIENTED_EDGE('',*,*,#6893,.T.);
#7210 = FACE_BOUND('',#7211,.F.);
#7211 = EDGE_LOOP('',(#7212));
#7212 = ORIENTED_EDGE('',*,*,#7213,.F.);
#7213 = EDGE_CURVE('',#7214,#7214,#7216,.T.);
#7214 = VERTEX_POINT('',#7215);
#7215 = CARTESIAN_POINT('',(91.5,6.45,9.63));
#7216 = CIRCLE('',#7217,1.4);
#7217 = AXIS2_PLACEMENT_3D('',#7218,#7219,#7220);
#7218 = CARTESIAN_POINT('',(91.5,6.45,8.23));
#7219 = DIRECTION('',(0.,1.,0.));
#7220 = DIRECTION('',(0.,0.,1.));
#7221 = PLANE('',#7222);
#7222 = AXIS2_PLACEMENT_3D('',#7223,#7224,#7225);
#7223 = CARTESIAN_POINT('',(91.5,6.45,8.23));
#7224 = DIRECTION('',(0.,1.,0.));
#7225 = DIRECTION('',(0.,0.,1.));
#7226 = ADVANCED_FACE('',(#7227),#7233,.T.);
#7227 = FACE_BOUND('',#7228,.T.);
#7228 = EDGE_LOOP('',(#7229,#7230,#7231,#7232));
#7229 = ORIENTED_EDGE('',*,*,#6991,.T.);
#7230 = ORIENTED_EDGE('',*,*,#6948,.T.);
#7231 = ORIENTED_EDGE('',*,*,#6917,.F.);
#7232 = ORIENTED_EDGE('',*,*,#6972,.F.);
#7233 = PLANE('',#7234);
#7234 = AXIS2_PLACEMENT_3D('',#7235,#7236,#7237);
#7235 = CARTESIAN_POINT('',(99.65,6.5,15.4));
#7236 = DIRECTION('',(0.,-1.,0.));
#7237 = DIRECTION('',(0.,0.,1.));
#7238 = ADVANCED_FACE('',(#7239),#7245,.T.);
#7239 = FACE_BOUND('',#7240,.T.);
#7240 = EDGE_LOOP('',(#7241,#7242,#7243,#7244));
#7241 = ORIENTED_EDGE('',*,*,#7087,.T.);
#7242 = ORIENTED_EDGE('',*,*,#7044,.T.);
#7243 = ORIENTED_EDGE('',*,*,#7013,.F.);
#7244 = ORIENTED_EDGE('',*,*,#7068,.F.);
#7245 = PLANE('',#7246);
#7246 = AXIS2_PLACEMENT_3D('',#7247,#7248,#7249);
#7247 = CARTESIAN_POINT('',(99.65,6.5,6.4));
#7248 = DIRECTION('',(0.,-1.,0.));
#7249 = DIRECTION('',(0.,0.,1.));
#7250 = ADVANCED_FACE('',(#7251),#7262,.F.);
#7251 = FACE_BOUND('',#7252,.F.);
#7252 = EDGE_LOOP('',(#7253,#7254,#7260,#7261));
#7253 = ORIENTED_EDGE('',*,*,#6063,.F.);
#7254 = ORIENTED_EDGE('',*,*,#7255,.F.);
#7255 = EDGE_CURVE('',#7117,#6056,#7256,.T.);
#7256 = LINE('',#7257,#7258);
#7257 = CARTESIAN_POINT('',(8.2,5.4,58.67));
#7258 = VECTOR('',#7259,1.);
#7259 = DIRECTION('',(0.,1.,0.));
#7260 = ORIENTED_EDGE('',*,*,#7116,.T.);
#7261 = ORIENTED_EDGE('',*,*,#7255,.T.);
#7262 = CYLINDRICAL_SURFACE('',#7263,1.4);
#7263 = AXIS2_PLACEMENT_3D('',#7264,#7265,#7266);
#7264 = CARTESIAN_POINT('',(8.2,5.4,57.27));
#7265 = DIRECTION('',(0.,1.,0.));
#7266 = DIRECTION('',(0.,0.,1.));
#7267 = ADVANCED_FACE('',(#7268),#7279,.F.);
#7268 = FACE_BOUND('',#7269,.F.);
#7269 = EDGE_LOOP('',(#7270,#7271,#7277,#7278));
#7270 = ORIENTED_EDGE('',*,*,#6010,.F.);
#7271 = ORIENTED_EDGE('',*,*,#7272,.F.);
#7272 = EDGE_CURVE('',#7137,#6003,#7273,.T.);
#7273 = LINE('',#7274,#7275);
#7274 = CARTESIAN_POINT('',(8.2,5.4,9.63));
#7275 = VECTOR('',#7276,1.);
#7276 = DIRECTION('',(0.,1.,0.));
#7277 = ORIENTED_EDGE('',*,*,#7136,.T.);
#7278 = ORIENTED_EDGE('',*,*,#7272,.T.);
#7279 = CYLINDRICAL_SURFACE('',#7280,1.4);
#7280 = AXIS2_PLACEMENT_3D('',#7281,#7282,#7283);
#7281 = CARTESIAN_POINT('',(8.2,5.4,8.23));
#7282 = DIRECTION('',(0.,1.,0.));
#7283 = DIRECTION('',(0.,0.,1.));
#7284 = ADVANCED_FACE('',(#7285),#7304,.F.);
#7285 = FACE_BOUND('',#7286,.F.);
#7286 = EDGE_LOOP('',(#7287,#7296,#7302,#7303));
#7287 = ORIENTED_EDGE('',*,*,#7288,.F.);
#7288 = EDGE_CURVE('',#7289,#7289,#7291,.T.);
#7289 = VERTEX_POINT('',#7290);
#7290 = CARTESIAN_POINT('',(91.5,12.6,59.02));
#7291 = CIRCLE('',#7292,1.75);
#7292 = AXIS2_PLACEMENT_3D('',#7293,#7294,#7295);
#7293 = CARTESIAN_POINT('',(91.5,12.6,57.27));
#7294 = DIRECTION('',(0.,1.,0.));
#7295 = DIRECTION('',(0.,0.,1.));
#7296 = ORIENTED_EDGE('',*,*,#7297,.F.);
#7297 = EDGE_CURVE('',#7157,#7289,#7298,.T.);
#7298 = LINE('',#7299,#7300);
#7299 = CARTESIAN_POINT('',(91.5,5.4,59.02));
#7300 = VECTOR('',#7301,1.);
#7301 = DIRECTION('',(0.,1.,0.));
#7302 = ORIENTED_EDGE('',*,*,#7156,.T.);
#7303 = ORIENTED_EDGE('',*,*,#7297,.T.);
#7304 = CYLINDRICAL_SURFACE('',#7305,1.75);
#7305 = AXIS2_PLACEMENT_3D('',#7306,#7307,#7308);
#7306 = CARTESIAN_POINT('',(91.5,5.4,57.27));
#7307 = DIRECTION('',(0.,1.,0.));
#7308 = DIRECTION('',(0.,0.,1.));
#7309 = ADVANCED_FACE('',(#7310,#7321),#7324,.T.);
#7310 = FACE_BOUND('',#7311,.T.);
#7311 = EDGE_LOOP('',(#7312));
#7312 = ORIENTED_EDGE('',*,*,#7313,.T.);
#7313 = EDGE_CURVE('',#7314,#7314,#7316,.T.);
#7314 = VERTEX_POINT('',#7315);
#7315 = CARTESIAN_POINT('',(112.4,13.99,62.4));
#7316 = CIRCLE('',#7317,2.5);
#7317 = AXIS2_PLACEMENT_3D('',#7318,#7319,#7320);
#7318 = CARTESIAN_POINT('',(112.4,13.99,59.9));
#7319 = DIRECTION('',(0.,1.,0.));
#7320 = DIRECTION('',(0.,0.,1.));
#7321 = FACE_BOUND('',#7322,.T.);
#7322 = EDGE_LOOP('',(#7323));
#7323 = ORIENTED_EDGE('',*,*,#7173,.F.);
#7324 = PLANE('',#7325);
#7325 = AXIS2_PLACEMENT_3D('',#7326,#7327,#7328);
#7326 = CARTESIAN_POINT('',(112.4,13.99,59.9));
#7327 = DIRECTION('',(0.,1.,0.));
#7328 = DIRECTION('',(0.,0.,1.));
#7329 = ADVANCED_FACE('',(#7330),#7341,.F.);
#7330 = FACE_BOUND('',#7331,.F.);
#7331 = EDGE_LOOP('',(#7332,#7333,#7339,#7340));
#7332 = ORIENTED_EDGE('',*,*,#5957,.F.);
#7333 = ORIENTED_EDGE('',*,*,#7334,.F.);
#7334 = EDGE_CURVE('',#7214,#5950,#7335,.T.);
#7335 = LINE('',#7336,#7337);
#7336 = CARTESIAN_POINT('',(91.5,5.4,9.63));
#7337 = VECTOR('',#7338,1.);
#7338 = DIRECTION('',(0.,1.,0.));
#7339 = ORIENTED_EDGE('',*,*,#7213,.T.);
#7340 = ORIENTED_EDGE('',*,*,#7334,.T.);
#7341 = CYLINDRICAL_SURFACE('',#7342,1.4);
#7342 = AXIS2_PLACEMENT_3D('',#7343,#7344,#7345);
#7343 = CARTESIAN_POINT('',(91.5,5.4,8.23));
#7344 = DIRECTION('',(0.,1.,0.));
#7345 = DIRECTION('',(0.,0.,1.));
#7346 = ADVANCED_FACE('',(#7347),#7350,.T.);
#7347 = FACE_BOUND('',#7348,.T.);
#7348 = EDGE_LOOP('',(#7349));
#7349 = ORIENTED_EDGE('',*,*,#7288,.F.);
#7350 = PLANE('',#7351);
#7351 = AXIS2_PLACEMENT_3D('',#7352,#7353,#7354);
#7352 = CARTESIAN_POINT('',(59.,12.6,32.75));
#7353 = DIRECTION('',(-0.,-1.,-0.));
#7354 = DIRECTION('',(0.,0.,-1.));
#7355 = ADVANCED_FACE('',(#7356),#7366,.F.);
#7356 = FACE_BOUND('',#7357,.F.);
#7357 = EDGE_LOOP('',(#7358,#7359,#7364,#7365));
#7358 = ORIENTED_EDGE('',*,*,#6026,.T.);
#7359 = ORIENTED_EDGE('',*,*,#7360,.T.);
#7360 = EDGE_CURVE('',#6027,#6477,#7361,.T.);
#7361 = B_SPLINE_CURVE_WITH_KNOTS('',1,(#7362,#7363),.UNSPECIFIED.,.F.,
  .F.,(2,2),(0.,1.01),.PIECEWISE_BEZIER_KNOTS.);
#7362 = CARTESIAN_POINT('',(8.2,13.99,59.77));
#7363 = CARTESIAN_POINT('',(8.2,15.,59.77));
#7364 = ORIENTED_EDGE('',*,*,#6476,.F.);
#7365 = ORIENTED_EDGE('',*,*,#7360,.F.);
#7366 = CYLINDRICAL_SURFACE('',#7367,2.5);
#7367 = AXIS2_PLACEMENT_3D('',#7368,#7369,#7370);
#7368 = CARTESIAN_POINT('',(8.2,13.99,57.27));
#7369 = DIRECTION('',(0.,1.,0.));
#7370 = DIRECTION('',(0.,0.,1.));
#7371 = ADVANCED_FACE('',(#7372),#7382,.F.);
#7372 = FACE_BOUND('',#7373,.F.);
#7373 = EDGE_LOOP('',(#7374,#7375,#7380,#7381));
#7374 = ORIENTED_EDGE('',*,*,#5973,.T.);
#7375 = ORIENTED_EDGE('',*,*,#7376,.T.);
#7376 = EDGE_CURVE('',#5974,#6488,#7377,.T.);
#7377 = B_SPLINE_CURVE_WITH_KNOTS('',1,(#7378,#7379),.UNSPECIFIED.,.F.,
  .F.,(2,2),(0.,1.01),.PIECEWISE_BEZIER_KNOTS.);
#7378 = CARTESIAN_POINT('',(8.2,13.99,10.73));
#7379 = CARTESIAN_POINT('',(8.2,15.,10.73));
#7380 = ORIENTED_EDGE('',*,*,#6487,.F.);
#7381 = ORIENTED_EDGE('',*,*,#7376,.F.);
#7382 = CYLINDRICAL_SURFACE('',#7383,2.5);
#7383 = AXIS2_PLACEMENT_3D('',#7384,#7385,#7386);
#7384 = CARTESIAN_POINT('',(8.2,13.99,8.23));
#7385 = DIRECTION('',(0.,1.,0.));
#7386 = DIRECTION('',(0.,0.,1.));
#7387 = ADVANCED_FACE('',(#7388),#7398,.F.);
#7388 = FACE_BOUND('',#7389,.F.);
#7389 = EDGE_LOOP('',(#7390,#7391,#7396,#7397));
#7390 = ORIENTED_EDGE('',*,*,#7313,.T.);
#7391 = ORIENTED_EDGE('',*,*,#7392,.T.);
#7392 = EDGE_CURVE('',#7314,#6499,#7393,.T.);
#7393 = B_SPLINE_CURVE_WITH_KNOTS('',1,(#7394,#7395),.UNSPECIFIED.,.F.,
  .F.,(2,2),(0.,1.01),.PIECEWISE_BEZIER_KNOTS.);
#7394 = CARTESIAN_POINT('',(112.4,13.99,62.4));
#7395 = CARTESIAN_POINT('',(112.4,15.,62.4));
#7396 = ORIENTED_EDGE('',*,*,#6498,.F.);
#7397 = ORIENTED_EDGE('',*,*,#7392,.F.);
#7398 = CYLINDRICAL_SURFACE('',#7399,2.5);
#7399 = AXIS2_PLACEMENT_3D('',#7400,#7401,#7402);
#7400 = CARTESIAN_POINT('',(112.4,13.99,59.9));
#7401 = DIRECTION('',(0.,1.,0.));
#7402 = DIRECTION('',(0.,0.,1.));
#7403 = ADVANCED_FACE('',(#7404),#7414,.F.);
#7404 = FACE_BOUND('',#7405,.F.);
#7405 = EDGE_LOOP('',(#7406,#7407,#7412,#7413));
#7406 = ORIENTED_EDGE('',*,*,#5920,.T.);
#7407 = ORIENTED_EDGE('',*,*,#7408,.T.);
#7408 = EDGE_CURVE('',#5921,#6510,#7409,.T.);
#7409 = B_SPLINE_CURVE_WITH_KNOTS('',1,(#7410,#7411),.UNSPECIFIED.,.F.,
  .F.,(2,2),(0.,1.01),.PIECEWISE_BEZIER_KNOTS.);
#7410 = CARTESIAN_POINT('',(91.5,13.99,10.73));
#7411 = CARTESIAN_POINT('',(91.5,15.,10.73));
#7412 = ORIENTED_EDGE('',*,*,#6509,.F.);
#7413 = ORIENTED_EDGE('',*,*,#7408,.F.);
#7414 = CYLINDRICAL_SURFACE('',#7415,2.5);
#7415 = AXIS2_PLACEMENT_3D('',#7416,#7417,#7418);
#7416 = CARTESIAN_POINT('',(91.5,13.99,8.23));
#7417 = DIRECTION('',(0.,1.,0.));
#7418 = DIRECTION('',(0.,0.,1.));
#7419 = MANIFOLD_SOLID_BREP('',#7420);
#7420 = CLOSED_SHELL('',(#7421,#7488,#7513,#7555,#7595,#7605,#7614,#7639
    ));
#7421 = ADVANCED_FACE('',(#7422),#7483,.T.);
#7422 = FACE_BOUND('',#7423,.T.);
#7423 = EDGE_LOOP('',(#7424,#7433,#7441,#7450,#7458,#7467,#7475,#7482));
#7424 = ORIENTED_EDGE('',*,*,#7425,.T.);
#7425 = EDGE_CURVE('',#7426,#7426,#7428,.T.);
#7426 = VERTEX_POINT('',#7427);
#7427 = CARTESIAN_POINT('',(109.3,-0.6,14.8));
#7428 = CIRCLE('',#7429,3.7);
#7429 = AXIS2_PLACEMENT_3D('',#7430,#7431,#7432);
#7430 = CARTESIAN_POINT('',(109.3,-0.6,11.1));
#7431 = DIRECTION('',(0.,1.,0.));
#7432 = DIRECTION('',(0.,0.,1.));
#7433 = ORIENTED_EDGE('',*,*,#7434,.T.);
#7434 = EDGE_CURVE('',#7426,#7435,#7437,.T.);
#7435 = VERTEX_POINT('',#7436);
#7436 = CARTESIAN_POINT('',(109.3,1.8,14.8));
#7437 = LINE('',#7438,#7439);
#7438 = CARTESIAN_POINT('',(109.3,-1.,14.8));
#7439 = VECTOR('',#7440,1.);
#7440 = DIRECTION('',(0.,1.,0.));
#7441 = ORIENTED_EDGE('',*,*,#7442,.F.);
#7442 = EDGE_CURVE('',#7443,#7435,#7445,.T.);
#7443 = VERTEX_POINT('',#7444);
#7444 = CARTESIAN_POINT('',(105.81754397012,1.8,9.85));
#7445 = CIRCLE('',#7446,3.7);
#7446 = AXIS2_PLACEMENT_3D('',#7447,#7448,#7449);
#7447 = CARTESIAN_POINT('',(109.3,1.8,11.1));
#7448 = DIRECTION('',(0.,1.,0.));
#7449 = DIRECTION('',(0.,0.,1.));
#7450 = ORIENTED_EDGE('',*,*,#7451,.F.);
#7451 = EDGE_CURVE('',#7452,#7443,#7454,.T.);
#7452 = VERTEX_POINT('',#7453);
#7453 = CARTESIAN_POINT('',(105.81754397012,1.79,9.85));
#7454 = LINE('',#7455,#7456);
#7455 = CARTESIAN_POINT('',(105.81754397012,-1.,9.85));
#7456 = VECTOR('',#7457,1.);
#7457 = DIRECTION('',(0.,1.,0.));
#7458 = ORIENTED_EDGE('',*,*,#7459,.F.);
#7459 = EDGE_CURVE('',#7460,#7452,#7462,.T.);
#7460 = VERTEX_POINT('',#7461);
#7461 = CARTESIAN_POINT('',(112.78245602987,1.79,9.85));
#7462 = CIRCLE('',#7463,3.7);
#7463 = AXIS2_PLACEMENT_3D('',#7464,#7465,#7466);
#7464 = CARTESIAN_POINT('',(109.3,1.79,11.1));
#7465 = DIRECTION('',(0.,1.,0.));
#7466 = DIRECTION('',(0.,0.,1.));
#7467 = ORIENTED_EDGE('',*,*,#7468,.T.);
#7468 = EDGE_CURVE('',#7460,#7469,#7471,.T.);
#7469 = VERTEX_POINT('',#7470);
#7470 = CARTESIAN_POINT('',(112.78245602987,1.8,9.85));
#7471 = LINE('',#7472,#7473);
#7472 = CARTESIAN_POINT('',(112.78245602987,-1.,9.85));
#7473 = VECTOR('',#7474,1.);
#7474 = DIRECTION('',(0.,1.,0.));
#7475 = ORIENTED_EDGE('',*,*,#7476,.F.);
#7476 = EDGE_CURVE('',#7435,#7469,#7477,.T.);
#7477 = CIRCLE('',#7478,3.7);
#7478 = AXIS2_PLACEMENT_3D('',#7479,#7480,#7481);
#7479 = CARTESIAN_POINT('',(109.3,1.8,11.1));
#7480 = DIRECTION('',(0.,1.,0.));
#7481 = DIRECTION('',(0.,0.,1.));
#7482 = ORIENTED_EDGE('',*,*,#7434,.F.);
#7483 = CYLINDRICAL_SURFACE('',#7484,3.7);
#7484 = AXIS2_PLACEMENT_3D('',#7485,#7486,#7487);
#7485 = CARTESIAN_POINT('',(109.3,-1.,11.1));
#7486 = DIRECTION('',(0.,1.,0.));
#7487 = DIRECTION('',(0.,0.,1.));
#7488 = ADVANCED_FACE('',(#7489),#7508,.T.);
#7489 = FACE_BOUND('',#7490,.F.);
#7490 = EDGE_LOOP('',(#7491,#7499,#7500,#7501));
#7491 = ORIENTED_EDGE('',*,*,#7492,.F.);
#7492 = EDGE_CURVE('',#7426,#7493,#7495,.T.);
#7493 = VERTEX_POINT('',#7494);
#7494 = CARTESIAN_POINT('',(109.3,-1.,14.4));
#7495 = LINE('',#7496,#7497);
#7496 = CARTESIAN_POINT('',(109.3,-0.6,14.8));
#7497 = VECTOR('',#7498,1.);
#7498 = DIRECTION('',(-0.,-0.707106781187,-0.707106781187));
#7499 = ORIENTED_EDGE('',*,*,#7425,.T.);
#7500 = ORIENTED_EDGE('',*,*,#7492,.T.);
#7501 = ORIENTED_EDGE('',*,*,#7502,.F.);
#7502 = EDGE_CURVE('',#7493,#7493,#7503,.T.);
#7503 = CIRCLE('',#7504,3.3);
#7504 = AXIS2_PLACEMENT_3D('',#7505,#7506,#7507);
#7505 = CARTESIAN_POINT('',(109.3,-1.,11.1));
#7506 = DIRECTION('',(0.,1.,0.));
#7507 = DIRECTION('',(0.,0.,1.));
#7508 = CONICAL_SURFACE('',#7509,3.7,0.785398163397);
#7509 = AXIS2_PLACEMENT_3D('',#7510,#7511,#7512);
#7510 = CARTESIAN_POINT('',(109.3,-0.6,11.1));
#7511 = DIRECTION('',(0.,1.,0.));
#7512 = DIRECTION('',(0.,0.,1.));
#7513 = ADVANCED_FACE('',(#7514),#7550,.F.);
#7514 = FACE_BOUND('',#7515,.F.);
#7515 = EDGE_LOOP('',(#7516,#7527,#7536,#7542,#7543,#7544));
#7516 = ORIENTED_EDGE('',*,*,#7517,.T.);
#7517 = EDGE_CURVE('',#7518,#7520,#7522,.T.);
#7518 = VERTEX_POINT('',#7519);
#7519 = CARTESIAN_POINT('',(104.97709588355,1.8,9.85));
#7520 = VERTEX_POINT('',#7521);
#7521 = CARTESIAN_POINT('',(109.3,1.8,15.6));
#7522 = CIRCLE('',#7523,4.5);
#7523 = AXIS2_PLACEMENT_3D('',#7524,#7525,#7526);
#7524 = CARTESIAN_POINT('',(109.3,1.8,11.1));
#7525 = DIRECTION('',(0.,1.,0.));
#7526 = DIRECTION('',(0.,0.,1.));
#7527 = ORIENTED_EDGE('',*,*,#7528,.T.);
#7528 = EDGE_CURVE('',#7520,#7529,#7531,.T.);
#7529 = VERTEX_POINT('',#7530);
#7530 = CARTESIAN_POINT('',(113.62290411644,1.8,9.85));
#7531 = CIRCLE('',#7532,4.5);
#7532 = AXIS2_PLACEMENT_3D('',#7533,#7534,#7535);
#7533 = CARTESIAN_POINT('',(109.3,1.8,11.1));
#7534 = DIRECTION('',(0.,1.,0.));
#7535 = DIRECTION('',(0.,0.,1.));
#7536 = ORIENTED_EDGE('',*,*,#7537,.F.);
#7537 = EDGE_CURVE('',#7469,#7529,#7538,.T.);
#7538 = LINE('',#7539,#7540);
#7539 = CARTESIAN_POINT('',(104.3,1.8,9.85));
#7540 = VECTOR('',#7541,1.);
#7541 = DIRECTION('',(1.,0.,0.));
#7542 = ORIENTED_EDGE('',*,*,#7476,.F.);
#7543 = ORIENTED_EDGE('',*,*,#7442,.F.);
#7544 = ORIENTED_EDGE('',*,*,#7545,.F.);
#7545 = EDGE_CURVE('',#7518,#7443,#7546,.T.);
#7546 = LINE('',#7547,#7548);
#7547 = CARTESIAN_POINT('',(104.3,1.8,9.85));
#7548 = VECTOR('',#7549,1.);
#7549 = DIRECTION('',(1.,0.,0.));
#7550 = PLANE('',#7551);
#7551 = AXIS2_PLACEMENT_3D('',#7552,#7553,#7554);
#7552 = CARTESIAN_POINT('',(109.3,1.8,11.1));
#7553 = DIRECTION('',(0.,1.,0.));
#7554 = DIRECTION('',(0.,0.,1.));
#7555 = ADVANCED_FACE('',(#7556),#7590,.F.);
#7556 = FACE_BOUND('',#7557,.F.);
#7557 = EDGE_LOOP('',(#7558,#7559,#7565,#7566,#7567,#7575,#7583,#7589));
#7558 = ORIENTED_EDGE('',*,*,#7451,.F.);
#7559 = ORIENTED_EDGE('',*,*,#7560,.T.);
#7560 = EDGE_CURVE('',#7452,#7460,#7561,.T.);
#7561 = LINE('',#7562,#7563);
#7562 = CARTESIAN_POINT('',(99.3,1.79,9.85));
#7563 = VECTOR('',#7564,1.);
#7564 = DIRECTION('',(1.,0.,0.));
#7565 = ORIENTED_EDGE('',*,*,#7468,.T.);
#7566 = ORIENTED_EDGE('',*,*,#7537,.T.);
#7567 = ORIENTED_EDGE('',*,*,#7568,.T.);
#7568 = EDGE_CURVE('',#7529,#7569,#7571,.T.);
#7569 = VERTEX_POINT('',#7570);
#7570 = CARTESIAN_POINT('',(113.62290411644,3.4,9.85));
#7571 = LINE('',#7572,#7573);
#7572 = CARTESIAN_POINT('',(113.62290411644,1.8,9.85));
#7573 = VECTOR('',#7574,1.);
#7574 = DIRECTION('',(0.,1.,0.));
#7575 = ORIENTED_EDGE('',*,*,#7576,.F.);
#7576 = EDGE_CURVE('',#7577,#7569,#7579,.T.);
#7577 = VERTEX_POINT('',#7578);
#7578 = CARTESIAN_POINT('',(104.97709588355,3.4,9.85));
#7579 = LINE('',#7580,#7581);
#7580 = CARTESIAN_POINT('',(104.3,3.4,9.85));
#7581 = VECTOR('',#7582,1.);
#7582 = DIRECTION('',(1.,0.,0.));
#7583 = ORIENTED_EDGE('',*,*,#7584,.F.);
#7584 = EDGE_CURVE('',#7518,#7577,#7585,.T.);
#7585 = LINE('',#7586,#7587);
#7586 = CARTESIAN_POINT('',(104.97709588355,1.8,9.85));
#7587 = VECTOR('',#7588,1.);
#7588 = DIRECTION('',(0.,1.,0.));
#7589 = ORIENTED_EDGE('',*,*,#7545,.T.);
#7590 = PLANE('',#7591);
#7591 = AXIS2_PLACEMENT_3D('',#7592,#7593,#7594);
#7592 = CARTESIAN_POINT('',(99.3,1.79,9.85));
#7593 = DIRECTION('',(0.,0.,1.));
#7594 = DIRECTION('',(1.,0.,0.));
#7595 = ADVANCED_FACE('',(#7596),#7600,.T.);
#7596 = FACE_BOUND('',#7597,.T.);
#7597 = EDGE_LOOP('',(#7598,#7599));
#7598 = ORIENTED_EDGE('',*,*,#7560,.T.);
#7599 = ORIENTED_EDGE('',*,*,#7459,.T.);
#7600 = PLANE('',#7601);
#7601 = AXIS2_PLACEMENT_3D('',#7602,#7603,#7604);
#7602 = CARTESIAN_POINT('',(99.3,1.79,1.1));
#7603 = DIRECTION('',(0.,1.,0.));
#7604 = DIRECTION('',(0.,0.,1.));
#7605 = ADVANCED_FACE('',(#7606),#7609,.F.);
#7606 = FACE_BOUND('',#7607,.F.);
#7607 = EDGE_LOOP('',(#7608));
#7608 = ORIENTED_EDGE('',*,*,#7502,.T.);
#7609 = PLANE('',#7610);
#7610 = AXIS2_PLACEMENT_3D('',#7611,#7612,#7613);
#7611 = CARTESIAN_POINT('',(109.3,-1.,11.1));
#7612 = DIRECTION('',(0.,1.,0.));
#7613 = DIRECTION('',(0.,0.,1.));
#7614 = ADVANCED_FACE('',(#7615),#7634,.T.);
#7615 = FACE_BOUND('',#7616,.T.);
#7616 = EDGE_LOOP('',(#7617,#7626,#7633));
#7617 = ORIENTED_EDGE('',*,*,#7618,.T.);
#7618 = EDGE_CURVE('',#7577,#7619,#7621,.T.);
#7619 = VERTEX_POINT('',#7620);
#7620 = CARTESIAN_POINT('',(109.3,3.4,15.6));
#7621 = CIRCLE('',#7622,4.5);
#7622 = AXIS2_PLACEMENT_3D('',#7623,#7624,#7625);
#7623 = CARTESIAN_POINT('',(109.3,3.4,11.1));
#7624 = DIRECTION('',(0.,1.,0.));
#7625 = DIRECTION('',(0.,0.,1.));
#7626 = ORIENTED_EDGE('',*,*,#7627,.T.);
#7627 = EDGE_CURVE('',#7619,#7569,#7628,.T.);
#7628 = CIRCLE('',#7629,4.5);
#7629 = AXIS2_PLACEMENT_3D('',#7630,#7631,#7632);
#7630 = CARTESIAN_POINT('',(109.3,3.4,11.1));
#7631 = DIRECTION('',(0.,1.,0.));
#7632 = DIRECTION('',(0.,0.,1.));
#7633 = ORIENTED_EDGE('',*,*,#7576,.F.);
#7634 = PLANE('',#7635);
#7635 = AXIS2_PLACEMENT_3D('',#7636,#7637,#7638);
#7636 = CARTESIAN_POINT('',(109.3,3.4,11.1));
#7637 = DIRECTION('',(0.,1.,0.));
#7638 = DIRECTION('',(0.,0.,1.));
#7639 = ADVANCED_FACE('',(#7640),#7648,.T.);
#7640 = FACE_BOUND('',#7641,.T.);
#7641 = EDGE_LOOP('',(#7642,#7643,#7644,#7645,#7646,#7647));
#7642 = ORIENTED_EDGE('',*,*,#7528,.T.);
#7643 = ORIENTED_EDGE('',*,*,#7568,.T.);
#7644 = ORIENTED_EDGE('',*,*,#7627,.F.);
#7645 = ORIENTED_EDGE('',*,*,#7618,.F.);
#7646 = ORIENTED_EDGE('',*,*,#7584,.F.);
#7647 = ORIENTED_EDGE('',*,*,#7517,.T.);
#7648 = CYLINDRICAL_SURFACE('',#7649,4.5);
#7649 = AXIS2_PLACEMENT_3D('',#7650,#7651,#7652);
#7650 = CARTESIAN_POINT('',(109.3,1.8,11.1));
#7651 = DIRECTION('',(0.,1.,0.));
#7652 = DIRECTION('',(0.,0.,1.));
#7653 = ( GEOMETRIC_REPRESENTATION_CONTEXT(3) 
GLOBAL_UNCERTAINTY_ASSIGNED_CONTEXT((#7657)) 
GLOBAL_UNIT_ASSIGNED_CONTEXT((#7654,#7655,#7656)) REPRESENTATION_CONTEXT
('Context #1','3D Context with UNIT and UNCERTAINTY') );
#7654 = ( LENGTH_UNIT() NAMED_UNIT(*) SI_UNIT(.MILLI.,.METRE.) );
#7655 = ( NAMED_UNIT(*) PLANE_ANGLE_UNIT() SI_UNIT($,.RADIAN.) );
#7656 = ( NAMED_UNIT(*) SI_UNIT($,.STERADIAN.) SOLID_ANGLE_UNIT() );
#7657 = UNCERTAINTY_MEASURE_WITH_UNIT(LENGTH_MEASURE(2.E-07),#7654,
  'distance_accuracy_value','confusion accuracy');
#7658 = PRODUCT_RELATED_PRODUCT_CATEGORY('part',$,(#7));
ENDSEC;
END-ISO-10303-21;
